date;va;pwm;temp
2021-11-24 00:00:04;410;0;15,75
2021-11-24 00:00:09;410;0;15,75
2021-11-24 00:00:14;410;0;15,75
2021-11-24 00:00:19;400;0;15,75
2021-11-24 00:00:24;410;0;15,75
2021-11-24 00:00:29;410;0;15,75
2021-11-24 00:00:34;410;0;15,75
2021-11-24 00:00:39;410;0;15,75
2021-11-24 00:00:44;420;0;15,75
2021-11-24 00:00:49;410;0;15,75
2021-11-24 00:00:54;420;0;15,75
2021-11-24 00:00:59;420;0;15,75
2021-11-24 00:01:04;410;0;15,75
2021-11-24 00:01:09;410;0;15,75
2021-11-24 00:01:14;410;0;15,75
2021-11-24 00:01:19;410;0;15,75
2021-11-24 00:01:24;420;0;15,75
2021-11-24 00:01:29;410;0;15,75
2021-11-24 00:01:34;410;0;15,75
2021-11-24 00:01:39;410;0;15,75
2021-11-24 00:01:44;410;0;15,75
2021-11-24 00:01:49;420;0;15,75
2021-11-24 00:01:54;410;0;15,75
2021-11-24 00:01:59;410;0;15,75
2021-11-24 00:02:04;410;0;15,75
2021-11-24 00:02:09;410;0;15,75
2021-11-24 00:02:14;410;0;15,75
2021-11-24 00:02:19;410;0;15,75
2021-11-24 00:02:24;410;0;15,75
2021-11-24 00:02:29;410;0;15,75
2021-11-24 00:02:34;410;0;15,75
2021-11-24 00:02:39;410;0;15,75
2021-11-24 00:02:44;410;0;15,75
2021-11-24 00:02:49;410;0;15,75
2021-11-24 00:02:54;410;0;15,75
2021-11-24 00:02:59;410;0;15,75
2021-11-24 00:03:04;410;0;15,75
2021-11-24 00:03:09;410;0;15,75
2021-11-24 00:03:14;410;0;15,75
2021-11-24 00:03:19;410;0;15,75
2021-11-24 00:03:24;410;0;15,75
2021-11-24 00:03:29;410;0;15,75
2021-11-24 00:03:34;410;0;15,75
2021-11-24 00:03:39;410;0;15,75
2021-11-24 00:03:44;410;0;15,75
2021-11-24 00:03:49;410;0;15,75
2021-11-24 00:03:54;410;0;15,75
2021-11-24 00:03:59;410;0;15,75
2021-11-24 00:04:04;410;0;15,75
2021-11-24 00:04:09;410;0;15,75
2021-11-24 00:04:14;410;0;15,75
2021-11-24 00:04:19;410;0;15,75
2021-11-24 00:04:24;410;0;15,75
2021-11-24 00:04:29;750;0;15,75
2021-11-24 00:04:34;830;0;15,75
2021-11-24 00:04:39;860;0;15,75
2021-11-24 00:04:44;860;0;15,75
2021-11-24 00:04:49;850;0;15,75
2021-11-24 00:04:54;860;0;15,75
2021-11-24 00:04:59;820;0;15,75
2021-11-24 00:05:04;410;0;15,75
2021-11-24 00:05:09;410;0;15,75
2021-11-24 00:05:14;410;0;15,75
2021-11-24 00:05:19;410;0;15,75
2021-11-24 00:05:24;410;0;15,75
2021-11-24 00:05:29;410;0;15,75
2021-11-24 00:05:34;400;0;15,75
2021-11-24 00:05:39;410;0;15,75
2021-11-24 00:05:44;410;0;15,75
2021-11-24 00:05:49;410;0;15,75
2021-11-24 00:05:54;410;0;15,75
2021-11-24 00:05:59;410;0;15,75
2021-11-24 00:06:04;410;0;15,75
2021-11-24 00:06:09;410;0;15,75
2021-11-24 00:06:14;410;0;15,75
2021-11-24 00:06:19;410;0;15,75
2021-11-24 00:06:24;410;0;15,75
2021-11-24 00:06:29;410;0;15,75
2021-11-24 00:06:34;410;0;15,75
2021-11-24 00:06:39;410;0;15,75
2021-11-24 00:06:44;410;0;15,75
2021-11-24 00:06:49;410;0;15,75
2021-11-24 00:06:54;410;0;15,75
2021-11-24 00:06:59;410;0;15,75
2021-11-24 00:07:04;420;0;15,75
2021-11-24 00:07:09;410;0;15,75
2021-11-24 00:07:14;410;0;15,75
2021-11-24 00:07:19;410;0;15,75
2021-11-24 00:07:24;410;0;15,75
2021-11-24 00:07:29;410;0;15,75
2021-11-24 00:07:34;410;0;15,75
2021-11-24 00:07:39;410;0;15,75
2021-11-24 00:07:44;410;0;15,75
2021-11-24 00:07:49;410;0;15,75
2021-11-24 00:07:54;410;0;15,75
2021-11-24 00:07:59;410;0;15,75
2021-11-24 00:08:04;410;0;15,75
2021-11-24 00:08:09;410;0;15,75
2021-11-24 00:08:14;410;0;15,75
2021-11-24 00:08:19;410;0;15,75
2021-11-24 00:08:24;410;0;15,75
2021-11-24 00:08:29;410;0;15,75
2021-11-24 00:08:34;410;0;15,75
2021-11-24 00:08:39;410;0;15,75
2021-11-24 00:08:44;410;0;15,75
2021-11-24 00:08:49;410;0;15,75
2021-11-24 00:08:54;410;0;15,75
2021-11-24 00:08:59;410;0;15,75
2021-11-24 00:09:04;410;0;15,75
2021-11-24 00:09:09;410;0;15,75
2021-11-24 00:09:14;410;0;15,75
2021-11-24 00:09:19;410;0;15,75
2021-11-24 00:09:24;410;0;15,75
2021-11-24 00:09:29;410;0;15,75
2021-11-24 00:09:34;410;0;15,75
2021-11-24 00:09:39;410;0;15,75
2021-11-24 00:09:44;410;0;15,75
2021-11-24 00:09:49;410;0;15,75
2021-11-24 00:09:54;410;0;15,75
2021-11-24 00:09:59;410;0;15,75
2021-11-24 00:10:04;410;0;15,75
2021-11-24 00:10:09;410;0;15,75
2021-11-24 00:10:14;410;0;15,75
2021-11-24 00:10:19;410;0;15,75
2021-11-24 00:10:24;410;0;15,75
2021-11-24 00:10:29;400;0;15,75
2021-11-24 00:10:34;410;0;15,75
2021-11-24 00:10:39;410;0;15,75
2021-11-24 00:10:44;410;0;15,75
2021-11-24 00:10:49;410;0;15,75
2021-11-24 00:10:54;400;0;15,75
2021-11-24 00:10:59;410;0;15,75
2021-11-24 00:11:04;410;0;15,75
2021-11-24 00:11:09;380;0;15,75
2021-11-24 00:11:14;380;0;15,75
2021-11-24 00:11:19;380;0;15,75
2021-11-24 00:11:24;380;0;15,75
2021-11-24 00:11:30;380;0;15,75
2021-11-24 00:11:34;380;0;15,75
2021-11-24 00:11:39;380;0;15,75
2021-11-24 00:11:44;380;0;15,75
2021-11-24 00:11:49;380;0;15,75
2021-11-24 00:11:54;380;0;15,75
2021-11-24 00:11:59;380;0;15,75
2021-11-24 00:12:04;380;0;15,75
2021-11-24 00:12:09;380;0;15,75
2021-11-24 00:12:14;380;0;15,75
2021-11-24 00:12:19;380;0;15,75
2021-11-24 00:12:24;380;0;15,75
2021-11-24 00:12:29;380;0;15,75
2021-11-24 00:12:34;380;0;15,75
2021-11-24 00:12:39;380;0;15,75
2021-11-24 00:12:44;380;0;15,75
2021-11-24 00:12:49;380;0;15,75
2021-11-24 00:12:54;380;0;15,75
2021-11-24 00:12:59;380;0;15,75
2021-11-24 00:13:04;380;0;15,75
2021-11-24 00:13:09;380;0;15,75
2021-11-24 00:13:14;380;0;15,75
2021-11-24 00:13:19;380;0;15,75
2021-11-24 00:13:24;380;0;15,75
2021-11-24 00:13:29;810;0;15,75
2021-11-24 00:13:34;380;0;15,75
2021-11-24 00:13:39;380;0;15,75
2021-11-24 00:13:44;380;0;15,75
2021-11-24 00:13:49;380;0;15,75
2021-11-24 00:13:54;390;0;15,75
2021-11-24 00:13:59;380;0;15,75
2021-11-24 00:14:04;380;0;15,75
2021-11-24 00:14:09;380;0;15,75
2021-11-24 00:14:14;380;0;15,75
2021-11-24 00:14:19;380;0;15,75
2021-11-24 00:14:24;380;0;15,75
2021-11-24 00:14:29;380;0;15,75
2021-11-24 00:14:34;380;0;15,75
2021-11-24 00:14:39;380;0;15,75
2021-11-24 00:14:44;380;0;15,75
2021-11-24 00:14:49;380;0;15,75
2021-11-24 00:14:54;380;0;15,75
2021-11-24 00:14:59;380;0;15,75
2021-11-24 00:15:04;380;0;15,75
2021-11-24 00:15:09;380;0;15,75
2021-11-24 00:15:14;380;0;15,75
2021-11-24 00:15:19;370;0;15,75
2021-11-24 00:15:24;380;0;15,75
2021-11-24 00:15:29;750;0;15,75
2021-11-24 00:15:34;800;0;15,75
2021-11-24 00:15:39;790;0;15,75
2021-11-24 00:15:44;790;0;15,75
2021-11-24 00:15:49;810;0;15,75
2021-11-24 00:15:54;790;0;15,75
2021-11-24 00:15:59;380;0;15,75
2021-11-24 00:16:04;380;0;15,75
2021-11-24 00:16:09;380;0;15,75
2021-11-24 00:16:14;380;0;15,75
2021-11-24 00:16:19;380;0;15,75
2021-11-24 00:16:24;380;0;15,75
2021-11-24 00:16:29;380;0;15,75
2021-11-24 00:16:34;380;0;15,75
2021-11-24 00:16:39;380;0;15,75
2021-11-24 00:16:44;380;0;15,75
2021-11-24 00:16:49;380;0;15,75
2021-11-24 00:16:54;370;0;15,75
2021-11-24 00:16:59;380;0;15,75
2021-11-24 00:17:04;380;0;15,75
2021-11-24 00:17:09;380;0;15,75
2021-11-24 00:17:14;380;0;15,75
2021-11-24 00:17:19;380;0;15,75
2021-11-24 00:17:24;380;0;15,75
2021-11-24 00:17:29;380;0;15,75
2021-11-24 00:17:34;380;0;15,75
2021-11-24 00:17:39;380;0;15,75
2021-11-24 00:17:44;380;0;15,75
2021-11-24 00:17:49;380;0;15,75
2021-11-24 00:17:54;380;0;15,75
2021-11-24 00:17:59;380;0;15,75
2021-11-24 00:18:04;380;0;15,75
2021-11-24 00:18:09;380;0;15,75
2021-11-24 00:18:14;380;0;15,75
2021-11-24 00:18:19;380;0;15,75
2021-11-24 00:18:24;380;0;15,75
2021-11-24 00:18:29;380;0;15,75
2021-11-24 00:18:34;380;0;15,75
2021-11-24 00:18:39;380;0;15,75
2021-11-24 00:18:44;380;0;15,75
2021-11-24 00:18:49;380;0;15,75
2021-11-24 00:18:54;380;0;15,75
2021-11-24 00:18:59;380;0;15,75
2021-11-24 00:19:04;380;0;15,75
2021-11-24 00:19:09;380;0;15,75
2021-11-24 00:19:14;380;0;15,75
2021-11-24 00:19:19;370;0;15,75
2021-11-24 00:19:24;370;0;15,75
2021-11-24 00:19:29;370;0;15,75
2021-11-24 00:19:34;380;0;15,75
2021-11-24 00:19:39;370;0;15,75
2021-11-24 00:19:44;370;0;15,75
2021-11-24 00:19:49;370;0;15,75
2021-11-24 00:19:54;380;0;15,75
2021-11-24 00:19:59;390;0;15,75
2021-11-24 00:20:04;380;0;15,75
2021-11-24 00:20:09;380;0;15,75
2021-11-24 00:20:14;380;0;15,75
2021-11-24 00:20:19;380;0;15,75
2021-11-24 00:20:24;380;0;15,75
2021-11-24 00:20:29;380;0;15,75
2021-11-24 00:20:34;380;0;15,75
2021-11-24 00:20:39;380;0;15,75
2021-11-24 00:20:44;370;0;15,75
2021-11-24 00:20:49;380;0;15,75
2021-11-24 00:20:54;370;0;15,75
2021-11-24 00:20:59;370;0;15,75
2021-11-24 00:21:04;370;0;15,75
2021-11-24 00:21:09;370;0;15,75
2021-11-24 00:21:14;370;0;15,75
2021-11-24 00:21:19;370;0;15,75
2021-11-24 00:21:24;370;0;15,75
2021-11-24 00:21:29;370;0;15,75
2021-11-24 00:21:34;370;0;15,75
2021-11-24 00:21:39;370;0;15,75
2021-11-24 00:21:44;370;0;15,75
2021-11-24 00:21:49;370;0;15,75
2021-11-24 00:21:54;370;0;15,75
2021-11-24 00:21:59;370;0;15,75
2021-11-24 00:22:04;370;0;15,75
2021-11-24 00:22:09;370;0;15,75
2021-11-24 00:22:14;370;0;15,75
2021-11-24 00:22:19;370;0;15,75
2021-11-24 00:22:24;370;0;15,75
2021-11-24 00:22:29;370;0;15,75
2021-11-24 00:22:34;370;0;15,75
2021-11-24 00:22:39;370;0;15,75
2021-11-24 00:22:44;370;0;15,75
2021-11-24 00:22:49;380;0;15,75
2021-11-24 00:22:54;370;0;15,75
2021-11-24 00:22:59;370;0;15,75
2021-11-24 00:23:04;370;0;15,75
2021-11-24 00:23:09;380;0;15,75
2021-11-24 00:23:14;370;0;15,75
2021-11-24 00:23:19;370;0;15,75
2021-11-24 00:23:24;370;0;15,75
2021-11-24 00:23:29;370;0;15,75
2021-11-24 00:23:34;370;0;15,75
2021-11-24 00:23:39;370;0;15,75
2021-11-24 00:23:44;370;0;15,75
2021-11-24 00:23:49;370;0;15,75
2021-11-24 00:23:54;370;0;15,75
2021-11-24 00:23:59;380;0;15,75
2021-11-24 00:24:04;370;0;15,75
2021-11-24 00:24:09;370;0;15,75
2021-11-24 00:24:14;380;0;15,75
2021-11-24 00:24:19;370;0;15,75
2021-11-24 00:24:24;370;0;15,75
2021-11-24 00:24:29;370;0;15,75
2021-11-24 00:24:34;380;0;15,75
2021-11-24 00:24:39;370;0;15,75
2021-11-24 00:24:44;370;0;15,75
2021-11-24 00:24:49;380;0;15,75
2021-11-24 00:24:54;370;0;15,75
2021-11-24 00:24:59;380;0;15,75
2021-11-24 00:25:04;370;0;15,75
2021-11-24 00:25:09;370;0;15,75
2021-11-24 00:25:14;370;0;15,75
2021-11-24 00:25:19;370;0;15,75
2021-11-24 00:25:24;380;0;15,75
2021-11-24 00:25:29;380;0;15,75
2021-11-24 00:25:34;370;0;15,75
2021-11-24 00:25:39;370;0;15,75
2021-11-24 00:25:44;370;0;15,75
2021-11-24 00:25:49;380;0;15,75
2021-11-24 00:25:54;380;0;15,75
2021-11-24 00:25:59;380;0;15,75
2021-11-24 00:26:04;370;0;15,75
2021-11-24 00:26:09;370;0;15,75
2021-11-24 00:26:14;370;0;15,75
2021-11-24 00:26:19;370;0;15,75
2021-11-24 00:26:24;680;0;15,75
2021-11-24 00:26:29;750;0;15,75
2021-11-24 00:26:34;780;0;15,75
2021-11-24 00:26:39;790;0;15,75
2021-11-24 00:26:44;780;0;15,75
2021-11-24 00:26:49;790;0;15,75
2021-11-24 00:26:54;370;0;15,75
2021-11-24 00:26:59;370;0;15,75
2021-11-24 00:27:04;370;0;15,75
2021-11-24 00:27:09;370;0;15,75
2021-11-24 00:27:14;370;0;15,75
2021-11-24 00:27:19;370;0;15,75
2021-11-24 00:27:24;370;0;15,75
2021-11-24 00:27:29;380;0;15,75
2021-11-24 00:27:34;370;0;15,75
2021-11-24 00:27:39;370;0;15,75
2021-11-24 00:27:44;370;0;15,75
2021-11-24 00:27:49;370;0;15,75
2021-11-24 00:27:54;370;0;15,75
2021-11-24 00:27:59;370;0;15,50
2021-11-24 00:28:04;370;0;15,50
2021-11-24 00:28:09;380;0;15,75
2021-11-24 00:28:14;370;0;15,75
2021-11-24 00:28:19;370;0;15,50
2021-11-24 00:28:24;370;0;15,75
2021-11-24 00:28:29;380;0;15,75
2021-11-24 00:28:34;380;0;15,75
2021-11-24 00:28:39;370;0;15,50
2021-11-24 00:28:44;370;0;15,50
2021-11-24 00:28:49;380;0;15,50
2021-11-24 00:28:54;380;0;15,75
2021-11-24 00:28:59;370;0;15,75
2021-11-24 00:29:04;370;0;15,75
2021-11-24 00:29:09;370;0;15,75
2021-11-24 00:29:14;370;0;15,50
2021-11-24 00:29:19;370;0;15,75
2021-11-24 00:29:24;370;0;15,50
2021-11-24 00:29:29;380;0;15,75
2021-11-24 00:29:34;380;0;15,75
2021-11-24 00:29:39;380;0;15,75
2021-11-24 00:29:44;380;0;15,75
2021-11-24 00:29:49;380;0;15,75
2021-11-24 00:29:54;370;0;15,75
2021-11-24 00:29:59;370;0;15,50
2021-11-24 00:30:04;370;0;15,75
2021-11-24 00:30:09;370;0;15,50
2021-11-24 00:30:14;370;0;15,75
2021-11-24 00:30:19;370;0;15,75
2021-11-24 00:30:24;370;0;15,75
2021-11-24 00:30:29;370;0;15,75
2021-11-24 00:30:34;370;0;15,75
2021-11-24 00:30:39;370;0;15,50
2021-11-24 00:30:44;370;0;15,50
2021-11-24 00:30:49;370;0;15,50
2021-11-24 00:30:54;370;0;15,75
2021-11-24 00:30:59;370;0;15,50
2021-11-24 00:31:04;370;0;15,50
2021-11-24 00:31:09;370;0;15,75
2021-11-24 00:31:14;370;0;15,75
2021-11-24 00:31:19;370;0;15,50
2021-11-24 00:31:24;370;0;15,50
2021-11-24 00:31:29;370;0;15,75
2021-11-24 00:31:34;370;0;15,50
2021-11-24 00:31:39;370;0;15,50
2021-11-24 00:31:44;370;0;15,50
2021-11-24 00:31:49;380;0;15,50
2021-11-24 00:31:54;380;0;15,50
2021-11-24 00:31:59;370;0;15,50
2021-11-24 00:32:04;370;0;15,50
2021-11-24 00:32:09;380;0;15,75
2021-11-24 00:32:14;380;0;15,50
2021-11-24 00:32:19;370;0;15,50
2021-11-24 00:32:24;370;0;15,75
2021-11-24 00:32:29;380;0;15,50
2021-11-24 00:32:34;380;0;15,50
2021-11-24 00:32:39;380;0;15,50
2021-11-24 00:32:44;370;0;15,50
2021-11-24 00:32:49;380;0;15,50
2021-11-24 00:32:54;370;0;15,50
2021-11-24 00:32:59;370;0;15,50
2021-11-24 00:33:04;380;0;15,50
2021-11-24 00:33:09;380;0;15,50
2021-11-24 00:33:14;370;0;15,50
2021-11-24 00:33:19;370;0;15,50
2021-11-24 00:33:24;370;0;15,50
2021-11-24 00:33:29;370;0;15,50
2021-11-24 00:33:34;370;0;15,50
2021-11-24 00:33:39;380;0;15,50
2021-11-24 00:33:44;380;0;15,50
2021-11-24 00:33:49;380;0;15,75
2021-11-24 00:33:54;370;0;15,50
2021-11-24 00:33:59;370;0;15,50
2021-11-24 00:34:04;370;0;15,50
2021-11-24 00:34:09;380;0;15,75
2021-11-24 00:34:14;370;0;15,50
2021-11-24 00:34:19;370;0;15,50
2021-11-24 00:34:24;370;0;15,75
2021-11-24 00:34:29;370;0;15,50
2021-11-24 00:34:34;380;0;15,50
2021-11-24 00:34:39;380;0;15,50
2021-11-24 00:34:44;380;0;15,50
2021-11-24 00:34:49;380;0;15,50
2021-11-24 00:34:54;380;0;15,50
2021-11-24 00:34:59;380;0;15,50
2021-11-24 00:35:04;380;0;15,50
2021-11-24 00:35:09;380;0;15,50
2021-11-24 00:35:14;380;0;15,50
2021-11-24 00:35:19;380;0;15,50
2021-11-24 00:35:24;380;0;15,50
2021-11-24 00:35:29;380;0;15,50
2021-11-24 00:35:34;380;0;15,50
2021-11-24 00:35:39;380;0;15,50
2021-11-24 00:35:44;380;0;15,50
2021-11-24 00:35:49;370;0;15,50
2021-11-24 00:35:54;380;0;15,50
2021-11-24 00:35:59;380;0;15,50
2021-11-24 00:36:04;380;0;15,50
2021-11-24 00:36:09;380;0;15,50
2021-11-24 00:36:14;380;0;15,50
2021-11-24 00:36:19;380;0;15,50
2021-11-24 00:36:24;380;0;15,50
2021-11-24 00:36:29;380;0;15,50
2021-11-24 00:36:34;380;0;15,50
2021-11-24 00:36:39;380;0;15,50
2021-11-24 00:36:44;380;0;15,50
2021-11-24 00:36:49;380;0;15,50
2021-11-24 00:36:54;370;0;15,50
2021-11-24 00:36:59;380;0;15,50
2021-11-24 00:37:04;380;0;15,50
2021-11-24 00:37:09;380;0;15,50
2021-11-24 00:37:14;380;0;15,50
2021-11-24 00:37:19;700;0;15,50
2021-11-24 00:37:24;770;0;15,50
2021-11-24 00:37:29;790;0;15,50
2021-11-24 00:37:34;790;0;15,50
2021-11-24 00:37:39;780;0;15,50
2021-11-24 00:37:44;790;0;15,50
2021-11-24 00:37:49;380;0;15,50
2021-11-24 00:37:54;380;0;15,50
2021-11-24 00:37:59;380;0;15,50
2021-11-24 00:38:04;380;0;15,50
2021-11-24 00:38:09;380;0;15,50
2021-11-24 00:38:14;370;0;15,50
2021-11-24 00:38:19;380;0;15,50
2021-11-24 00:38:24;380;0;15,50
2021-11-24 00:38:29;380;0;15,50
2021-11-24 00:38:34;370;0;15,50
2021-11-24 00:38:39;370;0;15,50
2021-11-24 00:38:44;370;0;15,50
2021-11-24 00:38:49;380;0;15,50
2021-11-24 00:38:54;370;0;15,50
2021-11-24 00:38:59;370;0;15,50
2021-11-24 00:39:04;370;0;15,50
2021-11-24 00:39:09;380;0;15,50
2021-11-24 00:39:14;370;0;15,50
2021-11-24 00:39:19;380;0;15,50
2021-11-24 00:39:24;380;0;15,50
2021-11-24 00:39:29;380;0;15,50
2021-11-24 00:39:34;370;0;15,50
2021-11-24 00:39:39;370;0;15,50
2021-11-24 00:39:44;380;0;15,50
2021-11-24 00:39:49;370;0;15,50
2021-11-24 00:39:54;370;0;15,50
2021-11-24 00:39:59;380;0;15,50
2021-11-24 00:40:04;370;0;15,50
2021-11-24 00:40:09;370;0;15,50
2021-11-24 00:40:14;370;0;15,50
2021-11-24 00:40:19;370;0;15,50
2021-11-24 00:40:24;370;0;15,50
2021-11-24 00:40:29;370;0;15,50
2021-11-24 00:40:34;370;0;15,50
2021-11-24 00:40:39;370;0;15,50
2021-11-24 00:40:44;370;0;15,50
2021-11-24 00:40:49;370;0;15,50
2021-11-24 00:40:54;370;0;15,50
2021-11-24 00:40:59;370;0;15,50
2021-11-24 00:41:04;370;0;15,50
2021-11-24 00:41:09;370;0;15,50
2021-11-24 00:41:14;370;0;15,50
2021-11-24 00:41:19;370;0;15,50
2021-11-24 00:41:24;370;0;15,50
2021-11-24 00:41:29;370;0;15,50
2021-11-24 00:41:34;370;0;15,50
2021-11-24 00:41:39;360;0;15,50
2021-11-24 00:41:44;370;0;15,50
2021-11-24 00:41:49;370;0;15,50
2021-11-24 00:41:54;370;0;15,50
2021-11-24 00:41:59;370;0;15,50
2021-11-24 00:42:04;370;0;15,50
2021-11-24 00:42:09;370;0;15,50
2021-11-24 00:42:14;370;0;15,50
2021-11-24 00:42:19;370;0;15,50
2021-11-24 00:42:24;370;0;15,50
2021-11-24 00:42:29;370;0;15,50
2021-11-24 00:42:34;370;0;15,50
2021-11-24 00:42:39;370;0;15,50
2021-11-24 00:42:44;370;0;15,50
2021-11-24 00:42:49;370;0;15,50
2021-11-24 00:42:54;360;0;15,50
2021-11-24 00:42:59;370;0;15,50
2021-11-24 00:43:04;370;0;15,50
2021-11-24 00:43:09;370;0;15,50
2021-11-24 00:43:14;370;0;15,50
2021-11-24 00:43:19;370;0;15,50
2021-11-24 00:43:24;370;0;15,50
2021-11-24 00:43:29;370;0;15,50
2021-11-24 00:43:34;370;0;15,50
2021-11-24 00:43:39;370;0;15,50
2021-11-24 00:43:44;370;0;15,50
2021-11-24 00:43:49;380;0;15,50
2021-11-24 00:43:54;370;0;15,50
2021-11-24 00:43:59;370;0;15,50
2021-11-24 00:44:04;370;0;15,50
2021-11-24 00:44:09;370;0;15,50
2021-11-24 00:44:14;370;0;15,50
2021-11-24 00:44:19;370;0;15,50
2021-11-24 00:44:24;370;0;15,50
2021-11-24 00:44:29;370;0;15,50
2021-11-24 00:44:34;370;0;15,50
2021-11-24 00:44:39;370;0;15,50
2021-11-24 00:44:44;370;0;15,50
2021-11-24 00:44:49;370;0;15,50
2021-11-24 00:44:54;370;0;15,50
2021-11-24 00:44:59;370;0;15,50
2021-11-24 00:45:04;370;0;15,50
2021-11-24 00:45:09;370;0;15,50
2021-11-24 00:45:14;370;0;15,50
2021-11-24 00:45:19;380;0;15,50
2021-11-24 00:45:24;370;0;15,50
2021-11-24 00:45:29;370;0;15,50
2021-11-24 00:45:34;370;0;15,50
2021-11-24 00:45:39;370;0;15,50
2021-11-24 00:45:44;370;0;15,50
2021-11-24 00:45:49;370;0;15,50
2021-11-24 00:45:54;370;0;15,50
2021-11-24 00:45:59;370;0;15,50
2021-11-24 00:46:04;370;0;15,50
2021-11-24 00:46:09;370;0;15,50
2021-11-24 00:46:14;370;0;15,50
2021-11-24 00:46:19;380;0;15,50
2021-11-24 00:46:24;380;0;15,50
2021-11-24 00:46:29;370;0;15,50
2021-11-24 00:46:34;370;0;15,50
2021-11-24 00:46:39;370;0;15,50
2021-11-24 00:46:44;370;0;15,50
2021-11-24 00:46:49;370;0;15,50
2021-11-24 00:46:54;360;0;15,50
2021-11-24 00:46:59;370;0;15,50
2021-11-24 00:47:04;370;0;15,50
2021-11-24 00:47:09;370;0;15,50
2021-11-24 00:47:14;370;0;15,50
2021-11-24 00:47:19;370;0;15,50
2021-11-24 00:47:24;370;0;15,50
2021-11-24 00:47:29;370;0;15,50
2021-11-24 00:47:34;370;0;15,50
2021-11-24 00:47:39;370;0;15,50
2021-11-24 00:47:44;370;0;15,50
2021-11-24 00:47:49;370;0;15,50
2021-11-24 00:47:54;370;0;15,50
2021-11-24 00:47:59;370;0;15,50
2021-11-24 00:48:04;370;0;15,50
2021-11-24 00:48:09;370;0;15,50
2021-11-24 00:48:14;690;0;15,50
2021-11-24 00:48:19;770;0;15,50
2021-11-24 00:48:24;780;0;15,50
2021-11-24 00:48:29;790;0;15,50
2021-11-24 00:48:34;780;0;15,50
2021-11-24 00:48:39;780;0;15,50
2021-11-24 00:48:44;370;0;15,50
2021-11-24 00:48:49;370;0;15,50
2021-11-24 00:48:54;370;0;15,50
2021-11-24 00:48:59;370;0;15,50
2021-11-24 00:49:04;370;0;15,50
2021-11-24 00:49:09;370;0;15,50
2021-11-24 00:49:14;370;0;15,50
2021-11-24 00:49:19;370;0;15,50
2021-11-24 00:49:24;370;0;15,50
2021-11-24 00:49:29;370;0;15,50
2021-11-24 00:49:34;370;0;15,50
2021-11-24 00:49:39;370;0;15,50
2021-11-24 00:49:44;370;0;15,50
2021-11-24 00:49:49;370;0;15,50
2021-11-24 00:49:54;370;0;15,50
2021-11-24 00:49:59;370;0;15,50
2021-11-24 00:50:04;370;0;15,50
2021-11-24 00:50:09;380;0;15,50
2021-11-24 00:50:14;370;0;15,50
2021-11-24 00:50:19;370;0;15,50
2021-11-24 00:50:24;370;0;15,50
2021-11-24 00:50:29;370;0;15,50
2021-11-24 00:50:34;370;0;15,50
2021-11-24 00:50:39;380;0;15,50
2021-11-24 00:50:44;370;0;15,50
2021-11-24 00:50:49;370;0;15,50
2021-11-24 00:50:54;370;0;15,50
2021-11-24 00:50:59;370;0;15,50
2021-11-24 00:51:04;370;0;15,50
2021-11-24 00:51:09;370;0;15,50
2021-11-24 00:51:14;370;0;15,50
2021-11-24 00:51:19;370;0;15,50
2021-11-24 00:51:24;370;0;15,50
2021-11-24 00:51:29;370;0;15,50
2021-11-24 00:51:34;370;0;15,50
2021-11-24 00:51:39;370;0;15,50
2021-11-24 00:51:44;370;0;15,50
2021-11-24 00:51:49;380;0;15,50
2021-11-24 00:51:54;370;0;15,50
2021-11-24 00:51:59;380;0;15,50
2021-11-24 00:52:04;370;0;15,50
2021-11-24 00:52:09;370;0;15,50
2021-11-24 00:52:14;370;0;15,50
2021-11-24 00:52:19;370;0;15,50
2021-11-24 00:52:24;370;0;15,50
2021-11-24 00:52:29;370;0;15,50
2021-11-24 00:52:34;370;0;15,50
2021-11-24 00:52:39;370;0;15,50
2021-11-24 00:52:44;370;0;15,50
2021-11-24 00:52:49;370;0;15,50
2021-11-24 00:52:54;370;0;15,50
2021-11-24 00:52:59;370;0;15,50
2021-11-24 00:53:04;400;0;15,50
2021-11-24 00:53:09;400;0;15,50
2021-11-24 00:53:14;400;0;15,50
2021-11-24 00:53:19;410;0;15,50
2021-11-24 00:53:24;400;0;15,50
2021-11-24 00:53:29;400;0;15,50
2021-11-24 00:53:34;400;0;15,50
2021-11-24 00:53:39;400;0;15,50
2021-11-24 00:53:44;400;0;15,50
2021-11-24 00:53:49;400;0;15,50
2021-11-24 00:53:54;400;0;15,50
2021-11-24 00:53:59;410;0;15,50
2021-11-24 00:54:04;400;0;15,50
2021-11-24 00:54:09;400;0;15,50
2021-11-24 00:54:14;400;0;15,50
2021-11-24 00:54:19;400;0;15,50
2021-11-24 00:54:24;400;0;15,50
2021-11-24 00:54:29;400;0;15,50
2021-11-24 00:54:34;400;0;15,50
2021-11-24 00:54:39;400;0;15,50
2021-11-24 00:54:44;440;0;15,50
2021-11-24 00:54:49;450;0;15,50
2021-11-24 00:54:54;450;0;15,50
2021-11-24 00:54:59;450;0;15,50
2021-11-24 00:55:04;460;0;15,50
2021-11-24 00:55:09;450;0;15,50
2021-11-24 00:55:14;450;0;15,50
2021-11-24 00:55:19;450;0;15,50
2021-11-24 00:55:24;450;0;15,50
2021-11-24 00:55:29;450;0;15,50
2021-11-24 00:55:34;450;0;15,50
2021-11-24 00:55:39;450;0;15,50
2021-11-24 00:55:44;450;0;15,50
2021-11-24 00:55:49;440;0;15,50
2021-11-24 00:55:54;440;0;15,50
2021-11-24 00:55:59;440;0;15,50
2021-11-24 00:56:04;440;0;15,50
2021-11-24 00:56:09;440;0;15,50
2021-11-24 00:56:14;440;0;15,50
2021-11-24 00:56:19;450;0;15,50
2021-11-24 00:56:24;450;0;15,50
2021-11-24 00:56:29;450;0;15,50
2021-11-24 00:56:34;440;0;15,50
2021-11-24 00:56:39;450;0;15,50
2021-11-24 00:56:44;450;0;15,50
2021-11-24 00:56:49;450;0;15,50
2021-11-24 00:56:54;450;0;15,50
2021-11-24 00:56:59;450;0;15,50
2021-11-24 00:57:04;450;0;15,50
2021-11-24 00:57:09;450;0;15,50
2021-11-24 00:57:14;450;0;15,50
2021-11-24 00:57:19;450;0;15,50
2021-11-24 00:57:24;450;0;15,50
2021-11-24 00:57:29;450;0;15,50
2021-11-24 00:57:34;450;0;15,50
2021-11-24 00:57:39;450;0;15,50
2021-11-24 00:57:44;450;0;15,50
2021-11-24 00:57:49;450;0;15,50
2021-11-24 00:57:54;450;0;15,50
2021-11-24 00:57:59;450;0;15,50
2021-11-24 00:58:04;450;0;15,50
2021-11-24 00:58:09;450;0;15,50
2021-11-24 00:58:14;450;0;15,50
2021-11-24 00:58:19;450;0;15,50
2021-11-24 00:58:24;450;0;15,50
2021-11-24 00:58:29;450;0;15,50
2021-11-24 00:58:34;450;0;15,50
2021-11-24 00:58:39;450;0;15,50
2021-11-24 00:58:44;450;0;15,50
2021-11-24 00:58:49;450;0;15,50
2021-11-24 00:58:54;450;0;15,50
2021-11-24 00:58:59;450;0;15,50
2021-11-24 00:59:04;450;0;15,50
2021-11-24 00:59:09;860;0;15,50
2021-11-24 00:59:14;930;0;15,50
2021-11-24 00:59:19;930;0;15,50
2021-11-24 00:59:24;940;0;15,50
2021-11-24 00:59:29;930;0;15,50
2021-11-24 00:59:34;930;0;15,50
2021-11-24 00:59:39;450;0;15,50
2021-11-24 00:59:44;450;0;15,50
2021-11-24 00:59:49;450;0;15,50
2021-11-24 00:59:54;450;0;15,50
2021-11-24 00:59:59;460;0;15,50
2021-11-24 01:00:04;450;0;15,50
2021-11-24 01:00:09;450;0;15,50
2021-11-24 01:00:14;450;0;15,50
2021-11-24 01:00:19;450;0;15,50
2021-11-24 01:00:24;460;0;15,50
2021-11-24 01:00:29;450;0;15,50
2021-11-24 01:00:34;450;0;15,50
2021-11-24 01:00:39;450;0;15,50
2021-11-24 01:00:44;450;0;15,50
2021-11-24 01:00:49;440;0;15,50
2021-11-24 01:00:54;450;0;15,50
2021-11-24 01:00:59;450;0;15,50
2021-11-24 01:01:04;450;0;15,50
2021-11-24 01:01:09;450;0;15,50
2021-11-24 01:01:14;450;0;15,50
2021-11-24 01:01:19;450;0;15,50
2021-11-24 01:01:24;450;0;15,50
2021-11-24 01:01:29;450;0;15,50
2021-11-24 01:01:34;450;0;15,50
2021-11-24 01:01:39;450;0;15,50
2021-11-24 01:01:44;450;0;15,50
2021-11-24 01:01:49;450;0;15,50
2021-11-24 01:01:54;450;0;15,50
2021-11-24 01:01:59;450;0;15,50
2021-11-24 01:02:04;450;0;15,50
2021-11-24 01:02:09;450;0;15,50
2021-11-24 01:02:14;450;0;15,50
2021-11-24 01:02:19;450;0;15,50
2021-11-24 01:02:24;450;0;15,50
2021-11-24 01:02:29;450;0;15,50
2021-11-24 01:02:34;450;0;15,50
2021-11-24 01:02:39;450;0;15,50
2021-11-24 01:02:44;450;0;15,50
2021-11-24 01:02:49;450;0;15,50
2021-11-24 01:02:54;450;0;15,50
2021-11-24 01:02:59;450;0;15,50
2021-11-24 01:03:04;460;0;15,50
2021-11-24 01:03:09;450;0;15,50
2021-11-24 01:03:14;450;0;15,50
2021-11-24 01:03:19;450;0;15,50
2021-11-24 01:03:24;450;0;15,50
2021-11-24 01:03:29;450;0;15,50
2021-11-24 01:03:34;450;0;15,50
2021-11-24 01:03:39;450;0;15,50
2021-11-24 01:03:44;440;0;15,50
2021-11-24 01:03:49;450;0;15,50
2021-11-24 01:03:54;450;0;15,50
2021-11-24 01:03:59;450;0;15,50
2021-11-24 01:04:04;450;0;15,50
2021-11-24 01:04:09;450;0;15,50
2021-11-24 01:04:14;450;0;15,50
2021-11-24 01:04:19;450;0;15,50
2021-11-24 01:04:24;450;0;15,50
2021-11-24 01:04:29;450;0;15,50
2021-11-24 01:04:34;450;0;15,50
2021-11-24 01:04:39;450;0;15,50
2021-11-24 01:04:44;450;0;15,50
2021-11-24 01:04:49;450;0;15,50
2021-11-24 01:04:54;450;0;15,50
2021-11-24 01:04:59;450;0;15,50
2021-11-24 01:05:04;450;0;15,50
2021-11-24 01:05:09;450;0;15,50
2021-11-24 01:05:14;450;0;15,50
2021-11-24 01:05:19;450;0;15,50
2021-11-24 01:05:24;450;0;15,50
2021-11-24 01:05:29;450;0;15,50
2021-11-24 01:05:34;440;0;15,50
2021-11-24 01:05:39;450;0;15,50
2021-11-24 01:05:44;440;0;15,50
2021-11-24 01:05:49;450;0;15,50
2021-11-24 01:05:54;440;0;15,50
2021-11-24 01:05:59;450;0;15,50
2021-11-24 01:06:04;440;0;15,50
2021-11-24 01:06:09;440;0;15,50
2021-11-24 01:06:14;440;0;15,50
2021-11-24 01:06:19;440;0;15,50
2021-11-24 01:06:24;450;0;15,50
2021-11-24 01:06:29;440;0;15,50
2021-11-24 01:06:34;440;0;15,50
2021-11-24 01:06:39;450;0;15,50
2021-11-24 01:06:44;440;0;15,50
2021-11-24 01:06:49;410;0;15,50
2021-11-24 01:06:54;410;0;15,50
2021-11-24 01:06:59;410;0;15,50
2021-11-24 01:07:04;410;0;15,50
2021-11-24 01:07:09;410;0;15,50
2021-11-24 01:07:14;410;0;15,50
2021-11-24 01:07:19;410;0;15,50
2021-11-24 01:07:24;410;0;15,50
2021-11-24 01:07:29;410;0;15,50
2021-11-24 01:07:34;410;0;15,50
2021-11-24 01:07:39;410;0;15,50
2021-11-24 01:07:44;410;0;15,50
2021-11-24 01:07:49;410;0;15,50
2021-11-24 01:07:54;410;0;15,50
2021-11-24 01:07:59;410;0;15,50
2021-11-24 01:08:04;410;0;15,50
2021-11-24 01:08:09;410;0;15,50
2021-11-24 01:08:14;410;0;15,50
2021-11-24 01:08:19;400;0;15,50
2021-11-24 01:08:24;400;0;15,50
2021-11-24 01:08:29;400;0;15,50
2021-11-24 01:08:34;400;0;15,50
2021-11-24 01:08:39;410;0;15,50
2021-11-24 01:08:44;400;0;15,50
2021-11-24 01:08:49;410;0;15,50
2021-11-24 01:08:54;410;0;15,50
2021-11-24 01:08:59;400;0;15,50
2021-11-24 01:09:04;410;0;15,50
2021-11-24 01:09:09;400;0;15,50
2021-11-24 01:09:14;400;0;15,50
2021-11-24 01:09:19;410;0;15,50
2021-11-24 01:09:24;400;0;15,50
2021-11-24 01:09:29;410;0;15,50
2021-11-24 01:09:34;410;0;15,50
2021-11-24 01:09:39;400;0;15,50
2021-11-24 01:09:44;400;0;15,50
2021-11-24 01:09:49;400;0;15,50
2021-11-24 01:09:54;410;0;15,50
2021-11-24 01:09:59;750;0;15,50
2021-11-24 01:10:04;820;0;15,50
2021-11-24 01:10:09;850;0;15,50
2021-11-24 01:10:14;850;0;15,50
2021-11-24 01:10:19;860;0;15,50
2021-11-24 01:10:24;850;0;15,50
2021-11-24 01:10:29;400;0;15,50
2021-11-24 01:10:34;400;0;15,50
2021-11-24 01:10:39;410;0;15,50
2021-11-24 01:10:44;410;0;15,50
2021-11-24 01:10:49;410;0;15,50
2021-11-24 01:10:54;410;0;15,50
2021-11-24 01:10:59;410;0;15,50
2021-11-24 01:11:04;410;0;15,50
2021-11-24 01:11:09;410;0;15,50
2021-11-24 01:11:14;410;0;15,50
2021-11-24 01:11:19;410;0;15,50
2021-11-24 01:11:24;410;0;15,50
2021-11-24 01:11:29;400;0;15,50
2021-11-24 01:11:34;400;0;15,50
2021-11-24 01:11:39;400;0;15,50
2021-11-24 01:11:44;370;0;15,50
2021-11-24 01:11:49;380;0;15,50
2021-11-24 01:11:54;370;0;15,50
2021-11-24 01:11:59;370;0;15,50
2021-11-24 01:12:04;370;0;15,50
2021-11-24 01:12:09;370;0;15,50
2021-11-24 01:12:14;370;0;15,50
2021-11-24 01:12:19;370;0;15,50
2021-11-24 01:12:24;370;0;15,50
2021-11-24 01:12:30;370;0;15,50
2021-11-24 01:12:35;370;0;15,50
2021-11-24 01:12:39;370;0;15,50
2021-11-24 01:12:44;370;0;15,50
2021-11-24 01:12:49;370;0;15,50
2021-11-24 01:12:54;370;0;15,50
2021-11-24 01:12:59;370;0;15,50
2021-11-24 01:13:04;370;0;15,50
2021-11-24 01:13:09;370;0;15,50
2021-11-24 01:13:14;370;0;15,50
2021-11-24 01:13:19;370;0;15,50
2021-11-24 01:13:24;370;0;15,50
2021-11-24 01:13:29;370;0;15,50
2021-11-24 01:13:34;370;0;15,50
2021-11-24 01:13:39;370;0;15,50
2021-11-24 01:13:44;370;0;15,50
2021-11-24 01:13:49;380;0;15,50
2021-11-24 01:13:54;370;0;15,50
2021-11-24 01:13:59;370;0;15,50
2021-11-24 01:14:04;370;0;15,50
2021-11-24 01:14:09;370;0;15,50
2021-11-24 01:14:14;370;0;15,50
2021-11-24 01:14:19;370;0;15,50
2021-11-24 01:14:24;370;0;15,50
2021-11-24 01:14:29;370;0;15,50
2021-11-24 01:14:34;370;0;15,50
2021-11-24 01:14:39;370;0;15,50
2021-11-24 01:14:44;370;0;15,50
2021-11-24 01:14:49;370;0;15,50
2021-11-24 01:14:54;370;0;15,50
2021-11-24 01:14:59;370;0;15,50
2021-11-24 01:15:04;380;0;15,50
2021-11-24 01:15:09;380;0;15,50
2021-11-24 01:15:14;370;0;15,50
2021-11-24 01:15:19;370;0;15,50
2021-11-24 01:15:24;370;0;15,50
2021-11-24 01:15:29;370;0;15,50
2021-11-24 01:15:34;370;0;15,50
2021-11-24 01:15:39;370;0;15,50
2021-11-24 01:15:44;370;0;15,50
2021-11-24 01:15:49;370;0;15,50
2021-11-24 01:15:54;380;0;15,50
2021-11-24 01:15:59;380;0;15,50
2021-11-24 01:16:04;380;0;15,50
2021-11-24 01:16:09;380;0;15,50
2021-11-24 01:16:14;380;0;15,50
2021-11-24 01:16:19;370;0;15,50
2021-11-24 01:16:24;370;0;15,50
2021-11-24 01:16:29;380;0;15,50
2021-11-24 01:16:34;380;0;15,50
2021-11-24 01:16:39;370;0;15,50
2021-11-24 01:16:44;380;0;15,50
2021-11-24 01:16:49;370;0;15,50
2021-11-24 01:16:54;370;0;15,50
2021-11-24 01:16:59;370;0;15,50
2021-11-24 01:17:04;380;0;15,50
2021-11-24 01:17:09;370;0;15,50
2021-11-24 01:17:14;370;0;15,50
2021-11-24 01:17:19;370;0;15,50
2021-11-24 01:17:24;370;0;15,50
2021-11-24 01:17:29;380;0;15,50
2021-11-24 01:17:34;380;0;15,50
2021-11-24 01:17:39;370;0;15,50
2021-11-24 01:17:44;380;0;15,50
2021-11-24 01:17:49;380;0;15,50
2021-11-24 01:17:54;380;0;15,50
2021-11-24 01:17:59;370;0;15,50
2021-11-24 01:18:04;380;0;15,50
2021-11-24 01:18:09;380;0;15,50
2021-11-24 01:18:14;370;0;15,50
2021-11-24 01:18:19;370;0;15,50
2021-11-24 01:18:24;370;0;15,50
2021-11-24 01:18:29;370;0;15,50
2021-11-24 01:18:34;370;0;15,50
2021-11-24 01:18:39;370;0;15,50
2021-11-24 01:18:44;370;0;15,50
2021-11-24 01:18:49;370;0;15,50
2021-11-24 01:18:54;370;0;15,50
2021-11-24 01:18:59;370;0;15,50
2021-11-24 01:19:04;380;0;15,50
2021-11-24 01:19:09;380;0;15,50
2021-11-24 01:19:14;370;0;15,50
2021-11-24 01:19:19;370;0;15,50
2021-11-24 01:19:24;380;0;15,50
2021-11-24 01:19:29;370;0;15,50
2021-11-24 01:19:34;370;0;15,50
2021-11-24 01:19:39;370;0;15,50
2021-11-24 01:19:44;370;0;15,50
2021-11-24 01:19:49;370;0;15,50
2021-11-24 01:19:54;370;0;15,50
2021-11-24 01:19:59;370;0;15,50
2021-11-24 01:20:04;370;0;15,50
2021-11-24 01:20:09;370;0;15,50
2021-11-24 01:20:14;370;0;15,50
2021-11-24 01:20:19;380;0;15,50
2021-11-24 01:20:24;380;0;15,50
2021-11-24 01:20:29;380;0;15,50
2021-11-24 01:20:34;380;0;15,50
2021-11-24 01:20:39;370;0;15,50
2021-11-24 01:20:44;380;0;15,50
2021-11-24 01:20:49;750;0;15,50
2021-11-24 01:20:54;760;0;15,50
2021-11-24 01:20:59;790;0;15,50
2021-11-24 01:21:04;780;0;15,50
2021-11-24 01:21:09;790;0;15,50
2021-11-24 01:21:14;780;0;15,50
2021-11-24 01:21:19;750;0;15,50
2021-11-24 01:21:24;370;0;15,50
2021-11-24 01:21:29;370;0;15,50
2021-11-24 01:21:34;370;0;15,50
2021-11-24 01:21:39;370;0;15,50
2021-11-24 01:21:44;370;0;15,50
2021-11-24 01:21:49;380;0;15,50
2021-11-24 01:21:54;380;0;15,50
2021-11-24 01:21:59;380;0;15,50
2021-11-24 01:22:04;380;0;15,50
2021-11-24 01:22:09;370;0;15,50
2021-11-24 01:22:14;370;0;15,50
2021-11-24 01:22:19;370;0;15,50
2021-11-24 01:22:24;380;0;15,50
2021-11-24 01:22:29;370;0;15,50
2021-11-24 01:22:34;370;0;15,50
2021-11-24 01:22:39;370;0;15,50
2021-11-24 01:22:44;380;0;15,50
2021-11-24 01:22:49;370;0;15,50
2021-11-24 01:22:54;380;0;15,50
2021-11-24 01:22:59;370;0;15,50
2021-11-24 01:23:04;370;0;15,50
2021-11-24 01:23:09;380;0;15,50
2021-11-24 01:23:14;380;0;15,50
2021-11-24 01:23:19;370;0;15,50
2021-11-24 01:23:24;380;0;15,50
2021-11-24 01:23:29;380;0;15,50
2021-11-24 01:23:34;370;0;15,50
2021-11-24 01:23:39;380;0;15,50
2021-11-24 01:23:44;380;0;15,50
2021-11-24 01:23:49;380;0;15,50
2021-11-24 01:23:54;380;0;15,50
2021-11-24 01:23:59;380;0;15,50
2021-11-24 01:24:04;380;0;15,50
2021-11-24 01:24:09;380;0;15,50
2021-11-24 01:24:14;380;0;15,50
2021-11-24 01:24:19;380;0;15,50
2021-11-24 01:24:24;380;0;15,50
2021-11-24 01:24:29;380;0;15,50
2021-11-24 01:24:34;380;0;15,50
2021-11-24 01:24:39;380;0;15,50
2021-11-24 01:24:44;380;0;15,50
2021-11-24 01:24:49;380;0;15,50
2021-11-24 01:24:54;380;0;15,50
2021-11-24 01:24:59;380;0;15,50
2021-11-24 01:25:04;380;0;15,50
2021-11-24 01:25:09;380;0;15,50
2021-11-24 01:25:14;370;0;15,50
2021-11-24 01:25:19;370;0;15,50
2021-11-24 01:25:24;380;0;15,50
2021-11-24 01:25:29;380;0;15,50
2021-11-24 01:25:34;370;0;15,50
2021-11-24 01:25:39;380;0;15,50
2021-11-24 01:25:44;380;0;15,50
2021-11-24 01:25:49;380;0;15,50
2021-11-24 01:25:54;380;0;15,50
2021-11-24 01:25:59;380;0;15,50
2021-11-24 01:26:04;380;0;15,50
2021-11-24 01:26:09;380;0;15,50
2021-11-24 01:26:14;380;0;15,50
2021-11-24 01:26:19;370;0;15,50
2021-11-24 01:26:24;380;0;15,50
2021-11-24 01:26:29;380;0;15,50
2021-11-24 01:26:34;370;0;15,50
2021-11-24 01:26:39;380;0;15,50
2021-11-24 01:26:44;380;0;15,50
2021-11-24 01:26:49;380;0;15,50
2021-11-24 01:26:54;380;0;15,50
2021-11-24 01:26:59;380;0;15,50
2021-11-24 01:27:04;380;0;15,50
2021-11-24 01:27:09;390;0;15,50
2021-11-24 01:27:14;380;0;15,50
2021-11-24 01:27:19;380;0;15,50
2021-11-24 01:27:24;380;0;15,50
2021-11-24 01:27:29;380;0;15,50
2021-11-24 01:27:34;370;0;15,50
2021-11-24 01:27:39;380;0;15,50
2021-11-24 01:27:44;380;0;15,50
2021-11-24 01:27:49;380;0;15,50
2021-11-24 01:27:54;370;0;15,50
2021-11-24 01:27:59;370;0;15,50
2021-11-24 01:28:04;380;0;15,50
2021-11-24 01:28:09;380;0;15,50
2021-11-24 01:28:14;380;0;15,50
2021-11-24 01:28:19;370;0;15,50
2021-11-24 01:28:24;380;0;15,50
2021-11-24 01:28:29;380;0;15,50
2021-11-24 01:28:34;370;0;15,50
2021-11-24 01:28:39;380;0;15,50
2021-11-24 01:28:44;380;0;15,50
2021-11-24 01:28:49;380;0;15,50
2021-11-24 01:28:54;380;0;15,50
2021-11-24 01:28:59;370;0;15,50
2021-11-24 01:29:04;380;0;15,50
2021-11-24 01:29:09;370;0;15,50
2021-11-24 01:29:14;370;0;15,50
2021-11-24 01:29:19;380;0;15,50
2021-11-24 01:29:24;380;0;15,50
2021-11-24 01:29:29;380;0;15,50
2021-11-24 01:29:34;370;0;15,50
2021-11-24 01:29:39;380;0;15,50
2021-11-24 01:29:44;380;0;15,50
2021-11-24 01:29:49;380;0;15,50
2021-11-24 01:29:54;380;0;15,50
2021-11-24 01:29:59;380;0;15,50
2021-11-24 01:30:04;390;0;15,50
2021-11-24 01:30:09;380;0;15,50
2021-11-24 01:30:14;380;0;15,50
2021-11-24 01:30:19;380;0;15,50
2021-11-24 01:30:24;380;0;15,50
2021-11-24 01:30:29;380;0;15,50
2021-11-24 01:30:34;370;0;15,50
2021-11-24 01:30:39;370;0;15,50
2021-11-24 01:30:44;380;0;15,50
2021-11-24 01:30:49;380;0;15,50
2021-11-24 01:30:54;380;0;15,50
2021-11-24 01:30:59;380;0;15,50
2021-11-24 01:31:04;380;0;15,50
2021-11-24 01:31:09;380;0;15,50
2021-11-24 01:31:14;380;0;15,50
2021-11-24 01:31:19;380;0;15,50
2021-11-24 01:31:24;380;0;15,50
2021-11-24 01:31:29;380;0;15,50
2021-11-24 01:31:34;380;0;15,50
2021-11-24 01:31:39;590;0;15,50
2021-11-24 01:31:44;760;0;15,50
2021-11-24 01:31:49;800;0;15,50
2021-11-24 01:31:54;790;0;15,50
2021-11-24 01:31:59;790;0;15,50
2021-11-24 01:32:04;790;0;15,50
2021-11-24 01:32:09;690;0;15,50
2021-11-24 01:32:14;370;0;15,50
2021-11-24 01:32:19;380;0;15,50
2021-11-24 01:32:24;380;0;15,50
2021-11-24 01:32:29;380;0;15,50
2021-11-24 01:32:34;380;0;15,50
2021-11-24 01:32:39;380;0;15,50
2021-11-24 01:32:44;380;0;15,50
2021-11-24 01:32:49;370;0;15,50
2021-11-24 01:32:54;370;0;15,50
2021-11-24 01:32:59;380;0;15,50
2021-11-24 01:33:04;380;0;15,50
2021-11-24 01:33:09;380;0;15,50
2021-11-24 01:33:14;380;0;15,50
2021-11-24 01:33:19;380;0;15,50
2021-11-24 01:33:24;380;0;15,50
2021-11-24 01:33:29;380;0;15,50
2021-11-24 01:33:34;380;0;15,50
2021-11-24 01:33:39;380;0;15,50
2021-11-24 01:33:44;380;0;15,50
2021-11-24 01:33:49;380;0;15,50
2021-11-24 01:33:54;380;0;15,50
2021-11-24 01:33:59;380;0;15,50
2021-11-24 01:34:04;380;0;15,50
2021-11-24 01:34:09;380;0;15,50
2021-11-24 01:34:14;380;0;15,50
2021-11-24 01:34:19;380;0;15,50
2021-11-24 01:34:24;380;0;15,50
2021-11-24 01:34:29;380;0;15,50
2021-11-24 01:34:34;380;0;15,50
2021-11-24 01:34:39;380;0;15,50
2021-11-24 01:34:44;380;0;15,50
2021-11-24 01:34:49;380;0;15,50
2021-11-24 01:34:54;380;0;15,50
2021-11-24 01:34:59;380;0;15,50
2021-11-24 01:35:04;380;0;15,50
2021-11-24 01:35:09;380;0;15,50
2021-11-24 01:35:14;380;0;15,50
2021-11-24 01:35:19;370;0;15,50
2021-11-24 01:35:24;380;0;15,50
2021-11-24 01:35:29;380;0;15,50
2021-11-24 01:35:34;380;0;15,50
2021-11-24 01:35:39;380;0;15,50
2021-11-24 01:35:44;380;0;15,50
2021-11-24 01:35:49;380;0;15,50
2021-11-24 01:35:54;370;0;15,50
2021-11-24 01:35:59;380;0;15,50
2021-11-24 01:36:04;380;0;15,50
2021-11-24 01:36:09;380;0;15,50
2021-11-24 01:36:14;370;0;15,50
2021-11-24 01:36:19;380;0;15,50
2021-11-24 01:36:24;380;0;15,50
2021-11-24 01:36:29;380;0;15,50
2021-11-24 01:36:34;380;0;15,50
2021-11-24 01:36:39;380;0;15,50
2021-11-24 01:36:44;380;0;15,50
2021-11-24 01:36:49;380;0;15,50
2021-11-24 01:36:54;380;0;15,50
2021-11-24 01:36:59;380;0;15,50
2021-11-24 01:37:04;380;0;15,50
2021-11-24 01:37:09;380;0;15,50
2021-11-24 01:37:14;380;0;15,50
2021-11-24 01:37:19;380;0;15,50
2021-11-24 01:37:24;380;0;15,50
2021-11-24 01:37:29;380;0;15,50
2021-11-24 01:37:34;370;0;15,50
2021-11-24 01:37:39;380;0;15,50
2021-11-24 01:37:44;380;0;15,50
2021-11-24 01:37:49;370;0;15,50
2021-11-24 01:37:55;380;0;15,50
2021-11-24 01:38:00;380;0;15,50
2021-11-24 01:38:05;380;0;15,50
2021-11-24 01:38:09;380;0;15,50
2021-11-24 01:38:14;380;0;15,50
2021-11-24 01:38:19;380;0;15,50
2021-11-24 01:38:24;370;0;15,50
2021-11-24 01:38:29;380;0;15,50
2021-11-24 01:38:34;380;0;15,50
2021-11-24 01:38:39;370;0;15,50
2021-11-24 01:38:44;380;0;15,50
2021-11-24 01:38:49;370;0;15,50
2021-11-24 01:38:54;370;0;15,50
2021-11-24 01:38:59;370;0;15,50
2021-11-24 01:39:04;380;0;15,50
2021-11-24 01:39:09;370;0;15,50
2021-11-24 01:39:14;370;0;15,50
2021-11-24 01:39:19;370;0;15,50
2021-11-24 01:39:24;380;0;15,50
2021-11-24 01:39:29;380;0;15,50
2021-11-24 01:39:34;370;0;15,50
2021-11-24 01:39:39;380;0;15,50
2021-11-24 01:39:44;370;0;15,50
2021-11-24 01:39:49;370;0;15,50
2021-11-24 01:39:54;370;0;15,50
2021-11-24 01:39:59;370;0;15,50
2021-11-24 01:40:04;370;0;15,50
2021-11-24 01:40:09;370;0;15,50
2021-11-24 01:40:14;370;0;15,50
2021-11-24 01:40:19;370;0;15,50
2021-11-24 01:40:24;380;0;15,50
2021-11-24 01:40:29;370;0;15,50
2021-11-24 01:40:34;370;0;15,50
2021-11-24 01:40:39;370;0;15,50
2021-11-24 01:40:44;370;0;15,50
2021-11-24 01:40:49;370;0;15,50
2021-11-24 01:40:54;370;0;15,50
2021-11-24 01:40:59;380;0;15,50
2021-11-24 01:41:04;370;0;15,50
2021-11-24 01:41:09;370;0;15,50
2021-11-24 01:41:14;370;0;15,50
2021-11-24 01:41:19;370;0;15,50
2021-11-24 01:41:24;370;0;15,50
2021-11-24 01:41:29;370;0;15,50
2021-11-24 01:41:34;370;0;15,50
2021-11-24 01:41:39;370;0;15,50
2021-11-24 01:41:44;370;0;15,50
2021-11-24 01:41:49;370;0;15,50
2021-11-24 01:41:54;370;0;15,50
2021-11-24 01:41:59;370;0;15,50
2021-11-24 01:42:04;370;0;15,50
2021-11-24 01:42:09;370;0;15,50
2021-11-24 01:42:14;370;0;15,50
2021-11-24 01:42:19;370;0;15,50
2021-11-24 01:42:24;370;0;15,50
2021-11-24 01:42:29;380;0;15,50
2021-11-24 01:42:34;750;0;15,50
2021-11-24 01:42:39;780;0;15,50
2021-11-24 01:42:44;780;0;15,50
2021-11-24 01:42:49;780;0;15,50
2021-11-24 01:42:54;790;0;15,50
2021-11-24 01:42:59;370;0;15,50
2021-11-24 01:43:04;370;0;15,50
2021-11-24 01:43:09;370;0;15,50
2021-11-24 01:43:14;370;0;15,50
2021-11-24 01:43:19;370;0;15,50
2021-11-24 01:43:24;380;0;15,50
2021-11-24 01:43:29;380;0;15,50
2021-11-24 01:43:34;370;0;15,50
2021-11-24 01:43:39;380;0;15,50
2021-11-24 01:43:44;380;0;15,50
2021-11-24 01:43:49;380;0;15,50
2021-11-24 01:43:54;380;0;15,50
2021-11-24 01:43:59;380;0;15,50
2021-11-24 01:44:04;380;0;15,50
2021-11-24 01:44:09;380;0;15,50
2021-11-24 01:44:14;380;0;15,50
2021-11-24 01:44:19;380;0;15,50
2021-11-24 01:44:24;380;0;15,50
2021-11-24 01:44:29;380;0;15,50
2021-11-24 01:44:34;380;0;15,50
2021-11-24 01:44:39;380;0;15,50
2021-11-24 01:44:44;380;0;15,50
2021-11-24 01:44:49;380;0;15,50
2021-11-24 01:44:54;380;0;15,50
2021-11-24 01:44:59;380;0;15,50
2021-11-24 01:45:04;380;0;15,50
2021-11-24 01:45:09;380;0;15,50
2021-11-24 01:45:14;380;0;15,50
2021-11-24 01:45:19;380;0;15,50
2021-11-24 01:45:24;380;0;15,50
2021-11-24 01:45:29;380;0;15,50
2021-11-24 01:45:34;370;0;15,50
2021-11-24 01:45:39;380;0;15,50
2021-11-24 01:45:44;380;0;15,50
2021-11-24 01:45:49;380;0;15,50
2021-11-24 01:45:54;380;0;15,50
2021-11-24 01:45:59;380;0;15,50
2021-11-24 01:46:04;380;0;15,50
2021-11-24 01:46:09;380;0;15,50
2021-11-24 01:46:14;380;0;15,50
2021-11-24 01:46:19;380;0;15,50
2021-11-24 01:46:24;380;0;15,50
2021-11-24 01:46:29;380;0;15,50
2021-11-24 01:46:34;380;0;15,50
2021-11-24 01:46:39;380;0;15,50
2021-11-24 01:46:44;380;0;15,50
2021-11-24 01:46:49;380;0;15,50
2021-11-24 01:46:54;380;0;15,50
2021-11-24 01:46:59;380;0;15,50
2021-11-24 01:47:04;380;0;15,50
2021-11-24 01:47:09;380;0;15,50
2021-11-24 01:47:14;380;0;15,50
2021-11-24 01:47:19;380;0;15,50
2021-11-24 01:47:24;380;0;15,50
2021-11-24 01:47:29;380;0;15,50
2021-11-24 01:47:34;380;0;15,50
2021-11-24 01:47:39;380;0;15,50
2021-11-24 01:47:44;380;0;15,50
2021-11-24 01:47:49;380;0;15,50
2021-11-24 01:47:54;380;0;15,50
2021-11-24 01:47:59;380;0;15,50
2021-11-24 01:48:04;380;0;15,50
2021-11-24 01:48:10;370;0;15,50
2021-11-24 01:48:14;370;0;15,50
2021-11-24 01:48:19;380;0;15,50
2021-11-24 01:48:24;370;0;15,50
2021-11-24 01:48:29;370;0;15,50
2021-11-24 01:48:34;370;0;15,50
2021-11-24 01:48:39;370;0;15,50
2021-11-24 01:48:44;370;0;15,50
2021-11-24 01:48:49;370;0;15,50
2021-11-24 01:48:54;370;0;15,50
2021-11-24 01:48:59;370;0;15,50
2021-11-24 01:49:04;370;0;15,50
2021-11-24 01:49:09;370;0;15,50
2021-11-24 01:49:14;370;0;15,50
2021-11-24 01:49:19;370;0;15,50
2021-11-24 01:49:24;370;0;15,50
2021-11-24 01:49:29;370;0;15,50
2021-11-24 01:49:34;370;0;15,50
2021-11-24 01:49:39;370;0;15,50
2021-11-24 01:49:44;370;0;15,50
2021-11-24 01:49:49;370;0;15,50
2021-11-24 01:49:54;370;0;15,50
2021-11-24 01:49:59;370;0;15,50
2021-11-24 01:50:04;370;0;15,50
2021-11-24 01:50:09;370;0;15,50
2021-11-24 01:50:14;370;0;15,50
2021-11-24 01:50:19;370;0;15,50
2021-11-24 01:50:24;370;0;15,50
2021-11-24 01:50:29;370;0;15,50
2021-11-24 01:50:34;370;0;15,50
2021-11-24 01:50:39;370;0;15,50
2021-11-24 01:50:44;370;0;15,50
2021-11-24 01:50:49;370;0;15,50
2021-11-24 01:50:54;370;0;15,50
2021-11-24 01:50:59;370;0;15,50
2021-11-24 01:51:04;370;0;15,50
2021-11-24 01:51:09;370;0;15,50
2021-11-24 01:51:14;370;0;15,50
2021-11-24 01:51:19;370;0;15,50
2021-11-24 01:51:24;370;0;15,50
2021-11-24 01:51:29;370;0;15,50
2021-11-24 01:51:34;370;0;15,50
2021-11-24 01:51:39;370;0;15,50
2021-11-24 01:51:44;370;0;15,50
2021-11-24 01:51:49;370;0;15,50
2021-11-24 01:51:54;370;0;15,50
2021-11-24 01:51:59;370;0;15,50
2021-11-24 01:52:04;370;0;15,50
2021-11-24 01:52:09;370;0;15,50
2021-11-24 01:52:14;370;0;15,50
2021-11-24 01:52:19;370;0;15,50
2021-11-24 01:52:24;370;0;15,50
2021-11-24 01:52:29;370;0;15,50
2021-11-24 01:52:34;370;0;15,50
2021-11-24 01:52:39;370;0;15,50
2021-11-24 01:52:44;370;0;15,50
2021-11-24 01:52:49;370;0;15,50
2021-11-24 01:52:54;370;0;15,50
2021-11-24 01:52:59;370;0;15,50
2021-11-24 01:53:04;370;0;15,50
2021-11-24 01:53:09;370;0;15,25
2021-11-24 01:53:14;380;0;15,50
2021-11-24 01:53:19;740;0;15,50
2021-11-24 01:53:24;800;0;15,50
2021-11-24 01:53:29;790;0;15,50
2021-11-24 01:53:34;800;0;15,50
2021-11-24 01:53:39;790;0;15,50
2021-11-24 01:53:44;790;0;15,50
2021-11-24 01:53:49;380;0;15,50
2021-11-24 01:53:54;380;0;15,50
2021-11-24 01:53:59;370;0;15,50
2021-11-24 01:54:04;370;0;15,50
2021-11-24 01:54:09;370;0;15,50
2021-11-24 01:54:14;380;0;15,50
2021-11-24 01:54:19;370;0;15,50
2021-11-24 01:54:24;370;0;15,50
2021-11-24 01:54:29;380;0;15,50
2021-11-24 01:54:34;380;0;15,50
2021-11-24 01:54:39;380;0;15,50
2021-11-24 01:54:44;370;0;15,50
2021-11-24 01:54:49;370;0;15,50
2021-11-24 01:54:54;410;0;15,50
2021-11-24 01:54:59;410;0;15,50
2021-11-24 01:55:04;410;0;15,50
2021-11-24 01:55:09;410;0;15,50
2021-11-24 01:55:14;420;0;15,50
2021-11-24 01:55:19;420;0;15,50
2021-11-24 01:55:24;410;0;15,50
2021-11-24 01:55:29;410;0;15,50
2021-11-24 01:55:34;410;0;15,50
2021-11-24 01:55:39;410;0;15,50
2021-11-24 01:55:44;410;0;15,50
2021-11-24 01:55:49;410;0;15,50
2021-11-24 01:55:54;410;0;15,50
2021-11-24 01:55:59;400;0;15,50
2021-11-24 01:56:04;410;0;15,50
2021-11-24 01:56:09;410;0;15,50
2021-11-24 01:56:14;400;0;15,50
2021-11-24 01:56:19;400;0;15,50
2021-11-24 01:56:24;400;0;15,50
2021-11-24 01:56:29;400;0;15,25
2021-11-24 01:56:34;410;0;15,50
2021-11-24 01:56:39;410;0;15,50
2021-11-24 01:56:44;410;0;15,50
2021-11-24 01:56:49;410;0;15,50
2021-11-24 01:56:54;410;0;15,50
2021-11-24 01:56:59;410;0;15,50
2021-11-24 01:57:04;410;0;15,50
2021-11-24 01:57:09;400;0;15,50
2021-11-24 01:57:14;410;0;15,50
2021-11-24 01:57:19;410;0;15,50
2021-11-24 01:57:24;410;0;15,50
2021-11-24 01:57:29;410;0;15,50
2021-11-24 01:57:34;410;0;15,50
2021-11-24 01:57:39;410;0;15,50
2021-11-24 01:57:44;400;0;15,50
2021-11-24 01:57:49;410;0;15,50
2021-11-24 01:57:54;410;0;15,50
2021-11-24 01:57:59;400;0;15,50
2021-11-24 01:58:04;400;0;15,50
2021-11-24 01:58:09;410;0;15,50
2021-11-24 01:58:14;410;0;15,50
2021-11-24 01:58:19;400;0;15,50
2021-11-24 01:58:24;400;0;15,50
2021-11-24 01:58:29;410;0;15,50
2021-11-24 01:58:34;400;0;15,50
2021-11-24 01:58:39;400;0;15,50
2021-11-24 01:58:44;410;0;15,50
2021-11-24 01:58:49;410;0;15,50
2021-11-24 01:58:54;400;0;15,50
2021-11-24 01:58:59;400;0;15,50
2021-11-24 01:59:04;400;0;15,50
2021-11-24 01:59:09;400;0;15,50
2021-11-24 01:59:14;400;0;15,50
2021-11-24 01:59:19;400;0;15,50
2021-11-24 01:59:24;400;0;15,50
2021-11-24 01:59:29;400;0;15,50
2021-11-24 01:59:34;400;0;15,25
2021-11-24 01:59:39;400;0;15,50
2021-11-24 01:59:44;400;0;15,50
2021-11-24 01:59:49;400;0;15,50
2021-11-24 01:59:54;400;0;15,50
2021-11-24 01:59:59;400;0;15,50
2021-11-24 02:00:04;400;0;15,50
2021-11-24 02:00:09;410;0;15,50
2021-11-24 02:00:14;410;0;15,50
2021-11-24 02:00:19;410;0;15,50
2021-11-24 02:00:24;410;0;15,50
2021-11-24 02:00:29;410;0;15,50
2021-11-24 02:00:34;410;0;15,50
2021-11-24 02:00:39;410;0;15,50
2021-11-24 02:00:44;410;0;15,50
2021-11-24 02:00:49;410;0;15,50
2021-11-24 02:00:54;410;0;15,50
2021-11-24 02:00:59;410;0;15,50
2021-11-24 02:01:04;410;0;15,50
2021-11-24 02:01:09;410;0;15,50
2021-11-24 02:01:14;410;0;15,50
2021-11-24 02:01:19;410;0;15,50
2021-11-24 02:01:24;410;0;15,50
2021-11-24 02:01:29;410;0;15,50
2021-11-24 02:01:34;410;0;15,50
2021-11-24 02:01:39;410;0;15,50
2021-11-24 02:01:44;410;0;15,50
2021-11-24 02:01:49;410;0;15,50
2021-11-24 02:01:54;410;0;15,50
2021-11-24 02:01:59;410;0;15,50
2021-11-24 02:02:04;410;0;15,50
2021-11-24 02:02:09;410;0;15,50
2021-11-24 02:02:14;410;0;15,50
2021-11-24 02:02:19;410;0;15,50
2021-11-24 02:02:24;410;0;15,50
2021-11-24 02:02:29;410;0;15,50
2021-11-24 02:02:34;400;0;15,50
2021-11-24 02:02:39;400;0;15,25
2021-11-24 02:02:44;400;0;15,50
2021-11-24 02:02:49;400;0;15,50
2021-11-24 02:02:54;400;0;15,50
2021-11-24 02:02:59;400;0;15,50
2021-11-24 02:03:04;400;0;15,50
2021-11-24 02:03:09;400;0;15,50
2021-11-24 02:03:14;400;0;15,50
2021-11-24 02:03:19;400;0;15,50
2021-11-24 02:03:24;410;0;15,25
2021-11-24 02:03:29;410;0;15,50
2021-11-24 02:03:34;400;0;15,50
2021-11-24 02:03:39;410;0;15,50
2021-11-24 02:03:44;400;0;15,50
2021-11-24 02:03:49;400;0;15,50
2021-11-24 02:03:54;400;0;15,50
2021-11-24 02:03:59;400;0;15,25
2021-11-24 02:04:04;520;0;15,50
2021-11-24 02:04:09;820;0;15,50
2021-11-24 02:04:14;840;0;15,50
2021-11-24 02:04:19;840;0;15,50
2021-11-24 02:04:24;850;0;15,50
2021-11-24 02:04:29;850;0;15,50
2021-11-24 02:04:34;830;0;15,50
2021-11-24 02:04:39;400;0;15,25
2021-11-24 02:04:44;400;0;15,50
2021-11-24 02:04:49;400;0;15,50
2021-11-24 02:04:54;400;0;15,50
2021-11-24 02:04:59;400;0;15,50
2021-11-24 02:05:04;400;0;15,50
2021-11-24 02:05:09;400;0;15,50
2021-11-24 02:05:14;400;0;15,50
2021-11-24 02:05:19;400;0;15,50
2021-11-24 02:05:24;400;0;15,25
2021-11-24 02:05:29;400;0;15,50
2021-11-24 02:05:34;400;0;15,50
2021-11-24 02:05:39;400;0;15,50
2021-11-24 02:05:44;400;0;15,25
2021-11-24 02:05:49;400;0;15,50
2021-11-24 02:05:54;400;0;15,25
2021-11-24 02:05:59;400;0;15,50
2021-11-24 02:06:04;410;0;15,50
2021-11-24 02:06:09;410;0;15,50
2021-11-24 02:06:14;410;0;15,50
2021-11-24 02:06:19;400;0;15,50
2021-11-24 02:06:24;410;0;15,50
2021-11-24 02:06:29;410;0;15,25
2021-11-24 02:06:34;410;0;15,50
2021-11-24 02:06:39;410;0;15,50
2021-11-24 02:06:44;410;0;15,50
2021-11-24 02:06:49;410;0;15,50
2021-11-24 02:06:54;410;0;15,25
2021-11-24 02:06:59;410;0;15,25
2021-11-24 02:07:04;400;0;15,50
2021-11-24 02:07:09;410;0;15,50
2021-11-24 02:07:14;410;0;15,25
2021-11-24 02:07:19;410;0;15,50
2021-11-24 02:07:24;400;0;15,50
2021-11-24 02:07:29;410;0;15,50
2021-11-24 02:07:34;410;0;15,50
2021-11-24 02:07:39;410;0;15,50
2021-11-24 02:07:44;410;0;15,50
2021-11-24 02:07:49;880;0;15,50
2021-11-24 02:07:54;450;0;15,50
2021-11-24 02:07:59;450;0;15,50
2021-11-24 02:08:04;450;0;15,50
2021-11-24 02:08:09;450;0;15,50
2021-11-24 02:08:14;450;0;15,25
2021-11-24 02:08:19;440;0;15,25
2021-11-24 02:08:24;450;0;15,25
2021-11-24 02:08:29;450;0;15,50
2021-11-24 02:08:34;450;0;15,25
2021-11-24 02:08:39;450;0;15,25
2021-11-24 02:08:44;450;0;15,50
2021-11-24 02:08:49;450;0;15,50
2021-11-24 02:08:54;440;0;15,25
2021-11-24 02:08:59;440;0;15,25
2021-11-24 02:09:04;440;0;15,25
2021-11-24 02:09:09;450;0;15,25
2021-11-24 02:09:14;440;0;15,25
2021-11-24 02:09:19;440;0;15,25
2021-11-24 02:09:24;450;0;15,25
2021-11-24 02:09:29;450;0;15,25
2021-11-24 02:09:34;440;0;15,25
2021-11-24 02:09:39;450;0;15,50
2021-11-24 02:09:44;450;0;15,25
2021-11-24 02:09:49;450;0;15,50
2021-11-24 02:09:54;450;0;15,50
2021-11-24 02:09:59;450;0;15,25
2021-11-24 02:10:04;450;0;15,25
2021-11-24 02:10:09;450;0;15,25
2021-11-24 02:10:14;440;0;15,25
2021-11-24 02:10:19;450;0;15,50
2021-11-24 02:10:24;450;0;15,50
2021-11-24 02:10:29;450;0;15,25
2021-11-24 02:10:34;450;0;15,25
2021-11-24 02:10:39;450;0;15,25
2021-11-24 02:10:44;450;0;15,25
2021-11-24 02:10:49;450;0;15,25
2021-11-24 02:10:54;450;0;15,25
2021-11-24 02:10:59;450;0;15,25
2021-11-24 02:11:04;420;0;15,25
2021-11-24 02:11:09;410;0;15,25
2021-11-24 02:11:14;410;0;15,25
2021-11-24 02:11:19;400;0;15,25
2021-11-24 02:11:24;410;0;15,50
2021-11-24 02:11:29;410;0;15,25
2021-11-24 02:11:34;410;0;15,25
2021-11-24 02:11:39;410;0;15,25
2021-11-24 02:11:44;410;0;15,25
2021-11-24 02:11:49;410;0;15,25
2021-11-24 02:11:54;410;0;15,25
2021-11-24 02:11:59;400;0;15,50
2021-11-24 02:12:04;410;0;15,25
2021-11-24 02:12:09;410;0;15,50
2021-11-24 02:12:14;400;0;15,25
2021-11-24 02:12:19;410;0;15,50
2021-11-24 02:12:24;410;0;15,50
2021-11-24 02:12:29;400;0;15,25
2021-11-24 02:12:34;410;0;15,25
2021-11-24 02:12:39;400;0;15,25
2021-11-24 02:12:44;400;0;15,25
2021-11-24 02:12:49;400;0;15,25
2021-11-24 02:12:54;400;0;15,25
2021-11-24 02:12:59;400;0;15,50
2021-11-24 02:13:04;410;0;15,50
2021-11-24 02:13:09;410;0;15,25
2021-11-24 02:13:14;400;0;15,25
2021-11-24 02:13:19;400;0;15,25
2021-11-24 02:13:24;410;0;15,25
2021-11-24 02:13:29;410;0;15,25
2021-11-24 02:13:34;410;0;15,25
2021-11-24 02:13:39;400;0;15,25
2021-11-24 02:13:44;410;0;15,25
2021-11-24 02:13:49;410;0;15,25
2021-11-24 02:13:54;410;0;15,25
2021-11-24 02:13:59;400;0;15,50
2021-11-24 02:14:04;410;0;15,25
2021-11-24 02:14:09;410;0;15,25
2021-11-24 02:14:14;400;0;15,25
2021-11-24 02:14:19;400;0;15,25
2021-11-24 02:14:24;410;0;15,25
2021-11-24 02:14:29;400;0;15,25
2021-11-24 02:14:34;410;0;15,25
2021-11-24 02:14:39;400;0;15,50
2021-11-24 02:14:44;410;0;15,25
2021-11-24 02:14:49;410;0;15,25
2021-11-24 02:14:54;800;0;15,25
2021-11-24 02:14:59;860;0;15,25
2021-11-24 02:15:04;870;0;15,50
2021-11-24 02:15:09;870;0;15,50
2021-11-24 02:15:14;860;0;15,25
2021-11-24 02:15:19;870;0;15,25
2021-11-24 02:15:24;410;0;15,25
2021-11-24 02:15:29;410;0;15,25
2021-11-24 02:15:34;400;0;15,50
2021-11-24 02:15:39;400;0;15,50
2021-11-24 02:15:44;410;0;15,25
2021-11-24 02:15:49;410;0;15,25
2021-11-24 02:15:54;400;0;15,25
2021-11-24 02:15:59;400;0;15,25
2021-11-24 02:16:04;410;0;15,25
2021-11-24 02:16:09;410;0;15,25
2021-11-24 02:16:14;400;0;15,25
2021-11-24 02:16:19;410;0;15,25
2021-11-24 02:16:24;400;0;15,25
2021-11-24 02:16:29;410;0;15,25
2021-11-24 02:16:34;410;0;15,25
2021-11-24 02:16:39;400;0;15,25
2021-11-24 02:16:44;410;0;15,25
2021-11-24 02:16:49;410;0;15,25
2021-11-24 02:16:54;410;0;15,25
2021-11-24 02:16:59;400;0;15,25
2021-11-24 02:17:04;400;0;15,25
2021-11-24 02:17:09;400;0;15,50
2021-11-24 02:17:14;400;0;15,25
2021-11-24 02:17:19;400;0;15,25
2021-11-24 02:17:24;410;0;15,50
2021-11-24 02:17:29;410;0;15,25
2021-11-24 02:17:34;400;0;15,50
2021-11-24 02:17:39;400;0;15,25
2021-11-24 02:17:44;410;0;15,25
2021-11-24 02:17:49;410;0;15,25
2021-11-24 02:17:54;410;0;15,25
2021-11-24 02:17:59;400;0;15,25
2021-11-24 02:18:04;410;0;15,25
2021-11-24 02:18:09;400;0;15,25
2021-11-24 02:18:14;400;0;15,25
2021-11-24 02:18:19;400;0;15,25
2021-11-24 02:18:24;400;0;15,25
2021-11-24 02:18:29;400;0;15,25
2021-11-24 02:18:34;400;0;15,25
2021-11-24 02:18:39;400;0;15,25
2021-11-24 02:18:44;410;0;15,25
2021-11-24 02:18:49;400;0;15,25
2021-11-24 02:18:54;400;0;15,25
2021-11-24 02:18:59;400;0;15,25
2021-11-24 02:19:04;400;0;15,25
2021-11-24 02:19:09;410;0;15,25
2021-11-24 02:19:14;400;0;15,25
2021-11-24 02:19:19;400;0;15,25
2021-11-24 02:19:24;400;0;15,25
2021-11-24 02:19:29;400;0;15,25
2021-11-24 02:19:34;400;0;15,50
2021-11-24 02:19:39;400;0;15,25
2021-11-24 02:19:44;400;0;15,25
2021-11-24 02:19:49;400;0;15,25
2021-11-24 02:19:54;400;0;15,25
2021-11-24 02:19:59;400;0;15,25
2021-11-24 02:20:04;400;0;15,25
2021-11-24 02:20:09;400;0;15,25
2021-11-24 02:20:14;400;0;15,25
2021-11-24 02:20:19;410;0;15,25
2021-11-24 02:20:24;400;0;15,25
2021-11-24 02:20:29;400;0;15,25
2021-11-24 02:20:34;400;0;15,50
2021-11-24 02:20:39;400;0;15,25
2021-11-24 02:20:44;400;0;15,25
2021-11-24 02:20:49;400;0;15,25
2021-11-24 02:20:54;400;0;15,25
2021-11-24 02:20:59;400;0;15,25
2021-11-24 02:21:04;400;0;15,25
2021-11-24 02:21:09;370;0;15,25
2021-11-24 02:21:14;370;0;15,25
2021-11-24 02:21:19;370;0;15,25
2021-11-24 02:21:24;370;0;15,25
2021-11-24 02:21:29;370;0;15,25
2021-11-24 02:21:34;370;0;15,25
2021-11-24 02:21:39;370;0;15,25
2021-11-24 02:21:44;370;0;15,25
2021-11-24 02:21:49;370;0;15,25
2021-11-24 02:21:54;370;0;15,25
2021-11-24 02:21:59;370;0;15,25
2021-11-24 02:22:04;370;0;15,25
2021-11-24 02:22:09;370;0;15,25
2021-11-24 02:22:14;370;0;15,25
2021-11-24 02:22:19;370;0;15,25
2021-11-24 02:22:24;370;0;15,25
2021-11-24 02:22:29;370;0;15,25
2021-11-24 02:22:34;370;0;15,25
2021-11-24 02:22:39;370;0;15,25
2021-11-24 02:22:44;370;0;15,25
2021-11-24 02:22:49;370;0;15,25
2021-11-24 02:22:54;370;0;15,25
2021-11-24 02:22:59;370;0;15,25
2021-11-24 02:23:04;370;0;15,25
2021-11-24 02:23:09;370;0;15,25
2021-11-24 02:23:14;370;0;15,25
2021-11-24 02:23:19;370;0;15,25
2021-11-24 02:23:24;370;0;15,25
2021-11-24 02:23:29;370;0;15,25
2021-11-24 02:23:34;370;0;15,25
2021-11-24 02:23:39;370;0;15,25
2021-11-24 02:23:44;370;0;15,25
2021-11-24 02:23:49;370;0;15,25
2021-11-24 02:23:54;370;0;15,25
2021-11-24 02:23:59;370;0;15,25
2021-11-24 02:24:04;370;0;15,25
2021-11-24 02:24:09;370;0;15,25
2021-11-24 02:24:14;370;0;15,25
2021-11-24 02:24:19;370;0;15,25
2021-11-24 02:24:24;370;0;15,25
2021-11-24 02:24:29;370;0;15,25
2021-11-24 02:24:34;370;0;15,25
2021-11-24 02:24:39;370;0;15,25
2021-11-24 02:24:44;370;0;15,25
2021-11-24 02:24:49;380;0;15,25
2021-11-24 02:24:54;370;0;15,25
2021-11-24 02:24:59;370;0;15,25
2021-11-24 02:25:04;370;0;15,25
2021-11-24 02:25:09;370;0;15,25
2021-11-24 02:25:14;360;0;15,25
2021-11-24 02:25:19;370;0;15,25
2021-11-24 02:25:24;370;0;15,25
2021-11-24 02:25:29;370;0;15,25
2021-11-24 02:25:34;370;0;15,25
2021-11-24 02:25:39;730;0;15,25
2021-11-24 02:25:44;780;0;15,25
2021-11-24 02:25:49;780;0;15,25
2021-11-24 02:25:54;780;0;15,25
2021-11-24 02:25:59;780;0;15,25
2021-11-24 02:26:04;780;0;15,25
2021-11-24 02:26:09;370;0;15,25
2021-11-24 02:26:14;370;0;15,25
2021-11-24 02:26:19;360;0;15,25
2021-11-24 02:26:24;370;0;15,25
2021-11-24 02:26:29;370;0;15,25
2021-11-24 02:26:34;370;0;15,25
2021-11-24 02:26:39;370;0;15,25
2021-11-24 02:26:44;370;0;15,25
2021-11-24 02:26:49;370;0;15,25
2021-11-24 02:26:54;370;0;15,25
2021-11-24 02:26:59;370;0;15,25
2021-11-24 02:27:04;370;0;15,25
2021-11-24 02:27:09;370;0;15,25
2021-11-24 02:27:14;370;0;15,25
2021-11-24 02:27:19;370;0;15,25
2021-11-24 02:27:24;380;0;15,25
2021-11-24 02:27:29;370;0;15,25
2021-11-24 02:27:34;370;0;15,25
2021-11-24 02:27:39;370;0;15,25
2021-11-24 02:27:44;360;0;15,25
2021-11-24 02:27:49;370;0;15,25
2021-11-24 02:27:54;370;0;15,25
2021-11-24 02:27:59;370;0;15,25
2021-11-24 02:28:04;370;0;15,25
2021-11-24 02:28:09;370;0;15,25
2021-11-24 02:28:14;370;0;15,25
2021-11-24 02:28:19;370;0;15,25
2021-11-24 02:28:24;370;0;15,25
2021-11-24 02:28:29;370;0;15,25
2021-11-24 02:28:34;370;0;15,25
2021-11-24 02:28:39;370;0;15,25
2021-11-24 02:28:44;370;0;15,25
2021-11-24 02:28:49;370;0;15,25
2021-11-24 02:28:54;370;0;15,25
2021-11-24 02:28:59;370;0;15,25
2021-11-24 02:29:04;370;0;15,25
2021-11-24 02:29:09;370;0;15,25
2021-11-24 02:29:14;370;0;15,25
2021-11-24 02:29:19;360;0;15,25
2021-11-24 02:29:24;370;0;15,25
2021-11-24 02:29:29;360;0;15,25
2021-11-24 02:29:34;360;0;15,25
2021-11-24 02:29:39;370;0;15,25
2021-11-24 02:29:44;370;0;15,25
2021-11-24 02:29:49;360;0;15,25
2021-11-24 02:29:54;360;0;15,25
2021-11-24 02:29:59;360;0;15,25
2021-11-24 02:30:04;370;0;15,25
2021-11-24 02:30:09;370;0;15,25
2021-11-24 02:30:14;370;0;15,25
2021-11-24 02:30:19;360;0;15,25
2021-11-24 02:30:24;360;0;15,25
2021-11-24 02:30:29;360;0;15,25
2021-11-24 02:30:34;360;0;15,25
2021-11-24 02:30:39;360;0;15,25
2021-11-24 02:30:44;360;0;15,25
2021-11-24 02:30:49;370;0;15,25
2021-11-24 02:30:54;360;0;15,25
2021-11-24 02:30:59;360;0;15,25
2021-11-24 02:31:04;360;0;15,25
2021-11-24 02:31:09;360;0;15,25
2021-11-24 02:31:14;360;0;15,25
2021-11-24 02:31:19;370;0;15,25
2021-11-24 02:31:24;370;0;15,25
2021-11-24 02:31:29;360;0;15,25
2021-11-24 02:31:34;370;0;15,25
2021-11-24 02:31:39;360;0;15,25
2021-11-24 02:31:44;360;0;15,25
2021-11-24 02:31:49;360;0;15,25
2021-11-24 02:31:54;360;0;15,25
2021-11-24 02:31:59;360;0;15,25
2021-11-24 02:32:04;370;0;15,25
2021-11-24 02:32:09;370;0;15,25
2021-11-24 02:32:14;370;0;15,25
2021-11-24 02:32:19;370;0;15,25
2021-11-24 02:32:24;370;0;15,25
2021-11-24 02:32:29;370;0;15,25
2021-11-24 02:32:34;370;0;15,25
2021-11-24 02:32:39;370;0;15,25
2021-11-24 02:32:44;370;0;15,25
2021-11-24 02:32:49;370;0;15,25
2021-11-24 02:32:54;370;0;15,25
2021-11-24 02:32:59;370;0;15,25
2021-11-24 02:33:04;370;0;15,25
2021-11-24 02:33:09;360;0;15,25
2021-11-24 02:33:14;370;0;15,25
2021-11-24 02:33:19;370;0;15,25
2021-11-24 02:33:24;370;0;15,25
2021-11-24 02:33:29;370;0;15,25
2021-11-24 02:33:34;370;0;15,25
2021-11-24 02:33:39;370;0;15,25
2021-11-24 02:33:44;370;0;15,25
2021-11-24 02:33:49;370;0;15,25
2021-11-24 02:33:54;370;0;15,25
2021-11-24 02:33:59;370;0;15,25
2021-11-24 02:34:04;370;0;15,25
2021-11-24 02:34:09;370;0;15,25
2021-11-24 02:34:14;370;0;15,25
2021-11-24 02:34:19;380;0;15,25
2021-11-24 02:34:24;370;0;15,25
2021-11-24 02:34:29;370;0;15,25
2021-11-24 02:34:34;370;0;15,25
2021-11-24 02:34:39;370;0;15,25
2021-11-24 02:34:44;370;0;15,25
2021-11-24 02:34:49;370;0;15,25
2021-11-24 02:34:54;370;0;15,25
2021-11-24 02:34:59;370;0;15,25
2021-11-24 02:35:04;370;0;15,25
2021-11-24 02:35:09;370;0;15,25
2021-11-24 02:35:14;370;0;15,25
2021-11-24 02:35:19;370;0;15,25
2021-11-24 02:35:24;370;0;15,25
2021-11-24 02:35:29;370;0;15,25
2021-11-24 02:35:34;370;0;15,25
2021-11-24 02:35:39;370;0;15,25
2021-11-24 02:35:44;370;0;15,25
2021-11-24 02:35:49;360;0;15,25
2021-11-24 02:35:54;370;0;15,25
2021-11-24 02:35:59;370;0;15,25
2021-11-24 02:36:04;370;0;15,25
2021-11-24 02:36:09;370;0;15,25
2021-11-24 02:36:14;370;0;15,25
2021-11-24 02:36:19;660;0;15,25
2021-11-24 02:36:24;740;0;15,25
2021-11-24 02:36:29;780;0;15,25
2021-11-24 02:36:34;790;0;15,25
2021-11-24 02:36:39;790;0;15,25
2021-11-24 02:36:44;780;0;15,25
2021-11-24 02:36:49;780;0;15,25
2021-11-24 02:36:54;370;0;15,25
2021-11-24 02:36:59;370;0;15,25
2021-11-24 02:37:04;370;0;15,25
2021-11-24 02:37:09;370;0;15,25
2021-11-24 02:37:14;370;0;15,25
2021-11-24 02:37:19;370;0;15,25
2021-11-24 02:37:24;370;0;15,25
2021-11-24 02:37:29;370;0;15,25
2021-11-24 02:37:34;370;0;15,25
2021-11-24 02:37:39;370;0;15,25
2021-11-24 02:37:44;370;0;15,25
2021-11-24 02:37:49;370;0;15,25
2021-11-24 02:37:54;370;0;15,25
2021-11-24 02:37:59;370;0;15,25
2021-11-24 02:38:04;380;0;15,25
2021-11-24 02:38:09;370;0;15,25
2021-11-24 02:38:14;370;0;15,25
2021-11-24 02:38:19;370;0;15,25
2021-11-24 02:38:24;370;0;15,25
2021-11-24 02:38:29;370;0;15,25
2021-11-24 02:38:34;370;0;15,25
2021-11-24 02:38:39;370;0;15,25
2021-11-24 02:38:44;370;0;15,25
2021-11-24 02:38:49;360;0;15,25
2021-11-24 02:38:54;370;0;15,25
2021-11-24 02:38:59;360;0;15,25
2021-11-24 02:39:04;360;0;15,25
2021-11-24 02:39:09;370;0;15,25
2021-11-24 02:39:14;370;0;15,25
2021-11-24 02:39:19;370;0;15,25
2021-11-24 02:39:24;370;0;15,25
2021-11-24 02:39:29;370;0;15,25
2021-11-24 02:39:34;370;0;15,25
2021-11-24 02:39:39;370;0;15,25
2021-11-24 02:39:44;370;0;15,25
2021-11-24 02:39:49;370;0;15,25
2021-11-24 02:39:54;370;0;15,25
2021-11-24 02:39:59;370;0;15,25
2021-11-24 02:40:04;370;0;15,25
2021-11-24 02:40:09;370;0;15,25
2021-11-24 02:40:14;370;0;15,25
2021-11-24 02:40:19;360;0;15,25
2021-11-24 02:40:24;360;0;15,25
2021-11-24 02:40:29;360;0;15,25
2021-11-24 02:40:34;370;0;15,25
2021-11-24 02:40:39;370;0;15,25
2021-11-24 02:40:44;370;0;15,25
2021-11-24 02:40:49;370;0;15,25
2021-11-24 02:40:54;370;0;15,25
2021-11-24 02:40:59;370;0;15,25
2021-11-24 02:41:04;370;0;15,25
2021-11-24 02:41:09;370;0;15,25
2021-11-24 02:41:14;370;0;15,25
2021-11-24 02:41:19;370;0;15,25
2021-11-24 02:41:24;370;0;15,25
2021-11-24 02:41:29;370;0;15,25
2021-11-24 02:41:34;370;0;15,25
2021-11-24 02:41:39;370;0;15,25
2021-11-24 02:41:44;370;0;15,25
2021-11-24 02:41:49;370;0;15,25
2021-11-24 02:41:54;370;0;15,25
2021-11-24 02:41:59;370;0;15,25
2021-11-24 02:42:04;370;0;15,25
2021-11-24 02:42:09;370;0;15,25
2021-11-24 02:42:14;370;0;15,25
2021-11-24 02:42:19;370;0;15,25
2021-11-24 02:42:24;370;0;15,25
2021-11-24 02:42:29;370;0;15,25
2021-11-24 02:42:34;370;0;15,25
2021-11-24 02:42:39;370;0;15,25
2021-11-24 02:42:44;370;0;15,25
2021-11-24 02:42:49;370;0;15,25
2021-11-24 02:42:54;370;0;15,25
2021-11-24 02:42:59;370;0;15,25
2021-11-24 02:43:04;370;0;15,25
2021-11-24 02:43:09;370;0;15,25
2021-11-24 02:43:14;370;0;15,25
2021-11-24 02:43:19;370;0;15,25
2021-11-24 02:43:24;370;0;15,25
2021-11-24 02:43:29;370;0;15,25
2021-11-24 02:43:34;370;0;15,25
2021-11-24 02:43:39;370;0;15,25
2021-11-24 02:43:44;370;0;15,25
2021-11-24 02:43:49;370;0;15,25
2021-11-24 02:43:54;370;0;15,25
2021-11-24 02:43:59;370;0;15,25
2021-11-24 02:44:04;370;0;15,25
2021-11-24 02:44:09;370;0;15,25
2021-11-24 02:44:14;370;0;15,25
2021-11-24 02:44:19;370;0;15,25
2021-11-24 02:44:24;370;0;15,25
2021-11-24 02:44:29;370;0;15,25
2021-11-24 02:44:34;370;0;15,25
2021-11-24 02:44:39;370;0;15,25
2021-11-24 02:44:44;370;0;15,25
2021-11-24 02:44:49;380;0;15,25
2021-11-24 02:44:54;370;0;15,25
2021-11-24 02:44:59;370;0;15,25
2021-11-24 02:45:04;370;0;15,25
2021-11-24 02:45:09;380;0;15,25
2021-11-24 02:45:14;380;0;15,25
2021-11-24 02:45:19;380;0;15,25
2021-11-24 02:45:24;370;0;15,25
2021-11-24 02:45:29;370;0;15,25
2021-11-24 02:45:34;370;0;15,25
2021-11-24 02:45:39;370;0;15,25
2021-11-24 02:45:44;370;0;15,25
2021-11-24 02:45:49;370;0;15,25
2021-11-24 02:45:54;370;0;15,25
2021-11-24 02:45:59;370;0;15,25
2021-11-24 02:46:04;370;0;15,25
2021-11-24 02:46:09;370;0;15,25
2021-11-24 02:46:14;370;0;15,25
2021-11-24 02:46:19;370;0;15,25
2021-11-24 02:46:24;370;0;15,25
2021-11-24 02:46:29;380;0;15,25
2021-11-24 02:46:34;380;0;15,25
2021-11-24 02:46:39;380;0;15,25
2021-11-24 02:46:44;370;0;15,25
2021-11-24 02:46:49;370;0;15,25
2021-11-24 02:46:54;380;0;15,25
2021-11-24 02:46:59;370;0;15,25
2021-11-24 02:47:04;760;0;15,25
2021-11-24 02:47:09;790;0;15,25
2021-11-24 02:47:14;790;0;15,25
2021-11-24 02:47:19;780;0;15,25
2021-11-24 02:47:24;780;0;15,25
2021-11-24 02:47:29;790;0;15,25
2021-11-24 02:47:34;360;0;15,25
2021-11-24 02:47:39;370;0;15,25
2021-11-24 02:47:44;370;0;15,25
2021-11-24 02:47:49;370;0;15,25
2021-11-24 02:47:54;380;0;15,25
2021-11-24 02:47:59;370;0;15,25
2021-11-24 02:48:04;370;0;15,25
2021-11-24 02:48:09;370;0;15,25
2021-11-24 02:48:14;380;0;15,25
2021-11-24 02:48:19;370;0;15,25
2021-11-24 02:48:24;370;0;15,25
2021-11-24 02:48:29;370;0;15,25
2021-11-24 02:48:34;370;0;15,25
2021-11-24 02:48:39;370;0;15,25
2021-11-24 02:48:44;370;0;15,25
2021-11-24 02:48:49;370;0;15,25
2021-11-24 02:48:54;380;0;15,25
2021-11-24 02:48:59;370;0;15,25
2021-11-24 02:49:04;370;0;15,25
2021-11-24 02:49:09;380;0;15,25
2021-11-24 02:49:14;380;0;15,25
2021-11-24 02:49:19;370;0;15,25
2021-11-24 02:49:24;370;0;15,25
2021-11-24 02:49:29;380;0;15,25
2021-11-24 02:49:34;370;0;15,25
2021-11-24 02:49:39;370;0;15,25
2021-11-24 02:49:44;370;0;15,25
2021-11-24 02:49:49;370;0;15,25
2021-11-24 02:49:54;370;0;15,25
2021-11-24 02:49:59;370;0;15,25
2021-11-24 02:50:04;370;0;15,25
2021-11-24 02:50:09;380;0;15,25
2021-11-24 02:50:14;380;0;15,25
2021-11-24 02:50:19;380;0;15,25
2021-11-24 02:50:24;370;0;15,25
2021-11-24 02:50:29;380;0;15,25
2021-11-24 02:50:34;370;0;15,25
2021-11-24 02:50:39;370;0;15,25
2021-11-24 02:50:44;370;0;15,25
2021-11-24 02:50:49;380;0;15,25
2021-11-24 02:50:54;370;0;15,25
2021-11-24 02:50:59;370;0;15,25
2021-11-24 02:51:04;370;0;15,25
2021-11-24 02:51:09;370;0;15,25
2021-11-24 02:51:14;370;0;15,25
2021-11-24 02:51:19;370;0;15,25
2021-11-24 02:51:24;370;0;15,25
2021-11-24 02:51:29;370;0;15,25
2021-11-24 02:51:34;370;0;15,25
2021-11-24 02:51:39;370;0;15,25
2021-11-24 02:51:44;380;0;15,25
2021-11-24 02:51:49;380;0;15,25
2021-11-24 02:51:54;370;0;15,25
2021-11-24 02:51:59;380;0;15,25
2021-11-24 02:52:04;380;0;15,25
2021-11-24 02:52:09;380;0;15,25
2021-11-24 02:52:14;370;0;15,25
2021-11-24 02:52:19;370;0;15,25
2021-11-24 02:52:24;370;0;15,25
2021-11-24 02:52:29;370;0;15,25
2021-11-24 02:52:34;370;0;15,25
2021-11-24 02:52:39;370;0;15,25
2021-11-24 02:52:44;380;0;15,25
2021-11-24 02:52:49;380;0;15,25
2021-11-24 02:52:54;370;0;15,25
2021-11-24 02:52:59;370;0;15,25
2021-11-24 02:53:04;370;0;15,25
2021-11-24 02:53:09;370;0;15,25
2021-11-24 02:53:14;370;0;15,25
2021-11-24 02:53:19;370;0;15,25
2021-11-24 02:53:24;370;0;15,25
2021-11-24 02:53:29;380;0;15,25
2021-11-24 02:53:34;370;0;15,25
2021-11-24 02:53:39;370;0;15,25
2021-11-24 02:53:44;370;0;15,25
2021-11-24 02:53:49;370;0;15,25
2021-11-24 02:53:54;370;0;15,25
2021-11-24 02:53:59;370;0;15,25
2021-11-24 02:54:04;370;0;15,25
2021-11-24 02:54:09;1080;0;15,25
2021-11-24 02:54:15;410;0;15,25
2021-11-24 02:54:19;410;0;15,25
2021-11-24 02:54:24;410;0;15,25
2021-11-24 02:54:29;410;0;15,25
2021-11-24 02:54:34;410;0;15,25
2021-11-24 02:54:39;420;0;15,25
2021-11-24 02:54:44;420;0;15,25
2021-11-24 02:54:49;420;0;15,25
2021-11-24 02:54:54;420;0;15,25
2021-11-24 02:54:59;410;0;15,25
2021-11-24 02:55:04;410;0;15,25
2021-11-24 02:55:09;410;0;15,25
2021-11-24 02:55:14;410;0;15,25
2021-11-24 02:55:19;400;0;15,25
2021-11-24 02:55:24;410;0;15,25
2021-11-24 02:55:29;410;0;15,25
2021-11-24 02:55:34;410;0;15,25
2021-11-24 02:55:39;400;0;15,25
2021-11-24 02:55:44;410;0;15,25
2021-11-24 02:55:49;410;0;15,25
2021-11-24 02:55:54;410;0;15,25
2021-11-24 02:55:59;400;0;15,25
2021-11-24 02:56:04;410;0;15,25
2021-11-24 02:56:09;410;0;15,25
2021-11-24 02:56:14;410;0;15,25
2021-11-24 02:56:19;400;0;15,25
2021-11-24 02:56:24;410;0;15,25
2021-11-24 02:56:29;410;0;15,25
2021-11-24 02:56:34;410;0;15,25
2021-11-24 02:56:39;410;0;15,25
2021-11-24 02:56:44;410;0;15,25
2021-11-24 02:56:49;410;0;15,25
2021-11-24 02:56:54;410;0;15,25
2021-11-24 02:56:59;410;0;15,25
2021-11-24 02:57:04;410;0;15,25
2021-11-24 02:57:09;410;0;15,25
2021-11-24 02:57:14;410;0;15,25
2021-11-24 02:57:19;400;0;15,25
2021-11-24 02:57:24;410;0;15,25
2021-11-24 02:57:29;410;0;15,25
2021-11-24 02:57:34;410;0;15,25
2021-11-24 02:57:39;410;0;15,25
2021-11-24 02:57:44;760;0;15,25
2021-11-24 02:57:49;780;0;15,25
2021-11-24 02:57:54;860;0;15,25
2021-11-24 02:57:59;850;0;15,25
2021-11-24 02:58:04;850;0;15,25
2021-11-24 02:58:09;860;0;15,25
2021-11-24 02:58:14;860;0;15,25
2021-11-24 02:58:19;410;0;15,25
2021-11-24 02:58:24;410;0;15,25
2021-11-24 02:58:29;420;0;15,25
2021-11-24 02:58:34;410;0;15,25
2021-11-24 02:58:39;410;0;15,25
2021-11-24 02:58:44;410;0;15,25
2021-11-24 02:58:49;410;0;15,25
2021-11-24 02:58:54;410;0;15,25
2021-11-24 02:58:59;400;0;15,25
2021-11-24 02:59:04;410;0;15,25
2021-11-24 02:59:09;410;0;15,25
2021-11-24 02:59:14;400;0;15,25
2021-11-24 02:59:19;400;0;15,25
2021-11-24 02:59:24;400;0;15,25
2021-11-24 02:59:29;400;0;15,25
2021-11-24 02:59:34;400;0;15,25
2021-11-24 02:59:39;400;0;15,25
2021-11-24 02:59:44;400;0;15,25
2021-11-24 02:59:49;400;0;15,25
2021-11-24 02:59:54;410;0;15,25
2021-11-24 02:59:59;400;0;15,25
2021-11-24 03:00:04;410;0;15,25
2021-11-24 03:00:09;410;0;15,25
2021-11-24 03:00:14;410;0;15,25
2021-11-24 03:00:19;400;0;15,25
2021-11-24 03:00:24;410;0;15,25
2021-11-24 03:00:29;400;0;15,25
2021-11-24 03:00:34;400;0;15,25
2021-11-24 03:00:39;400;0;15,25
2021-11-24 03:00:44;400;0;15,25
2021-11-24 03:00:49;410;0;15,25
2021-11-24 03:00:54;400;0;15,25
2021-11-24 03:00:59;400;0;15,25
2021-11-24 03:01:04;410;0;15,25
2021-11-24 03:01:09;410;0;15,25
2021-11-24 03:01:14;400;0;15,25
2021-11-24 03:01:19;400;0;15,25
2021-11-24 03:01:24;400;0;15,25
2021-11-24 03:01:29;410;0;15,25
2021-11-24 03:01:34;400;0;15,25
2021-11-24 03:01:39;400;0;15,25
2021-11-24 03:01:44;400;0;15,25
2021-11-24 03:01:49;400;0;15,25
2021-11-24 03:01:54;400;0;15,25
2021-11-24 03:01:59;400;0;15,25
2021-11-24 03:02:04;400;0;15,25
2021-11-24 03:02:09;400;0;15,25
2021-11-24 03:02:14;400;0;15,25
2021-11-24 03:02:19;400;0;15,25
2021-11-24 03:02:24;400;0;15,25
2021-11-24 03:02:29;400;0;15,25
2021-11-24 03:02:34;400;0;15,25
2021-11-24 03:02:39;400;0;15,25
2021-11-24 03:02:44;400;0;15,25
2021-11-24 03:02:49;400;0;15,25
2021-11-24 03:02:54;400;0;15,25
2021-11-24 03:02:59;400;0;15,25
2021-11-24 03:03:04;400;0;15,25
2021-11-24 03:03:09;410;0;15,25
2021-11-24 03:03:14;400;0;15,25
2021-11-24 03:03:19;400;0;15,25
2021-11-24 03:03:24;400;0;15,25
2021-11-24 03:03:29;400;0;15,25
2021-11-24 03:03:34;400;0;15,25
2021-11-24 03:03:39;400;0;15,25
2021-11-24 03:03:44;400;0;15,25
2021-11-24 03:03:49;410;0;15,25
2021-11-24 03:03:54;410;0;15,25
2021-11-24 03:03:59;400;0;15,25
2021-11-24 03:04:04;410;0;15,25
2021-11-24 03:04:09;410;0;15,25
2021-11-24 03:04:14;410;0;15,25
2021-11-24 03:04:19;400;0;15,25
2021-11-24 03:04:24;410;0;15,25
2021-11-24 03:04:29;410;0;15,25
2021-11-24 03:04:34;410;0;15,25
2021-11-24 03:04:39;400;0;15,25
2021-11-24 03:04:44;410;0;15,25
2021-11-24 03:04:49;410;0;15,25
2021-11-24 03:04:54;400;0;15,25
2021-11-24 03:04:59;410;0;15,25
2021-11-24 03:05:04;410;0;15,25
2021-11-24 03:05:09;400;0;15,25
2021-11-24 03:05:14;400;0;15,25
2021-11-24 03:05:19;400;0;15,25
2021-11-24 03:05:24;410;0;15,25
2021-11-24 03:05:29;410;0;15,25
2021-11-24 03:05:34;410;0;15,25
2021-11-24 03:05:39;410;0;15,25
2021-11-24 03:05:44;410;0;15,25
2021-11-24 03:05:49;410;0;15,25
2021-11-24 03:05:54;410;0;15,25
2021-11-24 03:05:59;400;0;15,25
2021-11-24 03:06:04;400;0;15,25
2021-11-24 03:06:09;410;0;15,25
2021-11-24 03:06:14;410;0;15,25
2021-11-24 03:06:19;400;0;15,25
2021-11-24 03:06:24;400;0;15,25
2021-11-24 03:06:29;410;0;15,25
2021-11-24 03:06:34;400;0;15,25
2021-11-24 03:06:39;410;0;15,25
2021-11-24 03:06:44;410;0;15,25
2021-11-24 03:06:49;410;0;15,25
2021-11-24 03:06:54;410;0;15,25
2021-11-24 03:06:59;410;0;15,25
2021-11-24 03:07:04;400;0;15,25
2021-11-24 03:07:09;410;0;15,25
2021-11-24 03:07:14;400;0;15,25
2021-11-24 03:07:19;400;0;15,25
2021-11-24 03:07:24;410;0;15,25
2021-11-24 03:07:29;400;0;15,25
2021-11-24 03:07:34;400;0;15,25
2021-11-24 03:07:39;400;0;15,25
2021-11-24 03:07:44;400;0;15,25
2021-11-24 03:07:49;400;0;15,25
2021-11-24 03:07:54;410;0;15,25
2021-11-24 03:07:59;400;0;15,25
2021-11-24 03:08:04;410;0;15,25
2021-11-24 03:08:09;400;0;15,25
2021-11-24 03:08:14;400;0;15,25
2021-11-24 03:08:19;410;0;15,25
2021-11-24 03:08:24;410;0;15,25
2021-11-24 03:08:29;410;0;15,25
2021-11-24 03:08:34;860;0;15,25
2021-11-24 03:08:39;850;0;15,25
2021-11-24 03:08:44;850;0;15,25
2021-11-24 03:08:49;850;0;15,25
2021-11-24 03:08:54;850;0;15,25
2021-11-24 03:08:59;410;0;15,25
2021-11-24 03:09:04;400;0;15,25
2021-11-24 03:09:09;410;0;15,25
2021-11-24 03:09:14;400;0;15,25
2021-11-24 03:09:19;400;0;15,25
2021-11-24 03:09:24;400;0;15,25
2021-11-24 03:09:30;410;0;15,25
2021-11-24 03:09:34;380;0;15,25
2021-11-24 03:09:39;380;0;15,25
2021-11-24 03:09:44;380;0;15,25
2021-11-24 03:09:49;380;0;15,25
2021-11-24 03:09:54;370;0;15,25
2021-11-24 03:09:59;370;0;15,25
2021-11-24 03:10:04;370;0;15,25
2021-11-24 03:10:09;380;0;15,25
2021-11-24 03:10:14;370;0;15,25
2021-11-24 03:10:19;370;0;15,25
2021-11-24 03:10:24;370;0;15,25
2021-11-24 03:10:29;370;0;15,25
2021-11-24 03:10:34;370;0;15,25
2021-11-24 03:10:39;370;0;15,25
2021-11-24 03:10:44;370;0;15,25
2021-11-24 03:10:49;370;0;15,25
2021-11-24 03:10:54;370;0;15,25
2021-11-24 03:10:59;370;0;15,25
2021-11-24 03:11:04;380;0;15,25
2021-11-24 03:11:09;370;0;15,25
2021-11-24 03:11:14;370;0;15,25
2021-11-24 03:11:19;370;0;15,25
2021-11-24 03:11:24;370;0;15,25
2021-11-24 03:11:29;370;0;15,25
2021-11-24 03:11:34;370;0;15,25
2021-11-24 03:11:39;370;0;15,25
2021-11-24 03:11:44;370;0;15,25
2021-11-24 03:11:49;370;0;15,25
2021-11-24 03:11:54;370;0;15,25
2021-11-24 03:11:59;370;0;15,25
2021-11-24 03:12:04;370;0;15,25
2021-11-24 03:12:09;370;0;15,25
2021-11-24 03:12:14;370;0;15,25
2021-11-24 03:12:19;370;0;15,25
2021-11-24 03:12:24;370;0;15,25
2021-11-24 03:12:29;370;0;15,25
2021-11-24 03:12:34;370;0;15,25
2021-11-24 03:12:39;370;0;15,25
2021-11-24 03:12:44;370;0;15,25
2021-11-24 03:12:49;370;0;15,25
2021-11-24 03:12:54;360;0;15,25
2021-11-24 03:12:59;370;0;15,25
2021-11-24 03:13:04;370;0;15,25
2021-11-24 03:13:09;370;0;15,25
2021-11-24 03:13:14;370;0;15,25
2021-11-24 03:13:19;370;0;15,25
2021-11-24 03:13:24;370;0;15,25
2021-11-24 03:13:29;370;0;15,25
2021-11-24 03:13:34;370;0;15,25
2021-11-24 03:13:39;370;0;15,25
2021-11-24 03:13:44;370;0;15,25
2021-11-24 03:13:49;370;0;15,25
2021-11-24 03:13:54;370;0;15,25
2021-11-24 03:13:59;370;0;15,25
2021-11-24 03:14:04;370;0;15,25
2021-11-24 03:14:09;370;0;15,25
2021-11-24 03:14:14;370;0;15,25
2021-11-24 03:14:19;370;0;15,25
2021-11-24 03:14:24;360;0;15,25
2021-11-24 03:14:29;360;0;15,25
2021-11-24 03:14:34;360;0;15,25
2021-11-24 03:14:39;370;0;15,25
2021-11-24 03:14:44;370;0;15,25
2021-11-24 03:14:49;370;0;15,25
2021-11-24 03:14:54;370;0;15,25
2021-11-24 03:14:59;370;0;15,25
2021-11-24 03:15:04;370;0;15,25
2021-11-24 03:15:09;370;0;15,25
2021-11-24 03:15:14;370;0;15,25
2021-11-24 03:15:19;370;0;15,25
2021-11-24 03:15:24;370;0;15,25
2021-11-24 03:15:29;370;0;15,25
2021-11-24 03:15:34;370;0;15,25
2021-11-24 03:15:39;370;0;15,25
2021-11-24 03:15:44;360;0;15,25
2021-11-24 03:15:49;360;0;15,25
2021-11-24 03:15:54;360;0;15,25
2021-11-24 03:15:59;370;0;15,25
2021-11-24 03:16:04;370;0;15,25
2021-11-24 03:16:09;380;0;15,25
2021-11-24 03:16:14;380;0;15,25
2021-11-24 03:16:19;380;0;15,25
2021-11-24 03:16:24;380;0;15,25
2021-11-24 03:16:29;390;0;15,25
2021-11-24 03:16:34;380;0;15,25
2021-11-24 03:16:39;380;0;15,25
2021-11-24 03:16:44;380;0;15,25
2021-11-24 03:16:49;390;0;15,25
2021-11-24 03:16:54;380;0;15,25
2021-11-24 03:16:59;380;0;15,25
2021-11-24 03:17:04;380;0;15,25
2021-11-24 03:17:09;380;0;15,25
2021-11-24 03:17:14;380;0;15,25
2021-11-24 03:17:19;390;0;15,25
2021-11-24 03:17:24;390;0;15,25
2021-11-24 03:17:29;390;0;15,25
2021-11-24 03:17:34;390;0;15,25
2021-11-24 03:17:39;390;0;15,25
2021-11-24 03:17:44;390;0;15,25
2021-11-24 03:17:49;390;0;15,25
2021-11-24 03:17:54;400;0;15,25
2021-11-24 03:17:59;390;0;15,25
2021-11-24 03:18:04;390;0;15,25
2021-11-24 03:18:09;390;0;15,25
2021-11-24 03:18:14;390;0;15,25
2021-11-24 03:18:19;390;0;15,25
2021-11-24 03:18:24;390;0;15,25
2021-11-24 03:18:29;390;0;15,25
2021-11-24 03:18:34;390;0;15,25
2021-11-24 03:18:39;390;0;15,25
2021-11-24 03:18:44;390;0;15,25
2021-11-24 03:18:49;390;0;15,25
2021-11-24 03:18:54;390;0;15,25
2021-11-24 03:18:59;390;0;15,25
2021-11-24 03:19:04;390;0;15,25
2021-11-24 03:19:09;390;0;15,25
2021-11-24 03:19:14;700;0;15,25
2021-11-24 03:19:19;810;0;15,25
2021-11-24 03:19:24;800;0;15,25
2021-11-24 03:19:29;800;0;15,25
2021-11-24 03:19:34;790;0;15,25
2021-11-24 03:19:39;800;0;15,25
2021-11-24 03:19:44;390;0;15,25
2021-11-24 03:19:49;390;0;15,25
2021-11-24 03:19:54;390;0;15,25
2021-11-24 03:19:59;390;0;15,25
2021-11-24 03:20:04;390;0;15,25
2021-11-24 03:20:09;390;0;15,25
2021-11-24 03:20:14;390;0;15,25
2021-11-24 03:20:19;390;0;15,25
2021-11-24 03:20:24;390;0;15,25
2021-11-24 03:20:29;390;0;15,25
2021-11-24 03:20:34;390;0;15,25
2021-11-24 03:20:39;390;0;15,25
2021-11-24 03:20:44;390;0;15,25
2021-11-24 03:20:49;390;0;15,25
2021-11-24 03:20:54;400;0;15,25
2021-11-24 03:20:59;390;0;15,25
2021-11-24 03:21:04;390;0;15,25
2021-11-24 03:21:09;390;0;15,25
2021-11-24 03:21:14;390;0;15,25
2021-11-24 03:21:19;390;0;15,25
2021-11-24 03:21:24;390;0;15,25
2021-11-24 03:21:29;390;0;15,25
2021-11-24 03:21:34;390;0;15,25
2021-11-24 03:21:39;390;0;15,25
2021-11-24 03:21:44;390;0;15,25
2021-11-24 03:21:49;390;0;15,25
2021-11-24 03:21:54;400;0;15,25
2021-11-24 03:21:59;390;0;15,25
2021-11-24 03:22:04;390;0;15,25
2021-11-24 03:22:09;390;0;15,25
2021-11-24 03:22:14;390;0;15,25
2021-11-24 03:22:19;390;0;15,25
2021-11-24 03:22:24;390;0;15,25
2021-11-24 03:22:29;380;0;15,25
2021-11-24 03:22:34;390;0;15,25
2021-11-24 03:22:39;380;0;15,25
2021-11-24 03:22:44;380;0;15,25
2021-11-24 03:22:49;380;0;15,25
2021-11-24 03:22:54;380;0;15,25
2021-11-24 03:22:59;430;0;15,25
2021-11-24 03:23:04;420;0;15,25
2021-11-24 03:23:09;420;0;15,25
2021-11-24 03:23:14;420;0;15,25
2021-11-24 03:23:19;420;0;15,25
2021-11-24 03:23:24;420;0;15,25
2021-11-24 03:23:29;420;0;15,25
2021-11-24 03:23:34;420;0;15,25
2021-11-24 03:23:39;420;0;15,25
2021-11-24 03:23:44;420;0;15,25
2021-11-24 03:23:49;420;0;15,00
2021-11-24 03:23:54;420;0;15,25
2021-11-24 03:23:59;420;0;15,25
2021-11-24 03:24:04;420;0;15,25
2021-11-24 03:24:09;420;0;15,25
2021-11-24 03:24:14;420;0;15,25
2021-11-24 03:24:19;420;0;15,25
2021-11-24 03:24:24;420;0;15,25
2021-11-24 03:24:29;410;0;15,25
2021-11-24 03:24:34;420;0;15,25
2021-11-24 03:24:39;420;0;15,25
2021-11-24 03:24:44;420;0;15,25
2021-11-24 03:24:49;420;0;15,25
2021-11-24 03:24:54;430;0;15,25
2021-11-24 03:24:59;420;0;15,00
2021-11-24 03:25:04;420;0;15,25
2021-11-24 03:25:09;420;0;15,25
2021-11-24 03:25:14;420;0;15,25
2021-11-24 03:25:19;410;0;15,25
2021-11-24 03:25:24;420;0;15,25
2021-11-24 03:25:29;420;0;15,25
2021-11-24 03:25:34;420;0;15,25
2021-11-24 03:25:39;420;0;15,25
2021-11-24 03:25:44;420;0;15,25
2021-11-24 03:25:49;420;0;15,25
2021-11-24 03:25:54;420;0;15,25
2021-11-24 03:25:59;420;0;15,25
2021-11-24 03:26:04;400;0;15,25
2021-11-24 03:26:09;400;0;15,25
2021-11-24 03:26:14;400;0;15,25
2021-11-24 03:26:19;400;0;15,25
2021-11-24 03:26:24;390;0;15,25
2021-11-24 03:26:29;400;0;15,25
2021-11-24 03:26:34;400;0;15,25
2021-11-24 03:26:39;400;0;15,25
2021-11-24 03:26:44;390;0;15,25
2021-11-24 03:26:49;400;0;15,25
2021-11-24 03:26:54;400;0;15,25
2021-11-24 03:26:59;400;0;15,25
2021-11-24 03:27:04;400;0;15,25
2021-11-24 03:27:09;400;0;15,25
2021-11-24 03:27:14;400;0;15,25
2021-11-24 03:27:19;400;0;15,25
2021-11-24 03:27:24;400;0;15,25
2021-11-24 03:27:29;400;0;15,25
2021-11-24 03:27:34;410;0;15,25
2021-11-24 03:27:39;400;0;15,25
2021-11-24 03:27:44;400;0;15,25
2021-11-24 03:27:49;400;0;15,25
2021-11-24 03:27:54;400;0;15,25
2021-11-24 03:27:59;400;0;15,25
2021-11-24 03:28:04;400;0;15,25
2021-11-24 03:28:09;400;0;15,25
2021-11-24 03:28:14;400;0;15,25
2021-11-24 03:28:19;400;0;15,25
2021-11-24 03:28:24;400;0;15,00
2021-11-24 03:28:29;400;0;15,25
2021-11-24 03:28:34;400;0;15,25
2021-11-24 03:28:39;400;0;15,00
2021-11-24 03:28:44;400;0;15,25
2021-11-24 03:28:49;400;0;15,25
2021-11-24 03:28:54;410;0;15,00
2021-11-24 03:28:59;400;0;15,25
2021-11-24 03:29:04;400;0;15,00
2021-11-24 03:29:09;400;0;15,25
2021-11-24 03:29:14;400;0;15,25
2021-11-24 03:29:19;400;0;15,25
2021-11-24 03:29:24;400;0;15,25
2021-11-24 03:29:29;400;0;15,00
2021-11-24 03:29:34;400;0;15,25
2021-11-24 03:29:39;400;0;15,25
2021-11-24 03:29:44;400;0;15,25
2021-11-24 03:29:49;400;0;15,25
2021-11-24 03:29:54;750;0;15,25
2021-11-24 03:29:59;850;0;15,25
2021-11-24 03:30:04;850;0;15,25
2021-11-24 03:30:09;860;0;15,00
2021-11-24 03:30:14;850;0;15,25
2021-11-24 03:30:19;850;0;15,00
2021-11-24 03:30:24;400;0;15,25
2021-11-24 03:30:29;400;0;15,25
2021-11-24 03:30:34;400;0;15,00
2021-11-24 03:30:39;400;0;15,00
2021-11-24 03:30:44;400;0;15,00
2021-11-24 03:30:49;400;0;15,25
2021-11-24 03:30:54;400;0;15,25
2021-11-24 03:30:59;400;0;15,25
2021-11-24 03:31:04;400;0;15,00
2021-11-24 03:31:09;400;0;15,00
2021-11-24 03:31:14;400;0;15,25
2021-11-24 03:31:19;400;0;15,00
2021-11-24 03:31:24;400;0;15,25
2021-11-24 03:31:29;400;0;15,25
2021-11-24 03:31:34;410;0;15,25
2021-11-24 03:31:39;400;0;15,00
2021-11-24 03:31:44;400;0;15,00
2021-11-24 03:31:49;400;0;15,25
2021-11-24 03:31:54;400;0;15,25
2021-11-24 03:31:59;400;0;15,25
2021-11-24 03:32:04;400;0;15,25
2021-11-24 03:32:09;400;0;15,00
2021-11-24 03:32:14;400;0;15,25
2021-11-24 03:32:19;400;0;15,25
2021-11-24 03:32:24;400;0;15,00
2021-11-24 03:32:29;400;0;15,00
2021-11-24 03:32:34;400;0;15,00
2021-11-24 03:32:39;400;0;15,00
2021-11-24 03:32:44;400;0;15,00
2021-11-24 03:32:49;400;0;15,25
2021-11-24 03:32:54;400;0;15,00
2021-11-24 03:32:59;400;0;15,00
2021-11-24 03:33:04;400;0;15,00
2021-11-24 03:33:09;400;0;15,00
2021-11-24 03:33:14;400;0;15,00
2021-11-24 03:33:19;390;0;15,00
2021-11-24 03:33:24;390;0;15,00
2021-11-24 03:33:29;400;0;15,00
2021-11-24 03:33:34;400;0;15,25
2021-11-24 03:33:39;400;0;15,00
2021-11-24 03:33:44;400;0;15,00
2021-11-24 03:33:49;400;0;15,00
2021-11-24 03:33:54;400;0;15,00
2021-11-24 03:33:59;400;0;15,00
2021-11-24 03:34:04;390;0;15,25
2021-11-24 03:34:09;400;0;15,00
2021-11-24 03:34:14;400;0;15,00
2021-11-24 03:34:19;400;0;15,00
2021-11-24 03:34:24;400;0;15,00
2021-11-24 03:34:29;400;0;15,00
2021-11-24 03:34:34;400;0;15,25
2021-11-24 03:34:39;390;0;15,00
2021-11-24 03:34:44;400;0;15,00
2021-11-24 03:34:49;400;0;15,00
2021-11-24 03:34:54;400;0;15,25
2021-11-24 03:34:59;400;0;15,00
2021-11-24 03:35:04;390;0;15,00
2021-11-24 03:35:09;400;0;15,00
2021-11-24 03:35:14;400;0;15,00
2021-11-24 03:35:19;400;0;15,00
2021-11-24 03:35:24;400;0;15,00
2021-11-24 03:35:29;400;0;15,00
2021-11-24 03:35:34;400;0;15,00
2021-11-24 03:35:39;400;0;15,25
2021-11-24 03:35:44;390;0;15,00
2021-11-24 03:35:49;400;0;15,00
2021-11-24 03:35:54;400;0;15,00
2021-11-24 03:35:59;370;0;15,00
2021-11-24 03:36:04;370;0;15,00
2021-11-24 03:36:09;370;0;15,00
2021-11-24 03:36:14;370;0;15,00
2021-11-24 03:36:19;370;0;15,00
2021-11-24 03:36:24;370;0;15,00
2021-11-24 03:36:29;370;0;15,00
2021-11-24 03:36:34;370;0;15,00
2021-11-24 03:36:39;370;0;15,00
2021-11-24 03:36:44;370;0;15,00
2021-11-24 03:36:49;380;0;15,25
2021-11-24 03:36:54;370;0;15,00
2021-11-24 03:36:59;370;0;15,00
2021-11-24 03:37:04;370;0;15,00
2021-11-24 03:37:09;380;0;15,00
2021-11-24 03:37:14;380;0;15,00
2021-11-24 03:37:19;370;0;15,00
2021-11-24 03:37:24;370;0;15,00
2021-11-24 03:37:29;370;0;15,00
2021-11-24 03:37:34;370;0;15,00
2021-11-24 03:37:39;370;0;15,25
2021-11-24 03:37:44;370;0;15,00
2021-11-24 03:37:49;370;0;15,00
2021-11-24 03:37:54;370;0;15,00
2021-11-24 03:37:59;370;0;15,00
2021-11-24 03:38:04;370;0;15,00
2021-11-24 03:38:09;380;0;15,00
2021-11-24 03:38:14;370;0;15,00
2021-11-24 03:38:19;370;0;15,00
2021-11-24 03:38:24;370;0;15,25
2021-11-24 03:38:29;370;0;15,00
2021-11-24 03:38:34;370;0;15,00
2021-11-24 03:38:39;360;0;15,00
2021-11-24 03:38:44;370;0;15,00
2021-11-24 03:38:49;370;0;15,00
2021-11-24 03:38:54;370;0;15,00
2021-11-24 03:38:59;370;0;15,00
2021-11-24 03:39:04;370;0;15,00
2021-11-24 03:39:09;380;0;15,00
2021-11-24 03:39:14;380;0;15,00
2021-11-24 03:39:19;380;0;15,00
2021-11-24 03:39:24;370;0;15,00
2021-11-24 03:39:29;380;0;15,00
2021-11-24 03:39:34;370;0;15,00
2021-11-24 03:39:39;370;0;15,00
2021-11-24 03:39:44;380;0;15,00
2021-11-24 03:39:49;370;0;15,00
2021-11-24 03:39:54;370;0;15,00
2021-11-24 03:39:59;370;0;15,00
2021-11-24 03:40:04;370;0;15,00
2021-11-24 03:40:09;380;0;15,00
2021-11-24 03:40:14;370;0;15,00
2021-11-24 03:40:19;370;0;15,00
2021-11-24 03:40:24;370;0;15,00
2021-11-24 03:40:29;380;0;15,00
2021-11-24 03:40:34;720;0;15,00
2021-11-24 03:40:39;780;0;15,00
2021-11-24 03:40:44;790;0;15,00
2021-11-24 03:40:49;790;0;15,00
2021-11-24 03:40:54;790;0;15,00
2021-11-24 03:40:59;780;0;15,00
2021-11-24 03:41:04;380;0;15,00
2021-11-24 03:41:09;380;0;15,00
2021-11-24 03:41:14;380;0;15,00
2021-11-24 03:41:19;380;0;15,00
2021-11-24 03:41:24;370;0;15,00
2021-11-24 03:41:29;370;0;15,00
2021-11-24 03:41:34;380;0;15,00
2021-11-24 03:41:39;370;0;15,00
2021-11-24 03:41:44;370;0;15,00
2021-11-24 03:41:49;370;0;15,00
2021-11-24 03:41:54;380;0;15,00
2021-11-24 03:41:59;370;0;15,00
2021-11-24 03:42:04;370;0;15,00
2021-11-24 03:42:09;380;0;15,00
2021-11-24 03:42:14;380;0;15,00
2021-11-24 03:42:19;370;0;15,00
2021-11-24 03:42:24;380;0;15,00
2021-11-24 03:42:29;370;0;15,00
2021-11-24 03:42:34;370;0;15,00
2021-11-24 03:42:39;370;0;15,00
2021-11-24 03:42:44;360;0;15,00
2021-11-24 03:42:49;370;0;15,00
2021-11-24 03:42:54;370;0;15,00
2021-11-24 03:42:59;370;0;15,00
2021-11-24 03:43:04;370;0;15,00
2021-11-24 03:43:09;370;0;15,00
2021-11-24 03:43:14;370;0;15,00
2021-11-24 03:43:19;370;0;15,00
2021-11-24 03:43:24;370;0;15,00
2021-11-24 03:43:29;370;0;15,25
2021-11-24 03:43:34;370;0;15,00
2021-11-24 03:43:39;370;0;15,00
2021-11-24 03:43:44;370;0;15,00
2021-11-24 03:43:49;370;0;15,00
2021-11-24 03:43:54;370;0;15,00
2021-11-24 03:43:59;370;0;15,00
2021-11-24 03:44:04;370;0;15,00
2021-11-24 03:44:09;370;0;15,00
2021-11-24 03:44:14;370;0;15,00
2021-11-24 03:44:19;360;0;15,00
2021-11-24 03:44:24;370;0;15,00
2021-11-24 03:44:29;370;0;15,00
2021-11-24 03:44:34;370;0;15,00
2021-11-24 03:44:39;370;0;15,00
2021-11-24 03:44:44;370;0;15,00
2021-11-24 03:44:49;370;0;15,00
2021-11-24 03:44:54;370;0;15,00
2021-11-24 03:44:59;370;0;15,00
2021-11-24 03:45:04;370;0;15,00
2021-11-24 03:45:09;370;0;15,00
2021-11-24 03:45:14;370;0;15,00
2021-11-24 03:45:19;370;0;15,00
2021-11-24 03:45:24;370;0;15,00
2021-11-24 03:45:29;370;0;15,00
2021-11-24 03:45:34;370;0;15,00
2021-11-24 03:45:39;370;0;15,00
2021-11-24 03:45:44;370;0;15,25
2021-11-24 03:45:49;370;0;15,00
2021-11-24 03:45:54;370;0;15,00
2021-11-24 03:45:59;360;0;15,00
2021-11-24 03:46:04;370;0;15,25
2021-11-24 03:46:09;370;0;15,00
2021-11-24 03:46:14;370;0;15,00
2021-11-24 03:46:19;370;0;15,00
2021-11-24 03:46:24;370;0;15,00
2021-11-24 03:46:29;370;0;15,00
2021-11-24 03:46:34;380;0;15,00
2021-11-24 03:46:39;370;0;15,00
2021-11-24 03:46:44;370;0;15,00
2021-11-24 03:46:49;370;0;15,00
2021-11-24 03:46:54;370;0;15,00
2021-11-24 03:46:59;370;0;15,00
2021-11-24 03:47:04;370;0;15,00
2021-11-24 03:47:09;380;0;15,00
2021-11-24 03:47:14;380;0;15,00
2021-11-24 03:47:19;370;0;15,00
2021-11-24 03:47:24;370;0;15,00
2021-11-24 03:47:29;380;0;15,00
2021-11-24 03:47:34;380;0;15,00
2021-11-24 03:47:39;380;0;15,00
2021-11-24 03:47:44;380;0;15,00
2021-11-24 03:47:49;380;0;15,00
2021-11-24 03:47:54;380;0;15,00
2021-11-24 03:47:59;380;0;15,00
2021-11-24 03:48:04;380;0;15,00
2021-11-24 03:48:09;380;0;15,00
2021-11-24 03:48:14;380;0;15,00
2021-11-24 03:48:19;380;0;15,00
2021-11-24 03:48:24;380;0;15,00
2021-11-24 03:48:29;380;0;15,00
2021-11-24 03:48:34;370;0;15,00
2021-11-24 03:48:39;380;0;15,00
2021-11-24 03:48:44;380;0;15,00
2021-11-24 03:48:49;380;0;15,00
2021-11-24 03:48:54;380;0;15,00
2021-11-24 03:48:59;380;0;15,00
2021-11-24 03:49:04;380;0;15,00
2021-11-24 03:49:09;370;0;15,00
2021-11-24 03:49:14;370;0;15,00
2021-11-24 03:49:19;380;0;15,00
2021-11-24 03:49:24;380;0;15,00
2021-11-24 03:49:29;380;0;15,00
2021-11-24 03:49:34;380;0;15,00
2021-11-24 03:49:39;370;0;15,00
2021-11-24 03:49:44;380;0;15,00
2021-11-24 03:49:49;380;0;15,00
2021-11-24 03:49:54;380;0;15,00
2021-11-24 03:49:59;370;0;15,00
2021-11-24 03:50:04;380;0;15,00
2021-11-24 03:50:09;380;0;15,00
2021-11-24 03:50:14;380;0;15,00
2021-11-24 03:50:19;380;0;15,00
2021-11-24 03:50:24;380;0;15,00
2021-11-24 03:50:29;380;0;15,00
2021-11-24 03:50:34;380;0;15,00
2021-11-24 03:50:39;380;0;15,00
2021-11-24 03:50:44;380;0;15,00
2021-11-24 03:50:49;380;0;15,00
2021-11-24 03:50:54;380;0;15,00
2021-11-24 03:50:59;370;0;15,00
2021-11-24 03:51:04;380;0;15,00
2021-11-24 03:51:09;680;0;15,00
2021-11-24 03:51:14;750;0;15,00
2021-11-24 03:51:19;780;0;15,00
2021-11-24 03:51:24;800;0;15,00
2021-11-24 03:51:29;790;0;15,00
2021-11-24 03:51:34;790;0;15,00
2021-11-24 03:51:39;580;0;15,00
2021-11-24 03:51:44;410;0;15,00
2021-11-24 03:51:49;420;0;15,00
2021-11-24 03:51:54;420;0;15,00
2021-11-24 03:51:59;420;0;15,00
2021-11-24 03:52:04;420;0;15,00
2021-11-24 03:52:09;420;0;15,00
2021-11-24 03:52:14;420;0;15,00
2021-11-24 03:52:19;420;0;15,00
2021-11-24 03:52:24;410;0;15,00
2021-11-24 03:52:29;410;0;15,00
2021-11-24 03:52:34;410;0;15,00
2021-11-24 03:52:39;410;0;15,00
2021-11-24 03:52:44;410;0;15,00
2021-11-24 03:52:49;410;0;15,00
2021-11-24 03:52:54;410;0;15,00
2021-11-24 03:52:59;410;0;15,00
2021-11-24 03:53:04;410;0;15,00
2021-11-24 03:53:09;410;0;15,00
2021-11-24 03:53:14;410;0;15,00
2021-11-24 03:53:19;410;0;15,00
2021-11-24 03:53:24;400;0;15,00
2021-11-24 03:53:29;410;0;15,00
2021-11-24 03:53:34;410;0;15,00
2021-11-24 03:53:39;420;0;15,00
2021-11-24 03:53:44;410;0;15,00
2021-11-24 03:53:49;410;0;15,00
2021-11-24 03:53:54;410;0;15,00
2021-11-24 03:53:59;410;0;15,00
2021-11-24 03:54:04;410;0;15,00
2021-11-24 03:54:09;420;0;15,00
2021-11-24 03:54:14;420;0;15,00
2021-11-24 03:54:19;410;0;15,00
2021-11-24 03:54:24;410;0;15,00
2021-11-24 03:54:29;410;0;15,00
2021-11-24 03:54:34;400;0;15,00
2021-11-24 03:54:39;410;0;15,00
2021-11-24 03:54:44;410;0;15,00
2021-11-24 03:54:49;410;0;15,00
2021-11-24 03:54:54;410;0;15,00
2021-11-24 03:54:59;410;0;15,00
2021-11-24 03:55:04;410;0;15,00
2021-11-24 03:55:09;410;0;15,00
2021-11-24 03:55:14;400;0;15,00
2021-11-24 03:55:19;410;0;15,00
2021-11-24 03:55:24;410;0;15,00
2021-11-24 03:55:29;410;0;15,00
2021-11-24 03:55:34;410;0;15,00
2021-11-24 03:55:39;410;0;15,25
2021-11-24 03:55:44;410;0;15,00
2021-11-24 03:55:49;410;0;15,00
2021-11-24 03:55:54;410;0;15,00
2021-11-24 03:55:59;410;0;15,00
2021-11-24 03:56:04;410;0;15,00
2021-11-24 03:56:09;410;0;15,00
2021-11-24 03:56:14;410;0;15,00
2021-11-24 03:56:19;410;0;15,00
2021-11-24 03:56:24;410;0;15,00
2021-11-24 03:56:29;410;0;15,00
2021-11-24 03:56:34;410;0;15,00
2021-11-24 03:56:39;410;0;15,00
2021-11-24 03:56:44;410;0;15,00
2021-11-24 03:56:49;410;0;15,00
2021-11-24 03:56:54;410;0;15,00
2021-11-24 03:56:59;410;0;15,00
2021-11-24 03:57:04;410;0;15,00
2021-11-24 03:57:09;410;0;15,00
2021-11-24 03:57:14;410;0;15,00
2021-11-24 03:57:19;410;0;15,00
2021-11-24 03:57:24;410;0;15,00
2021-11-24 03:57:29;410;0;15,00
2021-11-24 03:57:34;410;0;15,00
2021-11-24 03:57:39;410;0;15,00
2021-11-24 03:57:44;410;0;15,00
2021-11-24 03:57:49;410;0;15,00
2021-11-24 03:57:54;410;0;15,00
2021-11-24 03:57:59;410;0;15,00
2021-11-24 03:58:04;410;0;15,00
2021-11-24 03:58:09;410;0;15,00
2021-11-24 03:58:14;410;0;15,00
2021-11-24 03:58:19;410;0;15,00
2021-11-24 03:58:24;410;0;15,25
2021-11-24 03:58:29;410;0;15,00
2021-11-24 03:58:34;410;0;15,00
2021-11-24 03:58:39;410;0;15,00
2021-11-24 03:58:44;410;0;15,00
2021-11-24 03:58:49;410;0;15,00
2021-11-24 03:58:54;410;0;15,00
2021-11-24 03:58:59;410;0;15,00
2021-11-24 03:59:04;410;0;15,00
2021-11-24 03:59:09;410;0;15,00
2021-11-24 03:59:14;410;0;15,00
2021-11-24 03:59:19;400;0;15,00
2021-11-24 03:59:24;390;0;15,00
2021-11-24 03:59:29;400;0;15,00
2021-11-24 03:59:34;400;0;15,00
2021-11-24 03:59:39;400;0;15,00
2021-11-24 03:59:44;400;0;15,00
2021-11-24 03:59:49;400;0;15,00
2021-11-24 03:59:54;400;0;15,00
2021-11-24 03:59:59;400;0;15,00
2021-11-24 04:00:04;400;0;15,25
2021-11-24 04:00:09;410;0;15,00
2021-11-24 04:00:14;410;0;15,00
2021-11-24 04:00:19;400;0;15,00
2021-11-24 04:00:24;400;0;15,00
2021-11-24 04:00:29;400;0;15,00
2021-11-24 04:00:34;400;0;15,00
2021-11-24 04:00:39;400;0;15,00
2021-11-24 04:00:44;400;0;15,00
2021-11-24 04:00:49;400;0;15,00
2021-11-24 04:00:54;400;0;15,00
2021-11-24 04:00:59;400;0;15,00
2021-11-24 04:01:04;410;0;15,00
2021-11-24 04:01:09;400;0;15,00
2021-11-24 04:01:14;400;0;15,00
2021-11-24 04:01:19;400;0;15,00
2021-11-24 04:01:24;400;0;15,00
2021-11-24 04:01:29;400;0;15,00
2021-11-24 04:01:34;410;0;15,00
2021-11-24 04:01:39;410;0;15,00
2021-11-24 04:01:44;410;0;15,00
2021-11-24 04:01:49;800;0;15,00
2021-11-24 04:01:54;850;0;15,00
2021-11-24 04:01:59;850;0;15,00
2021-11-24 04:02:04;860;0;15,00
2021-11-24 04:02:09;860;0;15,00
2021-11-24 04:02:14;850;0;15,00
2021-11-24 04:02:19;400;0;15,00
2021-11-24 04:02:24;410;0;15,00
2021-11-24 04:02:29;410;0;15,00
2021-11-24 04:02:34;410;0;15,00
2021-11-24 04:02:39;410;0;15,00
2021-11-24 04:02:44;410;0;15,00
2021-11-24 04:02:49;410;0;15,00
2021-11-24 04:02:54;410;0;15,00
2021-11-24 04:02:59;410;0;15,00
2021-11-24 04:03:04;410;0;15,00
2021-11-24 04:03:09;410;0;15,00
2021-11-24 04:03:14;410;0;15,00
2021-11-24 04:03:19;410;0;15,00
2021-11-24 04:03:24;400;0;15,00
2021-11-24 04:03:29;400;0;15,00
2021-11-24 04:03:34;410;0;15,00
2021-11-24 04:03:39;410;0;15,00
2021-11-24 04:03:44;410;0;15,00
2021-11-24 04:03:49;400;0;15,00
2021-11-24 04:03:54;410;0;15,00
2021-11-24 04:03:59;410;0;15,00
2021-11-24 04:04:04;410;0;15,00
2021-11-24 04:04:09;410;0;15,00
2021-11-24 04:04:14;410;0;15,00
2021-11-24 04:04:19;410;0;15,00
2021-11-24 04:04:24;410;0;15,00
2021-11-24 04:04:29;410;0;15,00
2021-11-24 04:04:34;410;0;15,00
2021-11-24 04:04:39;410;0;15,00
2021-11-24 04:04:44;410;0;15,00
2021-11-24 04:04:49;410;0;15,00
2021-11-24 04:04:54;410;0;15,00
2021-11-24 04:04:59;410;0;15,00
2021-11-24 04:05:04;410;0;15,00
2021-11-24 04:05:09;410;0;15,00
2021-11-24 04:05:14;410;0;15,00
2021-11-24 04:05:19;410;0;15,00
2021-11-24 04:05:25;410;0;15,00
2021-11-24 04:05:30;410;0;15,00
2021-11-24 04:05:35;410;0;15,00
2021-11-24 04:05:40;410;0;15,00
2021-11-24 04:05:45;410;0;15,00
2021-11-24 04:05:50;410;0;15,00
2021-11-24 04:05:55;410;0;15,00
2021-11-24 04:06:00;410;0;15,00
2021-11-24 04:06:04;410;0;15,00
2021-11-24 04:06:09;410;0;15,00
2021-11-24 04:06:14;410;0;15,00
2021-11-24 04:06:19;410;0;15,00
2021-11-24 04:06:24;410;0;15,00
2021-11-24 04:06:29;410;0;15,00
2021-11-24 04:06:34;380;0;15,00
2021-11-24 04:06:39;380;0;15,00
2021-11-24 04:06:44;380;0;15,00
2021-11-24 04:06:49;380;0;15,00
2021-11-24 04:06:54;380;0;15,00
2021-11-24 04:06:59;380;0;15,00
2021-11-24 04:07:04;380;0;15,00
2021-11-24 04:07:09;380;0;15,00
2021-11-24 04:07:14;380;0;15,00
2021-11-24 04:07:19;380;0;15,00
2021-11-24 04:07:24;380;0;15,00
2021-11-24 04:07:29;380;0;15,00
2021-11-24 04:07:34;380;0;15,00
2021-11-24 04:07:39;380;0;15,00
2021-11-24 04:07:44;380;0;15,00
2021-11-24 04:07:49;380;0;15,00
2021-11-24 04:07:54;380;0;15,00
2021-11-24 04:07:59;380;0;15,00
2021-11-24 04:08:04;380;0;15,00
2021-11-24 04:08:09;380;0;15,00
2021-11-24 04:08:14;380;0;15,00
2021-11-24 04:08:19;380;0;15,00
2021-11-24 04:08:24;380;0;15,00
2021-11-24 04:08:29;380;0;15,00
2021-11-24 04:08:34;380;0;15,00
2021-11-24 04:08:39;380;0;15,00
2021-11-24 04:08:44;380;0;15,00
2021-11-24 04:08:49;380;0;15,00
2021-11-24 04:08:54;380;0;15,00
2021-11-24 04:08:59;380;0;15,00
2021-11-24 04:09:04;380;0;15,00
2021-11-24 04:09:09;370;0;15,00
2021-11-24 04:09:14;380;0;15,00
2021-11-24 04:09:19;380;0;15,00
2021-11-24 04:09:24;380;0;15,00
2021-11-24 04:09:29;380;0;15,00
2021-11-24 04:09:34;380;0;15,00
2021-11-24 04:09:39;380;0;15,00
2021-11-24 04:09:44;380;0;15,00
2021-11-24 04:09:49;370;0;15,00
2021-11-24 04:09:54;380;0;15,00
2021-11-24 04:09:59;370;0;15,00
2021-11-24 04:10:04;370;0;15,00
2021-11-24 04:10:09;380;0;15,00
2021-11-24 04:10:14;380;0;15,00
2021-11-24 04:10:19;380;0;15,00
2021-11-24 04:10:24;380;0;15,25
2021-11-24 04:10:29;370;0;15,00
2021-11-24 04:10:34;380;0;15,00
2021-11-24 04:10:39;380;0;15,00
2021-11-24 04:10:44;380;0;15,00
2021-11-24 04:10:49;380;0;15,00
2021-11-24 04:10:54;380;0;15,00
2021-11-24 04:10:59;380;0;15,00
2021-11-24 04:11:04;380;0;15,00
2021-11-24 04:11:09;380;0;15,00
2021-11-24 04:11:14;380;0;15,00
2021-11-24 04:11:19;380;0;15,00
2021-11-24 04:11:24;380;0;15,00
2021-11-24 04:11:29;370;0;15,00
2021-11-24 04:11:34;380;0;15,00
2021-11-24 04:11:39;370;0;15,00
2021-11-24 04:11:44;380;0;15,00
2021-11-24 04:11:49;370;0;15,00
2021-11-24 04:11:54;380;0;15,00
2021-11-24 04:11:59;380;0;15,00
2021-11-24 04:12:04;380;0;15,00
2021-11-24 04:12:09;380;0;15,00
2021-11-24 04:12:14;380;0;15,00
2021-11-24 04:12:19;380;0;15,00
2021-11-24 04:12:24;720;0;15,00
2021-11-24 04:12:29;790;0;15,00
2021-11-24 04:12:34;800;0;15,00
2021-11-24 04:12:39;800;0;15,25
2021-11-24 04:12:44;790;0;15,00
2021-11-24 04:12:49;790;0;15,00
2021-11-24 04:12:54;370;0;15,00
2021-11-24 04:12:59;380;0;15,00
2021-11-24 04:13:04;370;0;15,00
2021-11-24 04:13:09;370;0;15,00
2021-11-24 04:13:14;380;0;15,00
2021-11-24 04:13:19;380;0;15,00
2021-11-24 04:13:24;370;0;15,00
2021-11-24 04:13:29;370;0;15,00
2021-11-24 04:13:34;380;0;15,00
2021-11-24 04:13:39;370;0;15,00
2021-11-24 04:13:44;370;0;15,00
2021-11-24 04:13:49;380;0;15,00
2021-11-24 04:13:54;380;0;15,00
2021-11-24 04:13:59;370;0;15,00
2021-11-24 04:14:04;370;0;15,00
2021-11-24 04:14:09;370;0;15,00
2021-11-24 04:14:14;380;0;15,00
2021-11-24 04:14:19;370;0;15,00
2021-11-24 04:14:24;370;0;15,00
2021-11-24 04:14:29;370;0;15,00
2021-11-24 04:14:34;370;0;15,00
2021-11-24 04:14:39;370;0;15,00
2021-11-24 04:14:44;370;0;15,00
2021-11-24 04:14:49;370;0;15,00
2021-11-24 04:14:54;370;0;15,00
2021-11-24 04:14:59;370;0;15,00
2021-11-24 04:15:04;370;0;15,00
2021-11-24 04:15:09;370;0;15,00
2021-11-24 04:15:14;380;0;15,00
2021-11-24 04:15:19;380;0;15,00
2021-11-24 04:15:24;370;0;15,00
2021-11-24 04:15:29;370;0;15,00
2021-11-24 04:15:34;380;0;15,00
2021-11-24 04:15:39;380;0;15,00
2021-11-24 04:15:44;370;0;15,00
2021-11-24 04:15:49;380;0;15,00
2021-11-24 04:15:54;370;0;15,00
2021-11-24 04:15:59;370;0;15,00
2021-11-24 04:16:04;370;0;15,00
2021-11-24 04:16:09;380;0;15,00
2021-11-24 04:16:14;380;0;15,00
2021-11-24 04:16:19;370;0;15,00
2021-11-24 04:16:24;370;0;15,00
2021-11-24 04:16:29;370;0;15,00
2021-11-24 04:16:34;380;0;15,00
2021-11-24 04:16:39;380;0;15,00
2021-11-24 04:16:44;370;0;15,00
2021-11-24 04:16:49;370;0;15,00
2021-11-24 04:16:54;370;0;15,00
2021-11-24 04:16:59;370;0;15,00
2021-11-24 04:17:04;370;0;15,00
2021-11-24 04:17:09;370;0;15,00
2021-11-24 04:17:14;370;0;15,00
2021-11-24 04:17:19;370;0;15,00
2021-11-24 04:17:24;370;0;15,00
2021-11-24 04:17:29;380;0;15,00
2021-11-24 04:17:34;370;0;15,00
2021-11-24 04:17:39;370;0;15,00
2021-11-24 04:17:44;370;0;15,00
2021-11-24 04:17:49;370;0;15,00
2021-11-24 04:17:54;380;0;15,00
2021-11-24 04:17:59;370;0;15,00
2021-11-24 04:18:04;370;0;15,00
2021-11-24 04:18:09;380;0;15,00
2021-11-24 04:18:14;370;0;15,00
2021-11-24 04:18:19;370;0;15,00
2021-11-24 04:18:24;370;0;15,00
2021-11-24 04:18:29;370;0;15,00
2021-11-24 04:18:34;370;0;15,00
2021-11-24 04:18:39;370;0;15,00
2021-11-24 04:18:44;370;0;15,00
2021-11-24 04:18:49;370;0;15,00
2021-11-24 04:18:54;370;0;15,00
2021-11-24 04:18:59;370;0;15,00
2021-11-24 04:19:04;370;0;15,00
2021-11-24 04:19:09;370;0;15,00
2021-11-24 04:19:14;370;0;15,00
2021-11-24 04:19:19;370;0;15,00
2021-11-24 04:19:24;370;0;15,00
2021-11-24 04:19:29;380;0;15,00
2021-11-24 04:19:34;370;0;15,00
2021-11-24 04:19:39;370;0;15,00
2021-11-24 04:19:44;370;0;15,00
2021-11-24 04:19:49;370;0;15,00
2021-11-24 04:19:54;370;0;15,00
2021-11-24 04:19:59;370;0;15,00
2021-11-24 04:20:04;370;0;15,00
2021-11-24 04:20:09;380;0;15,00
2021-11-24 04:20:14;380;0;15,00
2021-11-24 04:20:19;370;0;15,00
2021-11-24 04:20:24;370;0;15,00
2021-11-24 04:20:29;370;0;15,00
2021-11-24 04:20:34;370;0;15,00
2021-11-24 04:20:39;370;0;15,00
2021-11-24 04:20:44;370;0;15,00
2021-11-24 04:20:49;370;0;15,00
2021-11-24 04:20:54;380;0;15,00
2021-11-24 04:20:59;370;0;15,00
2021-11-24 04:21:04;370;0;15,00
2021-11-24 04:21:09;370;0;15,00
2021-11-24 04:21:14;370;0;15,00
2021-11-24 04:21:19;370;0;15,00
2021-11-24 04:21:24;370;0;15,00
2021-11-24 04:21:29;370;0;15,00
2021-11-24 04:21:34;370;0;15,00
2021-11-24 04:21:39;370;0;15,00
2021-11-24 04:21:44;370;0;15,00
2021-11-24 04:21:49;370;0;15,00
2021-11-24 04:21:54;370;0;15,00
2021-11-24 04:21:59;370;0;15,00
2021-11-24 04:22:04;370;0;15,00
2021-11-24 04:22:09;370;0;15,00
2021-11-24 04:22:14;370;0;15,00
2021-11-24 04:22:19;360;0;15,00
2021-11-24 04:22:24;370;0;15,00
2021-11-24 04:22:29;370;0;15,00
2021-11-24 04:22:34;370;0;15,00
2021-11-24 04:22:39;370;0;15,00
2021-11-24 04:22:44;370;0;15,00
2021-11-24 04:22:49;370;0;15,00
2021-11-24 04:22:54;370;0;15,00
2021-11-24 04:22:59;670;0;15,00
2021-11-24 04:23:04;780;0;15,00
2021-11-24 04:23:09;780;0;15,00
2021-11-24 04:23:14;790;0;15,00
2021-11-24 04:23:19;780;0;15,00
2021-11-24 04:23:24;780;0;15,00
2021-11-24 04:23:29;370;0;15,00
2021-11-24 04:23:34;380;0;15,00
2021-11-24 04:23:39;370;0;15,00
2021-11-24 04:23:44;370;0;15,00
2021-11-24 04:23:49;370;0;15,00
2021-11-24 04:23:54;370;0;15,00
2021-11-24 04:23:59;370;0;15,00
2021-11-24 04:24:04;370;0;15,00
2021-11-24 04:24:09;370;0;15,00
2021-11-24 04:24:14;380;0;15,00
2021-11-24 04:24:19;370;0;15,00
2021-11-24 04:24:24;370;0;15,00
2021-11-24 04:24:29;380;0;15,00
2021-11-24 04:24:34;380;0;15,00
2021-11-24 04:24:39;370;0;15,00
2021-11-24 04:24:44;380;0;15,00
2021-11-24 04:24:49;370;0;15,00
2021-11-24 04:24:54;370;0;15,00
2021-11-24 04:24:59;370;0;15,00
2021-11-24 04:25:04;380;0;15,00
2021-11-24 04:25:09;370;0;15,00
2021-11-24 04:25:14;380;0;15,00
2021-11-24 04:25:19;370;0;15,00
2021-11-24 04:25:24;370;0;15,00
2021-11-24 04:25:29;380;0;15,00
2021-11-24 04:25:34;380;0;15,00
2021-11-24 04:25:39;380;0;15,00
2021-11-24 04:25:44;380;0;15,00
2021-11-24 04:25:49;380;0;15,00
2021-11-24 04:25:54;380;0;15,00
2021-11-24 04:25:59;380;0;15,00
2021-11-24 04:26:04;380;0;15,00
2021-11-24 04:26:09;380;0;15,00
2021-11-24 04:26:14;380;0;15,00
2021-11-24 04:26:19;370;0;15,00
2021-11-24 04:26:24;380;0;15,00
2021-11-24 04:26:29;370;0;15,00
2021-11-24 04:26:34;380;0;15,00
2021-11-24 04:26:39;380;0;15,00
2021-11-24 04:26:44;370;0;15,00
2021-11-24 04:26:49;380;0;15,00
2021-11-24 04:26:54;370;0;15,00
2021-11-24 04:26:59;370;0;15,00
2021-11-24 04:27:04;380;0;15,00
2021-11-24 04:27:09;380;0;15,00
2021-11-24 04:27:14;380;0;15,00
2021-11-24 04:27:19;380;0;15,00
2021-11-24 04:27:24;380;0;15,00
2021-11-24 04:27:29;380;0;15,00
2021-11-24 04:27:34;380;0;15,00
2021-11-24 04:27:39;380;0;15,00
2021-11-24 04:27:44;380;0;15,00
2021-11-24 04:27:49;380;0;15,00
2021-11-24 04:27:54;380;0;15,00
2021-11-24 04:27:59;380;0;15,00
2021-11-24 04:28:04;380;0;15,00
2021-11-24 04:28:09;380;0;15,00
2021-11-24 04:28:14;380;0;15,00
2021-11-24 04:28:19;380;0;15,00
2021-11-24 04:28:24;380;0;15,00
2021-11-24 04:28:29;390;0;15,00
2021-11-24 04:28:34;380;0;15,00
2021-11-24 04:28:39;380;0;15,00
2021-11-24 04:28:44;380;0;15,00
2021-11-24 04:28:49;380;0;15,00
2021-11-24 04:28:54;390;0;15,00
2021-11-24 04:28:59;380;0;15,00
2021-11-24 04:29:04;380;0;15,00
2021-11-24 04:29:09;380;0;15,00
2021-11-24 04:29:14;380;0;15,00
2021-11-24 04:29:19;380;0;15,00
2021-11-24 04:29:24;380;0;15,00
2021-11-24 04:29:29;380;0;15,00
2021-11-24 04:29:34;380;0;15,00
2021-11-24 04:29:39;380;0;15,00
2021-11-24 04:29:44;380;0;15,00
2021-11-24 04:29:49;380;0;15,00
2021-11-24 04:29:54;390;0;15,00
2021-11-24 04:29:59;380;0;15,00
2021-11-24 04:30:04;390;0;15,00
2021-11-24 04:30:09;390;0;15,00
2021-11-24 04:30:14;390;0;15,00
2021-11-24 04:30:19;380;0;15,00
2021-11-24 04:30:24;380;0;15,00
2021-11-24 04:30:29;380;0;15,00
2021-11-24 04:30:34;380;0;15,00
2021-11-24 04:30:39;380;0;15,00
2021-11-24 04:30:44;380;0;15,00
2021-11-24 04:30:49;380;0;15,00
2021-11-24 04:30:54;380;0;15,00
2021-11-24 04:30:59;380;0;15,00
2021-11-24 04:31:04;380;0;15,00
2021-11-24 04:31:09;380;0;15,00
2021-11-24 04:31:14;380;0;15,00
2021-11-24 04:31:19;380;0;15,00
2021-11-24 04:31:24;380;0;15,00
2021-11-24 04:31:29;380;0;15,00
2021-11-24 04:31:34;390;0;15,00
2021-11-24 04:31:39;380;0;15,00
2021-11-24 04:31:44;380;0;15,00
2021-11-24 04:31:49;380;0;15,00
2021-11-24 04:31:54;380;0;15,00
2021-11-24 04:31:59;380;0;15,00
2021-11-24 04:32:04;380;0;15,00
2021-11-24 04:32:09;380;0;15,00
2021-11-24 04:32:14;380;0;15,00
2021-11-24 04:32:19;380;0;15,00
2021-11-24 04:32:24;380;0;15,00
2021-11-24 04:32:29;380;0;15,00
2021-11-24 04:32:34;380;0;15,00
2021-11-24 04:32:39;380;0;15,00
2021-11-24 04:32:44;380;0;15,00
2021-11-24 04:32:49;390;0;15,00
2021-11-24 04:32:54;380;0;15,00
2021-11-24 04:32:59;390;0;15,00
2021-11-24 04:33:04;390;0;15,00
2021-11-24 04:33:09;390;0;15,00
2021-11-24 04:33:14;380;0;15,00
2021-11-24 04:33:19;380;0;15,00
2021-11-24 04:33:24;380;0;15,00
2021-11-24 04:33:29;380;0;15,00
2021-11-24 04:33:34;380;0;15,00
2021-11-24 04:33:39;740;0;15,00
2021-11-24 04:33:44;800;0;15,00
2021-11-24 04:33:49;810;0;15,00
2021-11-24 04:33:54;810;0;15,00
2021-11-24 04:33:59;800;0;15,00
2021-11-24 04:34:04;810;0;15,00
2021-11-24 04:34:09;390;0;15,00
2021-11-24 04:34:14;390;0;15,00
2021-11-24 04:34:19;380;0;15,00
2021-11-24 04:34:24;390;0;15,00
2021-11-24 04:34:29;390;0;15,00
2021-11-24 04:34:34;390;0;15,00
2021-11-24 04:34:39;380;0;15,00
2021-11-24 04:34:44;380;0;15,00
2021-11-24 04:34:49;380;0;15,00
2021-11-24 04:34:54;380;0;15,00
2021-11-24 04:34:59;380;0;15,00
2021-11-24 04:35:04;380;0;15,00
2021-11-24 04:35:09;390;0;15,00
2021-11-24 04:35:14;390;0;15,00
2021-11-24 04:35:19;380;0;15,00
2021-11-24 04:35:24;390;0;15,00
2021-11-24 04:35:29;390;0;15,00
2021-11-24 04:35:34;390;0;15,00
2021-11-24 04:35:39;390;0;15,00
2021-11-24 04:35:44;390;0;15,00
2021-11-24 04:35:49;390;0;15,00
2021-11-24 04:35:54;390;0;15,00
2021-11-24 04:35:59;380;0;15,00
2021-11-24 04:36:04;390;0;15,00
2021-11-24 04:36:09;390;0;15,00
2021-11-24 04:36:14;380;0;15,00
2021-11-24 04:36:19;380;0;15,00
2021-11-24 04:36:24;380;0;15,00
2021-11-24 04:36:29;380;0;15,00
2021-11-24 04:36:34;380;0;15,00
2021-11-24 04:36:39;380;0;15,00
2021-11-24 04:36:44;380;0;15,00
2021-11-24 04:36:49;380;0;15,00
2021-11-24 04:36:54;380;0;15,00
2021-11-24 04:36:59;380;0;15,00
2021-11-24 04:37:04;380;0;15,00
2021-11-24 04:37:09;380;0;15,00
2021-11-24 04:37:14;380;0;15,00
2021-11-24 04:37:19;380;0;15,00
2021-11-24 04:37:24;380;0;15,00
2021-11-24 04:37:29;380;0;15,00
2021-11-24 04:37:34;380;0;15,00
2021-11-24 04:37:39;380;0;15,00
2021-11-24 04:37:44;380;0;15,00
2021-11-24 04:37:49;380;0;15,00
2021-11-24 04:37:54;380;0;15,00
2021-11-24 04:37:59;380;0;15,00
2021-11-24 04:38:04;380;0;15,00
2021-11-24 04:38:09;390;0;15,00
2021-11-24 04:38:14;390;0;15,00
2021-11-24 04:38:19;390;0;15,00
2021-11-24 04:38:24;390;0;15,00
2021-11-24 04:38:29;390;0;15,00
2021-11-24 04:38:34;380;0;15,00
2021-11-24 04:38:39;380;0;15,00
2021-11-24 04:38:44;380;0;15,00
2021-11-24 04:38:49;380;0;15,00
2021-11-24 04:38:54;380;0;15,00
2021-11-24 04:38:59;380;0;15,00
2021-11-24 04:39:04;380;0;15,00
2021-11-24 04:39:09;380;0;15,00
2021-11-24 04:39:14;380;0;15,00
2021-11-24 04:39:19;380;0;15,00
2021-11-24 04:39:24;380;0;15,00
2021-11-24 04:39:29;380;0;15,00
2021-11-24 04:39:34;380;0;15,00
2021-11-24 04:39:39;410;0;15,00
2021-11-24 04:39:44;410;0;15,00
2021-11-24 04:39:49;420;0;15,00
2021-11-24 04:39:54;410;0;15,00
2021-11-24 04:39:59;410;0;15,00
2021-11-24 04:40:04;410;0;15,00
2021-11-24 04:40:09;410;0;15,00
2021-11-24 04:40:14;410;0;15,00
2021-11-24 04:40:19;410;0;15,00
2021-11-24 04:40:24;410;0;15,00
2021-11-24 04:40:29;410;0;15,00
2021-11-24 04:40:34;400;0;15,00
2021-11-24 04:40:39;410;0;15,00
2021-11-24 04:40:44;410;0;15,00
2021-11-24 04:40:49;410;0;15,00
2021-11-24 04:40:54;410;0;15,00
2021-11-24 04:40:59;410;0;15,00
2021-11-24 04:41:04;410;0;15,00
2021-11-24 04:41:09;410;0;15,00
2021-11-24 04:41:14;410;0;15,00
2021-11-24 04:41:19;400;0;15,00
2021-11-24 04:41:24;400;0;15,00
2021-11-24 04:41:29;400;0;15,00
2021-11-24 04:41:34;400;0;15,00
2021-11-24 04:41:40;400;0;15,00
2021-11-24 04:41:44;400;0;15,00
2021-11-24 04:41:49;400;0;15,00
2021-11-24 04:41:54;400;0;15,00
2021-11-24 04:41:59;410;0;15,00
2021-11-24 04:42:04;410;0;15,00
2021-11-24 04:42:09;410;0;15,00
2021-11-24 04:42:14;400;0;15,00
2021-11-24 04:42:19;410;0;15,00
2021-11-24 04:42:24;400;0;15,00
2021-11-24 04:42:29;400;0;15,00
2021-11-24 04:42:34;400;0;15,00
2021-11-24 04:42:39;400;0;15,00
2021-11-24 04:42:44;400;0;15,00
2021-11-24 04:42:49;400;0;15,00
2021-11-24 04:42:54;400;0;15,00
2021-11-24 04:42:59;400;0;15,00
2021-11-24 04:43:04;400;0;15,00
2021-11-24 04:43:09;400;0;15,00
2021-11-24 04:43:14;400;0;15,00
2021-11-24 04:43:19;400;0;15,00
2021-11-24 04:43:24;400;0;15,00
2021-11-24 04:43:29;400;0;15,00
2021-11-24 04:43:34;400;0;15,00
2021-11-24 04:43:39;400;0;15,00
2021-11-24 04:43:44;400;0;15,00
2021-11-24 04:43:49;410;0;15,00
2021-11-24 04:43:54;400;0;15,00
2021-11-24 04:43:59;400;0;15,00
2021-11-24 04:44:04;400;0;15,00
2021-11-24 04:44:09;400;0;15,00
2021-11-24 04:44:14;400;0;15,00
2021-11-24 04:44:19;810;0;15,00
2021-11-24 04:44:24;860;0;15,00
2021-11-24 04:44:29;860;0;15,00
2021-11-24 04:44:34;850;0;15,00
2021-11-24 04:44:39;860;0;15,00
2021-11-24 04:44:44;870;0;15,00
2021-11-24 04:44:49;410;0;15,00
2021-11-24 04:44:54;410;0;15,00
2021-11-24 04:44:59;410;0;15,00
2021-11-24 04:45:04;410;0;15,00
2021-11-24 04:45:09;410;0;15,00
2021-11-24 04:45:14;410;0;15,00
2021-11-24 04:45:19;410;0;15,00
2021-11-24 04:45:24;410;0;15,00
2021-11-24 04:45:29;400;0;15,00
2021-11-24 04:45:34;400;0;15,00
2021-11-24 04:45:39;410;0;15,00
2021-11-24 04:45:44;410;0;15,00
2021-11-24 04:45:49;400;0;15,00
2021-11-24 04:45:54;400;0;15,00
2021-11-24 04:45:59;410;0;15,00
2021-11-24 04:46:04;400;0;15,00
2021-11-24 04:46:09;410;0;15,00
2021-11-24 04:46:14;400;0;15,00
2021-11-24 04:46:19;410;0;15,00
2021-11-24 04:46:24;410;0;15,00
2021-11-24 04:46:29;410;0;15,00
2021-11-24 04:46:34;400;0;15,00
2021-11-24 04:46:39;410;0;15,00
2021-11-24 04:46:44;400;0;15,00
2021-11-24 04:46:49;410;0;15,00
2021-11-24 04:46:54;410;0;15,00
2021-11-24 04:46:59;400;0;15,00
2021-11-24 04:47:04;410;0;15,00
2021-11-24 04:47:09;410;0;15,00
2021-11-24 04:47:14;410;0;15,00
2021-11-24 04:47:19;410;0;15,00
2021-11-24 04:47:24;400;0;15,00
2021-11-24 04:47:29;400;0;15,00
2021-11-24 04:47:34;400;0;15,00
2021-11-24 04:47:39;410;0;15,00
2021-11-24 04:47:44;410;0;15,00
2021-11-24 04:47:49;400;0;15,00
2021-11-24 04:47:54;400;0;15,00
2021-11-24 04:47:59;410;0;15,00
2021-11-24 04:48:04;450;0;15,00
2021-11-24 04:48:09;460;0;15,00
2021-11-24 04:48:14;460;0;15,00
2021-11-24 04:48:19;460;0;15,00
2021-11-24 04:48:24;460;0;15,00
2021-11-24 04:48:29;460;0;15,00
2021-11-24 04:48:34;450;0;15,00
2021-11-24 04:48:39;450;0;15,00
2021-11-24 04:48:44;450;0;15,00
2021-11-24 04:48:49;450;0;15,00
2021-11-24 04:48:54;450;0;15,00
2021-11-24 04:48:59;450;0;15,00
2021-11-24 04:49:04;440;0;15,00
2021-11-24 04:49:09;440;0;15,00
2021-11-24 04:49:14;450;0;15,00
2021-11-24 04:49:19;450;0;15,00
2021-11-24 04:49:24;450;0;15,00
2021-11-24 04:49:29;440;0;15,00
2021-11-24 04:49:34;440;0;15,00
2021-11-24 04:49:39;450;0;15,00
2021-11-24 04:49:44;450;0;15,00
2021-11-24 04:49:49;440;0;15,00
2021-11-24 04:49:54;440;0;15,00
2021-11-24 04:49:59;440;0;15,00
2021-11-24 04:50:04;450;0;15,00
2021-11-24 04:50:09;440;0;15,00
2021-11-24 04:50:14;450;0;15,00
2021-11-24 04:50:19;440;0;15,00
2021-11-24 04:50:24;440;0;15,00
2021-11-24 04:50:29;440;0;15,00
2021-11-24 04:50:34;450;0;15,00
2021-11-24 04:50:39;440;0;15,00
2021-11-24 04:50:44;450;0;15,00
2021-11-24 04:50:49;440;0;15,00
2021-11-24 04:50:54;440;0;15,00
2021-11-24 04:50:59;450;0;15,00
2021-11-24 04:51:04;440;0;15,00
2021-11-24 04:51:09;440;0;15,00
2021-11-24 04:51:14;440;0;15,00
2021-11-24 04:51:19;440;0;15,00
2021-11-24 04:51:24;440;0;15,00
2021-11-24 04:51:29;440;0;15,00
2021-11-24 04:51:34;440;0;15,00
2021-11-24 04:51:39;450;0;15,00
2021-11-24 04:51:44;440;0;15,00
2021-11-24 04:51:49;440;0;15,00
2021-11-24 04:51:54;440;0;15,00
2021-11-24 04:51:59;450;0;15,00
2021-11-24 04:52:04;450;0;15,00
2021-11-24 04:52:09;410;0;15,00
2021-11-24 04:52:14;410;0;15,00
2021-11-24 04:52:19;410;0;15,00
2021-11-24 04:52:24;410;0;15,00
2021-11-24 04:52:29;400;0;15,00
2021-11-24 04:52:34;400;0;15,00
2021-11-24 04:52:39;410;0;15,00
2021-11-24 04:52:44;400;0;15,00
2021-11-24 04:52:49;400;0;15,00
2021-11-24 04:52:54;410;0;15,00
2021-11-24 04:52:59;410;0;15,00
2021-11-24 04:53:04;410;0;15,00
2021-11-24 04:53:09;410;0;15,00
2021-11-24 04:53:14;410;0;15,00
2021-11-24 04:53:19;410;0;15,00
2021-11-24 04:53:24;410;0;15,00
2021-11-24 04:53:29;410;0;15,00
2021-11-24 04:53:34;410;0;15,00
2021-11-24 04:53:39;410;0;15,00
2021-11-24 04:53:44;410;0;15,00
2021-11-24 04:53:49;400;0;15,00
2021-11-24 04:53:54;400;0;15,00
2021-11-24 04:53:59;410;0;15,00
2021-11-24 04:54:04;410;0;15,00
2021-11-24 04:54:09;410;0;15,00
2021-11-24 04:54:14;410;0;15,00
2021-11-24 04:54:19;410;0;15,00
2021-11-24 04:54:24;410;0;15,00
2021-11-24 04:54:29;410;0;15,00
2021-11-24 04:54:34;420;0;15,00
2021-11-24 04:54:39;410;0;15,00
2021-11-24 04:54:44;410;0;15,00
2021-11-24 04:54:49;410;0;15,00
2021-11-24 04:54:54;800;0;15,00
2021-11-24 04:54:59;860;0;15,00
2021-11-24 04:55:04;860;0;15,00
2021-11-24 04:55:09;860;0;15,00
2021-11-24 04:55:14;850;0;15,00
2021-11-24 04:55:19;850;0;15,00
2021-11-24 04:55:24;410;0;15,00
2021-11-24 04:55:29;410;0;15,00
2021-11-24 04:55:34;410;0;15,00
2021-11-24 04:55:39;410;0;15,00
2021-11-24 04:55:44;410;0;15,00
2021-11-24 04:55:49;400;0;15,00
2021-11-24 04:55:54;410;0;15,00
2021-11-24 04:55:59;410;0;15,00
2021-11-24 04:56:04;410;0;15,00
2021-11-24 04:56:09;410;0;15,00
2021-11-24 04:56:14;410;0;15,00
2021-11-24 04:56:19;410;0;15,00
2021-11-24 04:56:24;410;0;15,00
2021-11-24 04:56:29;400;0;15,00
2021-11-24 04:56:34;410;0;15,00
2021-11-24 04:56:39;410;0;15,00
2021-11-24 04:56:44;410;0;15,00
2021-11-24 04:56:49;410;0;15,00
2021-11-24 04:56:54;410;0;15,00
2021-11-24 04:56:59;410;0;15,00
2021-11-24 04:57:04;410;0;15,00
2021-11-24 04:57:09;410;0;15,00
2021-11-24 04:57:14;410;0;15,00
2021-11-24 04:57:19;410;0;15,00
2021-11-24 04:57:24;410;0;15,00
2021-11-24 04:57:29;410;0;15,00
2021-11-24 04:57:34;410;0;15,00
2021-11-24 04:57:39;410;0;15,00
2021-11-24 04:57:44;410;0;15,00
2021-11-24 04:57:49;410;0;15,00
2021-11-24 04:57:54;410;0;15,00
2021-11-24 04:57:59;410;0;15,00
2021-11-24 04:58:04;410;0;15,00
2021-11-24 04:58:09;410;0;15,00
2021-11-24 04:58:14;410;0;15,00
2021-11-24 04:58:19;410;0;15,00
2021-11-24 04:58:24;410;0;15,00
2021-11-24 04:58:29;410;0;15,00
2021-11-24 04:58:34;410;0;15,00
2021-11-24 04:58:39;410;0;15,00
2021-11-24 04:58:44;410;0;15,00
2021-11-24 04:58:49;410;0;15,00
2021-11-24 04:58:54;420;0;15,00
2021-11-24 04:58:59;420;0;15,00
2021-11-24 04:59:04;410;0;15,00
2021-11-24 04:59:09;410;0;15,00
2021-11-24 04:59:14;410;0;15,00
2021-11-24 04:59:19;420;0;15,00
2021-11-24 04:59:24;410;0;15,00
2021-11-24 04:59:29;410;0;15,00
2021-11-24 04:59:34;410;0;15,00
2021-11-24 04:59:39;410;0;15,00
2021-11-24 04:59:44;410;0;15,00
2021-11-24 04:59:49;410;0;15,00
2021-11-24 04:59:54;410;0;15,00
2021-11-24 04:59:59;410;0;15,00
2021-11-24 05:00:04;410;0;15,00
2021-11-24 05:00:09;410;0;15,00
2021-11-24 05:00:14;410;0;15,00
2021-11-24 05:00:19;400;0;15,00
2021-11-24 05:00:24;400;0;15,00
2021-11-24 05:00:29;400;0;15,00
2021-11-24 05:00:34;400;0;15,00
2021-11-24 05:00:39;400;0;15,00
2021-11-24 05:00:44;400;0;15,00
2021-11-24 05:00:49;400;0;15,00
2021-11-24 05:00:54;400;0;15,00
2021-11-24 05:00:59;400;0;15,00
2021-11-24 05:01:04;400;0;15,00
2021-11-24 05:01:09;400;0;15,00
2021-11-24 05:01:14;400;0;15,00
2021-11-24 05:01:19;400;0;15,00
2021-11-24 05:01:24;400;0;15,00
2021-11-24 05:01:29;400;0;15,00
2021-11-24 05:01:34;400;0;15,00
2021-11-24 05:01:39;400;0;15,00
2021-11-24 05:01:44;400;0;15,00
2021-11-24 05:01:49;400;0;15,00
2021-11-24 05:01:54;400;0;15,00
2021-11-24 05:01:59;400;0;15,00
2021-11-24 05:02:04;400;0;15,00
2021-11-24 05:02:09;400;0;15,00
2021-11-24 05:02:14;400;0;15,00
2021-11-24 05:02:19;400;0;15,00
2021-11-24 05:02:24;400;0;15,00
2021-11-24 05:02:29;400;0;15,00
2021-11-24 05:02:34;400;0;15,00
2021-11-24 05:02:39;400;0;15,00
2021-11-24 05:02:44;400;0;15,00
2021-11-24 05:02:49;400;0;15,00
2021-11-24 05:02:54;400;0;15,00
2021-11-24 05:02:59;400;0;15,00
2021-11-24 05:03:04;400;0;15,00
2021-11-24 05:03:09;400;0;15,00
2021-11-24 05:03:14;400;0;15,00
2021-11-24 05:03:19;400;0;15,00
2021-11-24 05:03:24;400;0;15,00
2021-11-24 05:03:29;400;0;15,00
2021-11-24 05:03:34;400;0;15,00
2021-11-24 05:03:39;400;0;15,00
2021-11-24 05:03:44;400;0;15,00
2021-11-24 05:03:49;400;0;15,00
2021-11-24 05:03:54;400;0;15,00
2021-11-24 05:03:59;400;0;15,00
2021-11-24 05:04:04;400;0;15,00
2021-11-24 05:04:09;400;0;15,00
2021-11-24 05:04:14;370;0;15,00
2021-11-24 05:04:19;370;0;15,00
2021-11-24 05:04:24;370;0;15,00
2021-11-24 05:04:29;370;0;15,00
2021-11-24 05:04:34;370;0;15,00
2021-11-24 05:04:39;370;0;15,00
2021-11-24 05:04:44;370;0;15,00
2021-11-24 05:04:49;370;0;15,00
2021-11-24 05:04:54;370;0;15,00
2021-11-24 05:04:59;370;0;15,00
2021-11-24 05:05:04;370;0;15,00
2021-11-24 05:05:09;370;0;15,00
2021-11-24 05:05:14;370;0;15,00
2021-11-24 05:05:19;370;0;15,00
2021-11-24 05:05:24;680;0;15,00
2021-11-24 05:05:29;790;0;15,00
2021-11-24 05:05:34;780;0;15,00
2021-11-24 05:05:39;780;0;15,00
2021-11-24 05:05:44;780;0;15,00
2021-11-24 05:05:49;780;0;15,00
2021-11-24 05:05:54;370;0;15,00
2021-11-24 05:05:59;370;0;15,00
2021-11-24 05:06:04;370;0;15,00
2021-11-24 05:06:09;370;0;15,00
2021-11-24 05:06:14;370;0;15,00
2021-11-24 05:06:19;380;0;15,00
2021-11-24 05:06:24;380;0;15,00
2021-11-24 05:06:29;380;0;15,00
2021-11-24 05:06:34;380;0;15,00
2021-11-24 05:06:39;380;0;15,00
2021-11-24 05:06:44;380;0;15,00
2021-11-24 05:06:49;380;0;15,00
2021-11-24 05:06:54;380;0;15,00
2021-11-24 05:06:59;380;0;15,00
2021-11-24 05:07:05;380;0;15,00
2021-11-24 05:07:09;380;0;15,00
2021-11-24 05:07:14;380;0;15,00
2021-11-24 05:07:19;380;0;15,00
2021-11-24 05:07:24;370;0;15,00
2021-11-24 05:07:29;380;0;15,00
2021-11-24 05:07:34;380;0;15,00
2021-11-24 05:07:39;380;0;15,00
2021-11-24 05:07:44;370;0;15,00
2021-11-24 05:07:49;380;0;15,00
2021-11-24 05:07:54;380;0;15,00
2021-11-24 05:07:59;370;0;15,00
2021-11-24 05:08:04;370;0;15,00
2021-11-24 05:08:09;380;0;15,00
2021-11-24 05:08:14;380;0;15,00
2021-11-24 05:08:19;380;0;15,00
2021-11-24 05:08:24;380;0;15,00
2021-11-24 05:08:29;380;0;15,00
2021-11-24 05:08:34;380;0;15,00
2021-11-24 05:08:39;380;0;15,00
2021-11-24 05:08:44;380;0;15,00
2021-11-24 05:08:49;380;0;15,00
2021-11-24 05:08:54;380;0;15,00
2021-11-24 05:08:59;380;0;15,00
2021-11-24 05:09:04;370;0;15,00
2021-11-24 05:09:09;380;0;15,00
2021-11-24 05:09:14;380;0;15,00
2021-11-24 05:09:19;380;0;15,00
2021-11-24 05:09:24;380;0;15,00
2021-11-24 05:09:29;380;0;15,00
2021-11-24 05:09:34;380;0;15,00
2021-11-24 05:09:39;380;0;15,00
2021-11-24 05:09:44;380;0;15,00
2021-11-24 05:09:49;380;0;15,00
2021-11-24 05:09:54;380;0;15,00
2021-11-24 05:09:59;370;0;15,00
2021-11-24 05:10:04;370;0;15,00
2021-11-24 05:10:09;370;0;15,00
2021-11-24 05:10:14;370;0;15,00
2021-11-24 05:10:19;370;0;15,00
2021-11-24 05:10:24;370;0;15,00
2021-11-24 05:10:29;370;0;15,00
2021-11-24 05:10:34;370;0;15,00
2021-11-24 05:10:39;370;0;15,00
2021-11-24 05:10:44;370;0;15,00
2021-11-24 05:10:49;370;0;15,00
2021-11-24 05:10:54;380;0;15,00
2021-11-24 05:10:59;370;0;15,00
2021-11-24 05:11:04;370;0;15,00
2021-11-24 05:11:09;370;0;15,00
2021-11-24 05:11:14;380;0;15,00
2021-11-24 05:11:19;380;0;15,00
2021-11-24 05:11:24;380;0;15,00
2021-11-24 05:11:29;370;0;15,00
2021-11-24 05:11:34;370;0;15,00
2021-11-24 05:11:39;370;0;15,00
2021-11-24 05:11:44;370;0;15,00
2021-11-24 05:11:49;370;0;15,00
2021-11-24 05:11:54;370;0;15,00
2021-11-24 05:11:59;370;0;15,00
2021-11-24 05:12:04;370;0;15,00
2021-11-24 05:12:10;370;0;15,00
2021-11-24 05:12:14;370;0;15,00
2021-11-24 05:12:19;370;0;14,75
2021-11-24 05:12:24;370;0;15,00
2021-11-24 05:12:29;370;0;15,00
2021-11-24 05:12:34;370;0;15,00
2021-11-24 05:12:39;370;0;15,00
2021-11-24 05:12:44;370;0;15,00
2021-11-24 05:12:49;370;0;14,75
2021-11-24 05:12:54;370;0;15,00
2021-11-24 05:12:59;370;0;15,00
2021-11-24 05:13:04;370;0;15,00
2021-11-24 05:13:09;370;0;15,00
2021-11-24 05:13:14;370;0;15,00
2021-11-24 05:13:19;360;0;15,00
2021-11-24 05:13:24;370;0;15,00
2021-11-24 05:13:29;370;0;15,00
2021-11-24 05:13:34;370;0;15,00
2021-11-24 05:13:39;370;0;15,00
2021-11-24 05:13:44;370;0;15,00
2021-11-24 05:13:49;370;0;15,00
2021-11-24 05:13:54;370;0;15,00
2021-11-24 05:13:59;380;0;15,00
2021-11-24 05:14:04;380;0;15,00
2021-11-24 05:14:09;380;0;14,75
2021-11-24 05:14:14;380;0;15,00
2021-11-24 05:14:19;370;0;14,75
2021-11-24 05:14:24;370;0;15,00
2021-11-24 05:14:29;370;0;15,00
2021-11-24 05:14:34;380;0;15,00
2021-11-24 05:14:39;380;0;15,00
2021-11-24 05:14:44;370;0;15,00
2021-11-24 05:14:49;380;0;15,00
2021-11-24 05:14:54;380;0;15,00
2021-11-24 05:14:59;380;0;15,00
2021-11-24 05:15:04;380;0;15,00
2021-11-24 05:15:09;380;0;15,00
2021-11-24 05:15:14;380;0;15,00
2021-11-24 05:15:19;380;0;15,00
2021-11-24 05:15:24;380;0;15,00
2021-11-24 05:15:29;380;0;15,00
2021-11-24 05:15:34;380;0;15,00
2021-11-24 05:15:39;380;0;15,00
2021-11-24 05:15:44;380;0;15,00
2021-11-24 05:15:49;690;0;15,00
2021-11-24 05:15:54;750;0;15,00
2021-11-24 05:15:59;790;0;14,75
2021-11-24 05:16:04;790;0;15,00
2021-11-24 05:16:09;780;0;15,00
2021-11-24 05:16:14;790;0;15,00
2021-11-24 05:16:19;790;0;15,00
2021-11-24 05:16:24;370;0;15,00
2021-11-24 05:16:29;380;0;15,00
2021-11-24 05:16:34;380;0;15,00
2021-11-24 05:16:39;380;0;15,00
2021-11-24 05:16:44;380;0;15,00
2021-11-24 05:16:49;380;0;15,00
2021-11-24 05:16:54;380;0;15,00
2021-11-24 05:16:59;370;0;15,00
2021-11-24 05:17:04;380;0;15,00
2021-11-24 05:17:09;380;0;15,00
2021-11-24 05:17:15;380;0;15,00
2021-11-24 05:17:19;370;0;15,00
2021-11-24 05:17:24;380;0;15,00
2021-11-24 05:17:29;380;0;15,00
2021-11-24 05:17:34;380;0;15,00
2021-11-24 05:17:39;380;0;15,00
2021-11-24 05:17:44;380;0;15,00
2021-11-24 05:17:49;380;0;15,00
2021-11-24 05:17:54;380;0;15,00
2021-11-24 05:17:59;380;0;15,00
2021-11-24 05:18:04;380;0;15,00
2021-11-24 05:18:09;390;0;15,00
2021-11-24 05:18:14;390;0;15,00
2021-11-24 05:18:19;380;0;15,00
2021-11-24 05:18:24;380;0;15,00
2021-11-24 05:18:29;380;0;15,00
2021-11-24 05:18:34;390;0;15,00
2021-11-24 05:18:39;380;0;15,00
2021-11-24 05:18:44;380;0;14,75
2021-11-24 05:18:49;390;0;15,00
2021-11-24 05:18:54;390;0;15,00
2021-11-24 05:18:59;380;0;15,00
2021-11-24 05:19:04;380;0;15,00
2021-11-24 05:19:09;380;0;15,00
2021-11-24 05:19:14;380;0;15,00
2021-11-24 05:19:19;380;0;14,75
2021-11-24 05:19:24;390;0;15,00
2021-11-24 05:19:29;390;0;15,00
2021-11-24 05:19:34;390;0;15,00
2021-11-24 05:19:39;390;0;15,00
2021-11-24 05:19:44;380;0;15,00
2021-11-24 05:19:49;380;0;15,00
2021-11-24 05:19:54;380;0;15,00
2021-11-24 05:19:59;380;0;15,00
2021-11-24 05:20:04;380;0;15,00
2021-11-24 05:20:09;380;0;15,00
2021-11-24 05:20:14;380;0;14,75
2021-11-24 05:20:19;380;0;15,00
2021-11-24 05:20:24;380;0;15,00
2021-11-24 05:20:29;380;0;15,00
2021-11-24 05:20:34;380;0;15,00
2021-11-24 05:20:39;380;0;15,00
2021-11-24 05:20:44;380;0;14,75
2021-11-24 05:20:49;380;0;15,00
2021-11-24 05:20:54;380;0;15,00
2021-11-24 05:20:59;380;0;15,00
2021-11-24 05:21:04;380;0;15,00
2021-11-24 05:21:09;380;0;15,00
2021-11-24 05:21:14;380;0;15,00
2021-11-24 05:21:19;380;0;15,00
2021-11-24 05:21:24;380;0;15,00
2021-11-24 05:21:29;380;0;15,00
2021-11-24 05:21:34;380;0;15,00
2021-11-24 05:21:39;380;0;15,00
2021-11-24 05:21:44;380;0;15,00
2021-11-24 05:21:49;380;0;15,00
2021-11-24 05:21:54;380;0;15,00
2021-11-24 05:21:59;370;0;15,00
2021-11-24 05:22:04;380;0;15,00
2021-11-24 05:22:09;380;0;15,00
2021-11-24 05:22:14;380;0;15,00
2021-11-24 05:22:19;370;0;15,00
2021-11-24 05:22:24;380;0;15,00
2021-11-24 05:22:29;370;0;15,00
2021-11-24 05:22:34;370;0;15,00
2021-11-24 05:22:39;380;0;15,00
2021-11-24 05:22:44;380;0;15,00
2021-11-24 05:22:49;380;0;15,00
2021-11-24 05:22:54;380;0;15,00
2021-11-24 05:22:59;380;0;15,00
2021-11-24 05:23:04;380;0;15,00
2021-11-24 05:23:09;380;0;15,00
2021-11-24 05:23:14;380;0;15,00
2021-11-24 05:23:19;380;0;15,00
2021-11-24 05:23:24;380;0;15,00
2021-11-24 05:23:29;380;0;14,75
2021-11-24 05:23:34;380;0;15,00
2021-11-24 05:23:39;380;0;15,00
2021-11-24 05:23:44;380;0;15,00
2021-11-24 05:23:49;380;0;15,00
2021-11-24 05:23:54;370;0;15,00
2021-11-24 05:23:59;370;0;15,00
2021-11-24 05:24:04;370;0;15,00
2021-11-24 05:24:09;370;0;15,00
2021-11-24 05:24:14;370;0;15,00
2021-11-24 05:24:19;380;0;15,00
2021-11-24 05:24:24;370;0;15,00
2021-11-24 05:24:29;370;0;15,00
2021-11-24 05:24:34;380;0;15,00
2021-11-24 05:24:39;380;0;14,75
2021-11-24 05:24:44;370;0;15,00
2021-11-24 05:24:49;390;0;15,00
2021-11-24 05:24:54;380;0;15,00
2021-11-24 05:24:59;380;0;15,00
2021-11-24 05:25:04;380;0;15,00
2021-11-24 05:25:09;370;0;15,00
2021-11-24 05:25:14;370;0;15,00
2021-11-24 05:25:19;370;0;15,00
2021-11-24 05:25:24;370;0;15,00
2021-11-24 05:25:29;370;0;15,00
2021-11-24 05:25:34;370;0;15,00
2021-11-24 05:25:39;370;0;15,00
2021-11-24 05:25:44;370;0;15,00
2021-11-24 05:25:49;370;0;15,00
2021-11-24 05:25:54;370;0;15,00
2021-11-24 05:25:59;370;0;15,00
2021-11-24 05:26:04;370;0;15,00
2021-11-24 05:26:09;710;0;15,00
2021-11-24 05:26:14;790;0;15,00
2021-11-24 05:26:19;800;0;15,00
2021-11-24 05:26:24;790;0;15,00
2021-11-24 05:26:29;790;0;15,00
2021-11-24 05:26:34;790;0;15,00
2021-11-24 05:26:39;380;0;14,75
2021-11-24 05:26:44;370;0;15,00
2021-11-24 05:26:49;380;0;15,00
2021-11-24 05:26:54;370;0;15,00
2021-11-24 05:26:59;370;0;15,00
2021-11-24 05:27:04;380;0;14,75
2021-11-24 05:27:09;370;0;15,00
2021-11-24 05:27:14;370;0;15,00
2021-11-24 05:27:19;370;0;15,00
2021-11-24 05:27:25;370;0;14,75
2021-11-24 05:27:30;370;0;15,00
2021-11-24 05:27:35;370;0;15,00
2021-11-24 05:27:40;370;0;15,00
2021-11-24 05:27:45;370;0;14,75
2021-11-24 05:27:50;370;0;14,75
2021-11-24 05:27:55;370;0;15,00
2021-11-24 05:28:00;370;0;15,00
2021-11-24 05:28:04;380;0;15,00
2021-11-24 05:28:09;370;0;15,00
2021-11-24 05:28:14;370;0;15,00
2021-11-24 05:28:19;370;0;15,00
2021-11-24 05:28:24;370;0;15,00
2021-11-24 05:28:29;370;0;15,00
2021-11-24 05:28:34;370;0;15,00
2021-11-24 05:28:39;370;0;14,75
2021-11-24 05:28:44;380;0;14,75
2021-11-24 05:28:49;380;0;15,00
2021-11-24 05:28:54;370;0;14,75
2021-11-24 05:28:59;380;0;14,75
2021-11-24 05:29:04;380;0;15,00
2021-11-24 05:29:09;380;0;15,00
2021-11-24 05:29:14;380;0;14,75
2021-11-24 05:29:19;380;0;14,75
2021-11-24 05:29:24;380;0;15,00
2021-11-24 05:29:29;370;0;15,00
2021-11-24 05:29:34;380;0;15,00
2021-11-24 05:29:39;380;0;15,00
2021-11-24 05:29:44;380;0;15,00
2021-11-24 05:29:49;380;0;14,75
2021-11-24 05:29:54;380;0;14,75
2021-11-24 05:29:59;370;0;15,00
2021-11-24 05:30:04;370;0;14,75
2021-11-24 05:30:09;370;0;14,75
2021-11-24 05:30:14;370;0;14,75
2021-11-24 05:30:19;370;0;14,75
2021-11-24 05:30:24;370;0;15,00
2021-11-24 05:30:29;370;0;14,75
2021-11-24 05:30:34;370;0;14,75
2021-11-24 05:30:39;370;0;15,00
2021-11-24 05:30:44;370;0;14,75
2021-11-24 05:30:49;370;0;15,00
2021-11-24 05:30:54;370;0;14,75
2021-11-24 05:30:59;370;0;15,00
2021-11-24 05:31:04;370;0;15,00
2021-11-24 05:31:09;370;0;14,75
2021-11-24 05:31:14;370;0;15,00
2021-11-24 05:31:19;370;0;15,00
2021-11-24 05:31:24;370;0;14,75
2021-11-24 05:31:29;370;0;14,75
2021-11-24 05:31:34;370;0;14,75
2021-11-24 05:31:39;370;0;14,75
2021-11-24 05:31:44;370;0;15,00
2021-11-24 05:31:49;370;0;14,75
2021-11-24 05:31:54;370;0;15,00
2021-11-24 05:31:59;370;0;14,75
2021-11-24 05:32:04;370;0;14,75
2021-11-24 05:32:09;360;0;14,75
2021-11-24 05:32:14;360;0;15,00
2021-11-24 05:32:19;370;0;14,75
2021-11-24 05:32:24;370;0;14,75
2021-11-24 05:32:29;370;0;14,75
2021-11-24 05:32:34;360;0;14,75
2021-11-24 05:32:39;360;0;14,75
2021-11-24 05:32:44;360;0;14,75
2021-11-24 05:32:49;370;0;14,75
2021-11-24 05:32:54;370;0;14,75
2021-11-24 05:32:59;370;0;14,75
2021-11-24 05:33:04;370;0;14,75
2021-11-24 05:33:09;370;0;14,75
2021-11-24 05:33:14;370;0;14,75
2021-11-24 05:33:19;370;0;14,75
2021-11-24 05:33:24;360;0;14,75
2021-11-24 05:33:29;360;0;14,75
2021-11-24 05:33:34;360;0;14,75
2021-11-24 05:33:39;360;0;14,75
2021-11-24 05:33:44;360;0;14,75
2021-11-24 05:33:49;360;0;14,75
2021-11-24 05:33:54;370;0;14,75
2021-11-24 05:33:59;360;0;14,75
2021-11-24 05:34:04;360;0;14,75
2021-11-24 05:34:09;360;0;14,75
2021-11-24 05:34:14;360;0;14,75
2021-11-24 05:34:19;370;0;14,75
2021-11-24 05:34:24;370;0;14,75
2021-11-24 05:34:29;370;0;14,75
2021-11-24 05:34:34;360;0;14,75
2021-11-24 05:34:39;360;0;14,75
2021-11-24 05:34:44;370;0;14,75
2021-11-24 05:34:49;360;0;14,75
2021-11-24 05:34:54;360;0;14,75
2021-11-24 05:34:59;370;0;14,75
2021-11-24 05:35:04;370;0;14,75
2021-11-24 05:35:09;360;0;14,75
2021-11-24 05:35:14;370;0;14,75
2021-11-24 05:35:19;360;0;14,75
2021-11-24 05:35:24;360;0;14,75
2021-11-24 05:35:29;370;0;14,75
2021-11-24 05:35:34;370;0;14,75
2021-11-24 05:35:39;370;0;14,75
2021-11-24 05:35:44;370;0;14,75
2021-11-24 05:35:49;370;0;14,75
2021-11-24 05:35:54;370;0;14,75
2021-11-24 05:35:59;370;0;14,75
2021-11-24 05:36:04;370;0;14,75
2021-11-24 05:36:09;370;0;14,75
2021-11-24 05:36:14;370;0;14,75
2021-11-24 05:36:19;370;0;14,75
2021-11-24 05:36:24;660;0;14,75
2021-11-24 05:36:29;760;0;14,75
2021-11-24 05:36:34;790;0;14,75
2021-11-24 05:36:39;800;0;14,75
2021-11-24 05:36:44;790;0;14,75
2021-11-24 05:36:49;790;0;14,75
2021-11-24 05:36:54;710;0;14,75
2021-11-24 05:36:59;380;0;14,75
2021-11-24 05:37:04;380;0;14,75
2021-11-24 05:37:09;380;0;14,75
2021-11-24 05:37:14;380;0;14,75
2021-11-24 05:37:19;380;0;14,75
2021-11-24 05:37:24;380;0;14,75
2021-11-24 05:37:29;370;0;14,75
2021-11-24 05:37:34;370;0;14,75
2021-11-24 05:37:39;380;0;14,75
2021-11-24 05:37:44;370;0;14,75
2021-11-24 05:37:49;370;0;14,75
2021-11-24 05:37:54;370;0;14,75
2021-11-24 05:37:59;380;0;14,75
2021-11-24 05:38:04;370;0;14,75
2021-11-24 05:38:09;370;0;14,75
2021-11-24 05:38:14;370;0;14,75
2021-11-24 05:38:19;370;0;14,75
2021-11-24 05:38:24;370;0;14,75
2021-11-24 05:38:29;370;0;14,75
2021-11-24 05:38:34;370;0;14,75
2021-11-24 05:38:39;370;0;14,75
2021-11-24 05:38:44;370;0;14,75
2021-11-24 05:38:49;370;0;14,75
2021-11-24 05:38:54;370;0;14,75
2021-11-24 05:38:59;370;0;14,75
2021-11-24 05:39:04;380;0;14,75
2021-11-24 05:39:09;380;0;14,75
2021-11-24 05:39:14;370;0;14,75
2021-11-24 05:39:19;380;0;14,75
2021-11-24 05:39:24;380;0;14,75
2021-11-24 05:39:29;370;0;14,75
2021-11-24 05:39:34;380;0;14,75
2021-11-24 05:39:39;380;0;14,75
2021-11-24 05:39:44;370;0;14,75
2021-11-24 05:39:49;370;0;14,75
2021-11-24 05:39:54;370;0;14,75
2021-11-24 05:39:59;370;0;14,75
2021-11-24 05:40:04;370;0;14,75
2021-11-24 05:40:09;370;0;14,75
2021-11-24 05:40:14;370;0;14,75
2021-11-24 05:40:19;370;0;14,75
2021-11-24 05:40:24;370;0;14,75
2021-11-24 05:40:29;370;0;14,75
2021-11-24 05:40:34;370;0;14,75
2021-11-24 05:40:39;370;0;14,75
2021-11-24 05:40:44;370;0;14,75
2021-11-24 05:40:49;360;0;14,75
2021-11-24 05:40:54;370;0;14,75
2021-11-24 05:40:59;370;0;14,75
2021-11-24 05:41:04;370;0;14,75
2021-11-24 05:41:09;370;0;14,75
2021-11-24 05:41:14;370;0;14,75
2021-11-24 05:41:19;370;0;14,75
2021-11-24 05:41:24;370;0;14,75
2021-11-24 05:41:29;370;0;14,75
2021-11-24 05:41:34;370;0;14,75
2021-11-24 05:41:39;370;0;14,75
2021-11-24 05:41:44;370;0;14,75
2021-11-24 05:41:49;370;0;14,75
2021-11-24 05:41:54;370;0;14,75
2021-11-24 05:41:59;370;0;14,75
2021-11-24 05:42:04;370;0;14,75
2021-11-24 05:42:09;360;0;14,75
2021-11-24 05:42:14;360;0;14,75
2021-11-24 05:42:19;370;0;14,75
2021-11-24 05:42:24;360;0;14,75
2021-11-24 05:42:29;360;0;14,75
2021-11-24 05:42:34;370;0;14,75
2021-11-24 05:42:39;370;0;14,75
2021-11-24 05:42:44;370;0;14,75
2021-11-24 05:42:49;370;0;14,75
2021-11-24 05:42:54;370;0;14,75
2021-11-24 05:42:59;370;0;14,75
2021-11-24 05:43:04;370;0;14,75
2021-11-24 05:43:09;370;0;14,75
2021-11-24 05:43:14;370;0;14,75
2021-11-24 05:43:19;370;0;14,75
2021-11-24 05:43:24;370;0;14,75
2021-11-24 05:43:29;360;0;14,75
2021-11-24 05:43:34;370;0;14,75
2021-11-24 05:43:39;370;0;14,75
2021-11-24 05:43:44;360;0;14,75
2021-11-24 05:43:49;360;0;14,75
2021-11-24 05:43:54;370;0;14,75
2021-11-24 05:43:59;370;0;14,75
2021-11-24 05:44:04;370;0;14,75
2021-11-24 05:44:09;360;0;14,75
2021-11-24 05:44:14;370;0;14,75
2021-11-24 05:44:19;370;0;14,75
2021-11-24 05:44:24;370;0;14,75
2021-11-24 05:44:29;360;0;14,75
2021-11-24 05:44:34;370;0;14,75
2021-11-24 05:44:39;360;0;14,75
2021-11-24 05:44:44;360;0;14,75
2021-11-24 05:44:49;360;0;14,75
2021-11-24 05:44:54;370;0;14,75
2021-11-24 05:44:59;370;0;14,75
2021-11-24 05:45:04;370;0;14,75
2021-11-24 05:45:09;370;0;14,75
2021-11-24 05:45:14;370;0;14,75
2021-11-24 05:45:19;380;0;14,75
2021-11-24 05:45:24;370;0;14,75
2021-11-24 05:45:29;370;0;14,75
2021-11-24 05:45:34;380;0;14,75
2021-11-24 05:45:39;380;0;14,75
2021-11-24 05:45:44;370;0;14,75
2021-11-24 05:45:49;370;0;14,75
2021-11-24 05:45:54;380;0;14,75
2021-11-24 05:45:59;370;0;14,75
2021-11-24 05:46:04;370;0;14,75
2021-11-24 05:46:09;370;0;14,75
2021-11-24 05:46:14;370;0;14,75
2021-11-24 05:46:19;380;0;14,75
2021-11-24 05:46:24;380;0;14,75
2021-11-24 05:46:29;370;0;14,75
2021-11-24 05:46:34;680;0;14,75
2021-11-24 05:46:39;780;0;14,75
2021-11-24 05:46:44;780;0;14,75
2021-11-24 05:46:49;780;0;14,75
2021-11-24 05:46:54;780;0;14,75
2021-11-24 05:46:59;790;0;14,75
2021-11-24 05:47:04;380;0;14,75
2021-11-24 05:47:09;380;0;14,75
2021-11-24 05:47:14;380;0;14,75
2021-11-24 05:47:19;380;0;14,75
2021-11-24 05:47:24;380;0;14,75
2021-11-24 05:47:29;370;0;14,75
2021-11-24 05:47:34;380;0;14,75
2021-11-24 05:47:39;380;0;14,75
2021-11-24 05:47:44;380;0;14,75
2021-11-24 05:47:49;370;0;14,75
2021-11-24 05:47:54;380;0;14,75
2021-11-24 05:47:59;370;0;14,75
2021-11-24 05:48:04;380;0;14,75
2021-11-24 05:48:09;370;0;14,75
2021-11-24 05:48:14;370;0;14,75
2021-11-24 05:48:19;1080;0;14,75
2021-11-24 05:48:24;410;0;14,75
2021-11-24 05:48:29;410;0;14,75
2021-11-24 05:48:34;420;0;14,75
2021-11-24 05:48:39;420;0;14,75
2021-11-24 05:48:44;410;0;14,75
2021-11-24 05:48:49;410;0;14,75
2021-11-24 05:48:54;420;0;14,75
2021-11-24 05:48:59;410;0;14,75
2021-11-24 05:49:04;410;0;14,75
2021-11-24 05:49:09;410;0;14,75
2021-11-24 05:49:14;410;0;14,75
2021-11-24 05:49:19;410;0;14,75
2021-11-24 05:49:24;400;0;14,75
2021-11-24 05:49:29;410;0;14,75
2021-11-24 05:49:34;410;0;14,75
2021-11-24 05:49:39;410;0;14,75
2021-11-24 05:49:44;410;0;14,75
2021-11-24 05:49:49;410;0;14,75
2021-11-24 05:49:54;410;0;14,75
2021-11-24 05:49:59;410;0;14,75
2021-11-24 05:50:04;410;0;14,75
2021-11-24 05:50:09;410;0;14,75
2021-11-24 05:50:14;420;0;14,75
2021-11-24 05:50:19;410;0;14,75
2021-11-24 05:50:24;410;0;14,75
2021-11-24 05:50:29;410;0;14,75
2021-11-24 05:50:34;410;0;14,75
2021-11-24 05:50:39;410;0;14,75
2021-11-24 05:50:44;410;0;14,75
2021-11-24 05:50:49;410;0;14,75
2021-11-24 05:50:54;410;0;14,75
2021-11-24 05:50:59;410;0;14,75
2021-11-24 05:51:04;410;0;14,75
2021-11-24 05:51:09;410;0;14,75
2021-11-24 05:51:14;410;0;14,75
2021-11-24 05:51:19;410;0;14,75
2021-11-24 05:51:24;410;0;14,75
2021-11-24 05:51:29;410;0;14,75
2021-11-24 05:51:34;410;0;14,75
2021-11-24 05:51:39;410;0;14,75
2021-11-24 05:51:44;410;0;14,75
2021-11-24 05:51:49;410;0;14,75
2021-11-24 05:51:54;410;0;14,75
2021-11-24 05:51:59;410;0;14,75
2021-11-24 05:52:04;410;0;14,75
2021-11-24 05:52:09;410;0;14,75
2021-11-24 05:52:14;410;0;14,75
2021-11-24 05:52:19;410;0;14,75
2021-11-24 05:52:24;410;0;14,75
2021-11-24 05:52:29;410;0;14,75
2021-11-24 05:52:34;410;0;14,75
2021-11-24 05:52:39;410;0;14,75
2021-11-24 05:52:44;410;0;14,75
2021-11-24 05:52:49;410;0;14,75
2021-11-24 05:52:54;410;0;14,75
2021-11-24 05:52:59;410;0;14,75
2021-11-24 05:53:04;410;0;14,75
2021-11-24 05:53:09;410;0;14,75
2021-11-24 05:53:14;410;0;14,75
2021-11-24 05:53:19;410;0;14,75
2021-11-24 05:53:24;410;0;14,75
2021-11-24 05:53:29;410;0;14,75
2021-11-24 05:53:34;410;0;14,75
2021-11-24 05:53:39;410;0;14,75
2021-11-24 05:53:44;410;0;14,75
2021-11-24 05:53:49;410;0;14,75
2021-11-24 05:53:54;410;0;14,75
2021-11-24 05:53:59;410;0;14,75
2021-11-24 05:54:04;410;0;14,75
2021-11-24 05:54:09;410;0;14,75
2021-11-24 05:54:14;410;0;14,75
2021-11-24 05:54:19;410;0;14,75
2021-11-24 05:54:24;410;0;14,75
2021-11-24 05:54:29;410;0;14,75
2021-11-24 05:54:34;410;0;14,75
2021-11-24 05:54:39;410;0;14,75
2021-11-24 05:54:44;400;0;14,75
2021-11-24 05:54:49;410;0;14,75
2021-11-24 05:54:54;410;0;14,75
2021-11-24 05:54:59;410;0;14,75
2021-11-24 05:55:04;410;0;14,75
2021-11-24 05:55:09;410;0;14,75
2021-11-24 05:55:14;410;0;14,75
2021-11-24 05:55:19;410;0;14,75
2021-11-24 05:55:24;410;0;14,75
2021-11-24 05:55:29;410;0;14,75
2021-11-24 05:55:34;410;0;14,75
2021-11-24 05:55:39;410;0;14,75
2021-11-24 05:55:44;410;0;14,75
2021-11-24 05:55:49;410;0;14,75
2021-11-24 05:55:54;410;0;14,75
2021-11-24 05:55:59;410;0;14,75
2021-11-24 05:56:04;410;0;14,75
2021-11-24 05:56:09;830;0;14,75
2021-11-24 05:56:14;450;0;14,75
2021-11-24 05:56:19;450;0;14,75
2021-11-24 05:56:24;450;0;14,75
2021-11-24 05:56:29;450;0;14,75
2021-11-24 05:56:34;450;0;14,75
2021-11-24 05:56:39;450;0;14,75
2021-11-24 05:56:44;830;0;14,75
2021-11-24 05:56:49;920;0;14,75
2021-11-24 05:56:54;930;0;14,75
2021-11-24 05:56:59;920;0;14,75
2021-11-24 05:57:04;920;0;14,75
2021-11-24 05:57:09;910;0;14,75
2021-11-24 05:57:14;440;0;14,75
2021-11-24 05:57:19;450;0;14,75
2021-11-24 05:57:24;440;0;14,75
2021-11-24 05:57:29;440;0;14,75
2021-11-24 05:57:34;450;0;14,75
2021-11-24 05:57:39;450;0;14,75
2021-11-24 05:57:44;470;0;14,75
2021-11-24 05:57:49;470;0;14,75
2021-11-24 05:57:54;470;0;14,75
2021-11-24 05:57:59;470;0;14,75
2021-11-24 05:58:04;470;0;14,75
2021-11-24 05:58:09;470;0;14,75
2021-11-24 05:58:14;470;0;14,75
2021-11-24 05:58:19;460;0;14,75
2021-11-24 05:58:24;460;0;14,75
2021-11-24 05:58:29;470;0;14,75
2021-11-24 05:58:34;460;0;14,75
2021-11-24 05:58:39;470;0;14,75
2021-11-24 05:58:44;470;0;14,75
2021-11-24 05:58:49;470;0;14,75
2021-11-24 05:58:54;580;0;14,75
2021-11-24 05:58:59;600;0;14,75
2021-11-24 05:59:04;600;0;14,75
2021-11-24 05:59:09;590;0;14,75
2021-11-24 05:59:14;610;0;14,75
2021-11-24 05:59:19;680;0;14,75
2021-11-24 05:59:24;590;0;14,75
2021-11-24 05:59:29;670;0;14,75
2021-11-24 05:59:34;590;0;14,75
2021-11-24 05:59:39;580;0;14,75
2021-11-24 05:59:44;660;0;14,75
2021-11-24 05:59:49;590;0;14,75
2021-11-24 05:59:54;560;0;14,75
2021-11-24 05:59:59;650;0;14,75
2021-11-24 06:00:04;570;0;14,75
2021-11-24 06:00:09;650;0;14,75
2021-11-24 06:00:14;580;0;14,75
2021-11-24 06:00:19;580;0;14,75
2021-11-24 06:00:24;590;0;14,75
2021-11-24 06:00:29;600;0;14,75
2021-11-24 06:00:34;610;0;14,75
2021-11-24 06:00:39;560;0;14,75
2021-11-24 06:00:44;640;0;14,75
2021-11-24 06:00:49;560;0;14,75
2021-11-24 06:00:54;610;0;14,75
2021-11-24 06:00:59;520;0;14,75
2021-11-24 06:01:04;480;0;14,75
2021-11-24 06:01:09;470;0;14,75
2021-11-24 06:01:14;530;0;14,75
2021-11-24 06:01:19;560;0;14,75
2021-11-24 06:01:24;610;0;14,75
2021-11-24 06:01:29;590;0;14,75
2021-11-24 06:01:34;680;0;14,75
2021-11-24 06:01:39;620;0;14,75
2021-11-24 06:01:44;710;0;14,75
2021-11-24 06:01:49;620;0;14,75
2021-11-24 06:01:54;600;0;14,75
2021-11-24 06:01:59;610;0;14,75
2021-11-24 06:02:04;770;0;14,75
2021-11-24 06:02:09;790;0;14,75
2021-11-24 06:02:14;680;0;14,75
2021-11-24 06:02:19;670;0;14,75
2021-11-24 06:02:24;670;0;14,75
2021-11-24 06:02:29;690;0;14,75
2021-11-24 06:02:34;760;0;14,75
2021-11-24 06:02:39;630;0;14,75
2021-11-24 06:02:44;810;0;14,75
2021-11-24 06:02:49;740;0;14,75
2021-11-24 06:02:54;730;0;14,75
2021-11-24 06:02:59;760;0;14,75
2021-11-24 06:03:04;780;0;14,75
2021-11-24 06:03:09;720;0;14,75
2021-11-24 06:03:14;730;0;14,75
2021-11-24 06:03:19;630;0;14,75
2021-11-24 06:03:24;690;0;14,75
2021-11-24 06:03:29;660;0;14,75
2021-11-24 06:03:34;620;0;14,75
2021-11-24 06:03:39;620;0;14,75
2021-11-24 06:03:44;630;0;14,75
2021-11-24 06:03:49;620;0;14,75
2021-11-24 06:03:54;610;0;14,75
2021-11-24 06:03:59;600;0;14,75
2021-11-24 06:04:04;630;0;14,75
2021-11-24 06:04:09;680;0;14,75
2021-11-24 06:04:14;580;0;14,75
2021-11-24 06:04:19;660;0;14,75
2021-11-24 06:04:24;580;0;14,75
2021-11-24 06:04:29;570;0;14,75
2021-11-24 06:04:34;570;0;14,75
2021-11-24 06:04:39;560;0;14,75
2021-11-24 06:04:44;590;0;14,75
2021-11-24 06:04:49;580;0;14,75
2021-11-24 06:04:54;560;0;14,75
2021-11-24 06:04:59;570;0;14,75
2021-11-24 06:05:04;570;0;14,75
2021-11-24 06:05:09;570;0;14,75
2021-11-24 06:05:14;560;0;14,75
2021-11-24 06:05:19;710;0;14,75
2021-11-24 06:05:24;860;0;14,75
2021-11-24 06:05:29;720;0;14,75
2021-11-24 06:05:34;730;0;14,75
2021-11-24 06:05:39;620;0;14,75
2021-11-24 06:05:44;620;0;14,75
2021-11-24 06:05:49;650;0;14,75
2021-11-24 06:05:54;600;0;14,75
2021-11-24 06:05:59;610;0;14,75
2021-11-24 06:06:04;600;0;14,75
2021-11-24 06:06:09;680;0;14,75
2021-11-24 06:06:14;620;0;14,75
2021-11-24 06:06:19;790;0;14,75
2021-11-24 06:06:24;600;0;14,75
2021-11-24 06:06:29;570;0;14,75
2021-11-24 06:06:34;580;0;14,75
2021-11-24 06:06:39;550;0;14,75
2021-11-24 06:06:44;550;0;14,75
2021-11-24 06:06:49;550;0;14,75
2021-11-24 06:06:54;1000;0;14,75
2021-11-24 06:06:59;1000;0;14,75
2021-11-24 06:07:04;1250;0;14,75
2021-11-24 06:07:09;1060;0;14,75
2021-11-24 06:07:14;1030;0;14,75
2021-11-24 06:07:19;950;0;14,75
2021-11-24 06:07:24;550;0;14,75
2021-11-24 06:07:29;550;0;14,75
2021-11-24 06:07:34;640;0;14,75
2021-11-24 06:07:39;650;0;14,75
2021-11-24 06:07:44;670;0;14,75
2021-11-24 06:07:49;590;0;14,75
2021-11-24 06:07:54;660;0;14,75
2021-11-24 06:07:59;600;0;14,75
2021-11-24 06:08:04;590;0;14,75
2021-11-24 06:08:09;620;0;14,75
2021-11-24 06:08:14;570;0;14,75
2021-11-24 06:08:19;590;0;14,75
2021-11-24 06:08:24;550;0;14,75
2021-11-24 06:08:29;730;0;14,75
2021-11-24 06:08:34;660;0;14,75
2021-11-24 06:08:39;730;0;14,75
2021-11-24 06:08:45;610;0;14,75
2021-11-24 06:08:49;570;0;14,75
2021-11-24 06:08:54;540;0;14,75
2021-11-24 06:08:59;560;0;14,75
2021-11-24 06:09:04;550;0;14,75
2021-11-24 06:09:09;470;0;14,75
2021-11-24 06:09:14;470;0;14,75
2021-11-24 06:09:19;470;0;14,75
2021-11-24 06:09:24;480;0;14,75
2021-11-24 06:09:29;480;0;14,75
2021-11-24 06:09:34;480;0;14,75
2021-11-24 06:09:39;480;0;14,75
2021-11-24 06:09:44;480;0;14,75
2021-11-24 06:09:49;480;0;14,75
2021-11-24 06:09:54;480;0;14,75
2021-11-24 06:09:59;470;0;14,75
2021-11-24 06:10:04;480;0;14,75
2021-11-24 06:10:09;470;0;14,75
2021-11-24 06:10:14;470;0;14,75
2021-11-24 06:10:19;480;0;14,75
2021-11-24 06:10:24;470;0;14,75
2021-11-24 06:10:29;460;0;14,75
2021-11-24 06:10:34;480;0;14,75
2021-11-24 06:10:39;480;0;14,75
2021-11-24 06:10:44;480;0;14,75
2021-11-24 06:10:49;470;0;14,75
2021-11-24 06:10:54;470;0;14,75
2021-11-24 06:10:59;480;0;14,75
2021-11-24 06:11:04;480;0;14,75
2021-11-24 06:11:09;480;0;14,75
2021-11-24 06:11:14;480;0;14,75
2021-11-24 06:11:19;480;0;14,75
2021-11-24 06:11:24;470;0;14,75
2021-11-24 06:11:29;1120;0;14,75
2021-11-24 06:11:34;1120;0;14,75
2021-11-24 06:11:39;1110;0;14,75
2021-11-24 06:11:44;1100;0;14,75
2021-11-24 06:11:49;1100;0;14,75
2021-11-24 06:11:54;1070;0;14,75
2021-11-24 06:11:59;1080;0;14,75
2021-11-24 06:12:04;1070;0;14,75
2021-11-24 06:12:09;1070;0;14,75
2021-11-24 06:12:14;1070;0;14,75
2021-11-24 06:12:19;1070;0;14,75
2021-11-24 06:12:24;1070;0;14,75
2021-11-24 06:12:29;2890;0;14,75
2021-11-24 06:12:34;2880;0;14,75
2021-11-24 06:12:39;2890;0;14,75
2021-11-24 06:12:44;2180;0;14,75
2021-11-24 06:12:49;2170;0;14,75
2021-11-24 06:12:54;2170;0;14,75
2021-11-24 06:12:59;2170;0;14,75
2021-11-24 06:13:04;2170;0;14,75
2021-11-24 06:13:09;2170;0;14,75
2021-11-24 06:13:14;2150;0;14,75
2021-11-24 06:13:19;2160;0;14,75
2021-11-24 06:13:24;2160;0;14,75
2021-11-24 06:13:29;2150;0;14,75
2021-11-24 06:13:34;2140;0;14,75
2021-11-24 06:13:39;2170;0;14,75
2021-11-24 06:13:44;2180;0;14,75
2021-11-24 06:13:49;2180;0;14,75
2021-11-24 06:13:54;2180;0;14,75
2021-11-24 06:13:59;2200;0;14,75
2021-11-24 06:14:04;2200;0;14,75
2021-11-24 06:14:09;2260;0;14,75
2021-11-24 06:14:14;2260;0;14,75
2021-11-24 06:14:19;2260;0;14,75
2021-11-24 06:14:24;2240;0;14,75
2021-11-24 06:14:29;2220;0;14,75
2021-11-24 06:14:34;1420;0;14,75
2021-11-24 06:14:39;470;0;14,75
2021-11-24 06:14:44;470;0;14,75
2021-11-24 06:14:49;470;0;14,75
2021-11-24 06:14:54;470;0;14,75
2021-11-24 06:14:59;470;0;14,75
2021-11-24 06:15:04;480;0;14,75
2021-11-24 06:15:09;480;0;14,75
2021-11-24 06:15:14;470;0;14,75
2021-11-24 06:15:19;470;0;14,75
2021-11-24 06:15:24;500;0;14,75
2021-11-24 06:15:29;490;0;14,75
2021-11-24 06:15:34;490;0;14,75
2021-11-24 06:15:39;500;0;14,75
2021-11-24 06:15:44;470;0;14,75
2021-11-24 06:15:49;470;0;14,75
2021-11-24 06:15:54;470;0;14,75
2021-11-24 06:15:59;470;0;14,75
2021-11-24 06:16:04;470;0;14,75
2021-11-24 06:16:09;470;0;14,75
2021-11-24 06:16:14;460;0;14,75
2021-11-24 06:16:19;470;0;14,75
2021-11-24 06:16:24;480;0;14,75
2021-11-24 06:16:29;470;0;14,75
2021-11-24 06:16:34;470;0;14,75
2021-11-24 06:16:39;480;0;14,75
2021-11-24 06:16:44;480;0;14,75
2021-11-24 06:16:49;470;0;14,75
2021-11-24 06:16:54;470;0;14,75
2021-11-24 06:16:59;480;0;14,75
2021-11-24 06:17:04;480;0;14,75
2021-11-24 06:17:09;480;0;14,75
2021-11-24 06:17:14;800;0;14,75
2021-11-24 06:17:19;900;0;14,75
2021-11-24 06:17:24;900;0;14,75
2021-11-24 06:17:29;880;0;14,75
2021-11-24 06:17:34;880;0;14,75
2021-11-24 06:17:39;880;0;14,75
2021-11-24 06:17:44;460;0;14,75
2021-11-24 06:17:49;470;0;14,75
2021-11-24 06:17:54;470;0;14,75
2021-11-24 06:17:59;470;0;14,75
2021-11-24 06:18:04;470;0;14,75
2021-11-24 06:18:09;470;0;14,75
2021-11-24 06:18:14;470;0;14,75
2021-11-24 06:18:19;470;0;14,75
2021-11-24 06:18:24;470;0;14,75
2021-11-24 06:18:29;470;0;14,75
2021-11-24 06:18:34;470;0;14,75
2021-11-24 06:18:39;480;0;14,75
2021-11-24 06:18:44;470;0;14,75
2021-11-24 06:18:49;470;0;14,75
2021-11-24 06:18:55;470;0;14,75
2021-11-24 06:18:59;470;0;14,75
2021-11-24 06:19:04;480;0;14,75
2021-11-24 06:19:09;470;0;14,75
2021-11-24 06:19:14;470;0;14,75
2021-11-24 06:19:19;480;0;14,75
2021-11-24 06:19:24;480;0;14,75
2021-11-24 06:19:29;480;0;14,75
2021-11-24 06:19:34;480;0;14,75
2021-11-24 06:19:39;480;0;14,75
2021-11-24 06:19:44;480;0;14,75
2021-11-24 06:19:49;480;0;14,75
2021-11-24 06:19:54;480;0;14,75
2021-11-24 06:19:59;480;0;14,75
2021-11-24 06:20:04;480;0;14,75
2021-11-24 06:20:09;480;0;14,75
2021-11-24 06:20:14;480;0;14,75
2021-11-24 06:20:19;480;0;14,75
2021-11-24 06:20:24;480;0;14,75
2021-11-24 06:20:29;470;0;14,75
2021-11-24 06:20:34;470;0;14,75
2021-11-24 06:20:39;470;0;14,75
2021-11-24 06:20:44;480;0;14,75
2021-11-24 06:20:49;470;0;14,75
2021-11-24 06:20:54;480;0;14,75
2021-11-24 06:20:59;480;0;14,75
2021-11-24 06:21:04;480;0;14,75
2021-11-24 06:21:09;480;0;14,75
2021-11-24 06:21:14;480;0;14,75
2021-11-24 06:21:19;480;0;14,75
2021-11-24 06:21:24;480;0;14,75
2021-11-24 06:21:29;480;0;14,75
2021-11-24 06:21:34;480;0;14,75
2021-11-24 06:21:39;480;0;14,75
2021-11-24 06:21:44;480;0;14,75
2021-11-24 06:21:49;480;0;14,75
2021-11-24 06:21:54;470;0;14,75
2021-11-24 06:21:59;480;0;14,75
2021-11-24 06:22:04;480;0;14,75
2021-11-24 06:22:09;480;0;14,75
2021-11-24 06:22:14;470;0;14,75
2021-11-24 06:22:19;480;0;14,75
2021-11-24 06:22:24;480;0;14,75
2021-11-24 06:22:29;490;0;14,75
2021-11-24 06:22:34;490;0;14,75
2021-11-24 06:22:39;490;0;14,75
2021-11-24 06:22:44;500;0;14,75
2021-11-24 06:22:49;490;0;14,75
2021-11-24 06:22:54;490;0;14,75
2021-11-24 06:22:59;490;0;14,75
2021-11-24 06:23:04;490;0;14,75
2021-11-24 06:23:09;490;0;14,75
2021-11-24 06:23:14;490;0;14,75
2021-11-24 06:23:19;500;0;14,75
2021-11-24 06:23:24;490;0;14,75
2021-11-24 06:23:29;490;0;14,75
2021-11-24 06:23:34;490;0;14,75
2021-11-24 06:23:39;490;0;14,75
2021-11-24 06:23:44;490;0;14,75
2021-11-24 06:23:49;500;0;14,75
2021-11-24 06:23:54;490;0;14,75
2021-11-24 06:23:59;490;0;14,75
2021-11-24 06:24:04;490;0;14,75
2021-11-24 06:24:09;490;0;14,75
2021-11-24 06:24:14;500;0;14,75
2021-11-24 06:24:19;500;0;14,75
2021-11-24 06:24:24;500;0;14,75
2021-11-24 06:24:29;480;0;14,75
2021-11-24 06:24:34;490;0;14,75
2021-11-24 06:24:39;480;0;14,75
2021-11-24 06:24:44;490;0;14,75
2021-11-24 06:24:49;480;0;14,75
2021-11-24 06:24:54;480;0;14,75
2021-11-24 06:24:59;490;0;14,75
2021-11-24 06:25:04;500;0;14,75
2021-11-24 06:25:09;490;0;14,75
2021-11-24 06:25:14;490;0;14,75
2021-11-24 06:25:19;490;0;14,75
2021-11-24 06:25:24;490;0;14,75
2021-11-24 06:25:29;490;0;14,75
2021-11-24 06:25:34;480;0;14,75
2021-11-24 06:25:39;490;0;14,75
2021-11-24 06:25:44;490;0;14,75
2021-11-24 06:25:49;480;0;14,75
2021-11-24 06:25:54;480;0;14,75
2021-11-24 06:25:59;480;0;14,75
2021-11-24 06:26:04;480;0;14,75
2021-11-24 06:26:09;600;0;14,75
2021-11-24 06:26:14;610;0;14,75
2021-11-24 06:26:19;620;0;14,75
2021-11-24 06:26:24;610;0;14,75
2021-11-24 06:26:29;620;0;14,75
2021-11-24 06:26:34;480;0;14,75
2021-11-24 06:26:39;490;0;14,75
2021-11-24 06:26:44;480;0;14,75
2021-11-24 06:26:49;480;0;14,75
2021-11-24 06:26:54;480;0;14,75
2021-11-24 06:26:59;480;0;14,75
2021-11-24 06:27:04;480;0;14,75
2021-11-24 06:27:09;480;0;14,75
2021-11-24 06:27:14;480;0;14,75
2021-11-24 06:27:19;490;0;14,75
2021-11-24 06:27:24;480;0;14,75
2021-11-24 06:27:29;480;0;14,75
2021-11-24 06:27:34;480;0;14,75
2021-11-24 06:27:39;490;0;14,75
2021-11-24 06:27:44;480;0;14,75
2021-11-24 06:27:49;480;0;14,75
2021-11-24 06:27:54;480;0;14,75
2021-11-24 06:27:59;490;0;14,75
2021-11-24 06:28:04;480;0;14,75
2021-11-24 06:28:09;480;0;14,75
2021-11-24 06:28:14;480;0;14,75
2021-11-24 06:28:19;480;0;14,75
2021-11-24 06:28:24;480;0;14,75
2021-11-24 06:28:29;490;0;14,75
2021-11-24 06:28:34;480;0;14,75
2021-11-24 06:28:39;510;0;14,75
2021-11-24 06:28:44;500;0;14,75
2021-11-24 06:28:49;470;0;14,75
2021-11-24 06:28:54;470;0;14,75
2021-11-24 06:28:59;470;0;14,75
2021-11-24 06:29:06;480;0;14,75
2021-11-24 06:29:10;470;0;14,75
2021-11-24 06:29:14;480;0;14,75
2021-11-24 06:29:19;470;0;14,75
2021-11-24 06:29:24;470;0;14,75
2021-11-24 06:29:29;460;0;14,75
2021-11-24 06:29:34;470;0;14,75
2021-11-24 06:29:39;470;0;14,75
2021-11-24 06:29:44;470;0;14,75
2021-11-24 06:29:49;850;0;14,75
2021-11-24 06:29:54;890;0;14,75
2021-11-24 06:29:59;890;0;14,75
2021-11-24 06:30:04;900;0;14,75
2021-11-24 06:30:09;900;0;14,75
2021-11-24 06:30:14;900;0;14,75
2021-11-24 06:30:19;470;0;14,75
2021-11-24 06:30:24;470;0;14,75
2021-11-24 06:30:29;460;0;14,75
2021-11-24 06:30:34;470;0;14,75
2021-11-24 06:30:39;470;0;14,75
2021-11-24 06:30:44;470;0;14,75
2021-11-24 06:30:49;460;0;14,75
2021-11-24 06:30:54;470;0;14,75
2021-11-24 06:30:59;470;0;14,75
2021-11-24 06:31:04;470;0;14,75
2021-11-24 06:31:09;470;0;14,75
2021-11-24 06:31:14;470;0;14,75
2021-11-24 06:31:19;470;0;14,75
2021-11-24 06:31:24;470;0;14,75
2021-11-24 06:31:29;460;0;14,75
2021-11-24 06:31:34;470;0;14,75
2021-11-24 06:31:39;470;0;14,75
2021-11-24 06:31:44;470;0;14,75
2021-11-24 06:31:49;470;0;14,75
2021-11-24 06:31:54;470;0;14,75
2021-11-24 06:31:59;470;0;14,75
2021-11-24 06:32:04;470;0;14,75
2021-11-24 06:32:09;470;0;14,75
2021-11-24 06:32:14;470;0;14,75
2021-11-24 06:32:19;470;0;14,75
2021-11-24 06:32:24;470;0;14,75
2021-11-24 06:32:29;460;0;14,75
2021-11-24 06:32:34;470;0;14,75
2021-11-24 06:32:39;470;0;14,75
2021-11-24 06:32:44;460;0;14,75
2021-11-24 06:32:49;460;0;14,75
2021-11-24 06:32:54;470;0;14,75
2021-11-24 06:32:59;470;0;14,75
2021-11-24 06:33:04;470;0;14,75
2021-11-24 06:33:09;470;0;14,75
2021-11-24 06:33:14;460;0;14,75
2021-11-24 06:33:19;470;0;14,75
2021-11-24 06:33:24;470;0;14,75
2021-11-24 06:33:29;460;0;14,75
2021-11-24 06:33:34;460;0;14,75
2021-11-24 06:33:39;470;0;14,75
2021-11-24 06:33:44;470;0;14,75
2021-11-24 06:33:49;460;0;14,75
2021-11-24 06:33:54;460;0;14,75
2021-11-24 06:33:59;470;0;14,75
2021-11-24 06:34:04;460;0;14,75
2021-11-24 06:34:10;460;0;14,75
2021-11-24 06:34:14;460;0;14,75
2021-11-24 06:34:19;460;0;14,75
2021-11-24 06:34:24;460;0;14,75
2021-11-24 06:34:29;460;0;14,75
2021-11-24 06:34:34;460;0;14,75
2021-11-24 06:34:39;460;0;14,75
2021-11-24 06:34:44;460;0;14,75
2021-11-24 06:34:49;460;0;14,75
2021-11-24 06:34:54;460;0;14,75
2021-11-24 06:34:59;460;0;14,75
2021-11-24 06:35:04;460;0;14,75
2021-11-24 06:35:09;460;0;14,75
2021-11-24 06:35:14;470;0;14,75
2021-11-24 06:35:19;470;0;14,75
2021-11-24 06:35:24;460;0;14,75
2021-11-24 06:35:29;460;0;14,75
2021-11-24 06:35:34;460;0;14,75
2021-11-24 06:35:39;530;0;14,75
2021-11-24 06:35:44;530;0;14,75
2021-11-24 06:35:49;530;0;14,75
2021-11-24 06:35:54;530;0;14,75
2021-11-24 06:35:59;530;0;14,75
2021-11-24 06:36:04;460;0;14,75
2021-11-24 06:36:09;470;0;14,75
2021-11-24 06:36:14;460;0;14,75
2021-11-24 06:36:19;470;0;14,75
2021-11-24 06:36:24;460;0;14,75
2021-11-24 06:36:29;470;0;14,75
2021-11-24 06:36:34;470;0;14,75
2021-11-24 06:36:39;460;0;14,75
2021-11-24 06:36:44;450;0;14,50
2021-11-24 06:36:49;450;0;14,75
2021-11-24 06:36:54;450;0;14,75
2021-11-24 06:36:59;460;0;14,75
2021-11-24 06:37:04;450;0;14,50
2021-11-24 06:37:09;450;0;14,75
2021-11-24 06:37:14;450;0;14,75
2021-11-24 06:37:19;460;0;14,75
2021-11-24 06:37:24;490;0;14,75
2021-11-24 06:37:29;490;0;14,75
2021-11-24 06:37:34;490;0;14,75
2021-11-24 06:37:39;500;0;14,75
2021-11-24 06:37:44;490;0;14,75
2021-11-24 06:37:49;490;0;14,75
2021-11-24 06:37:54;490;0;14,75
2021-11-24 06:37:59;500;0;14,75
2021-11-24 06:38:04;500;0;14,75
2021-11-24 06:38:09;490;0;14,75
2021-11-24 06:38:14;490;0;14,75
2021-11-24 06:38:19;500;0;14,75
2021-11-24 06:38:24;490;0;14,75
2021-11-24 06:38:29;500;0;14,75
2021-11-24 06:38:34;500;0;14,75
2021-11-24 06:38:39;500;0;14,75
2021-11-24 06:38:44;500;0;14,75
2021-11-24 06:38:49;500;0;14,75
2021-11-24 06:38:54;500;0;14,75
2021-11-24 06:38:59;500;0;14,75
2021-11-24 06:39:04;500;0;14,75
2021-11-24 06:39:09;500;0;14,75
2021-11-24 06:39:14;500;0;14,75
2021-11-24 06:39:19;500;0;14,75
2021-11-24 06:39:24;500;0;14,75
2021-11-24 06:39:29;500;0;14,75
2021-11-24 06:39:34;500;0;14,75
2021-11-24 06:39:39;500;0;14,75
2021-11-24 06:39:44;500;0;14,75
2021-11-24 06:39:49;500;0;14,75
2021-11-24 06:39:54;500;0;14,75
2021-11-24 06:39:59;500;0;14,75
2021-11-24 06:40:04;500;0;14,75
2021-11-24 06:40:09;500;0;14,75
2021-11-24 06:40:14;500;0;14,75
2021-11-24 06:40:19;510;0;14,75
2021-11-24 06:40:24;500;0;14,75
2021-11-24 06:40:29;500;0;14,75
2021-11-24 06:40:34;500;0;14,75
2021-11-24 06:40:39;500;0;14,75
2021-11-24 06:40:44;500;0;14,75
2021-11-24 06:40:49;500;0;14,75
2021-11-24 06:40:54;500;0;14,75
2021-11-24 06:40:59;500;0;14,75
2021-11-24 06:41:04;490;0;14,75
2021-11-24 06:41:09;500;0;14,75
2021-11-24 06:41:14;490;0;14,75
2021-11-24 06:41:19;500;0;14,75
2021-11-24 06:41:24;500;0;14,75
2021-11-24 06:41:29;490;0;14,75
2021-11-24 06:41:34;500;0;14,75
2021-11-24 06:41:39;500;0;14,75
2021-11-24 06:41:44;490;0;14,75
2021-11-24 06:41:49;500;0;14,75
2021-11-24 06:41:54;500;0;14,75
2021-11-24 06:41:59;500;0;14,75
2021-11-24 06:42:04;500;0;14,75
2021-11-24 06:42:09;500;0;14,75
2021-11-24 06:42:14;490;0;14,75
2021-11-24 06:42:19;500;0;14,75
2021-11-24 06:42:24;490;0;14,75
2021-11-24 06:42:29;490;0;14,75
2021-11-24 06:42:34;870;0;14,75
2021-11-24 06:42:39;910;0;14,75
2021-11-24 06:42:44;910;0;14,75
2021-11-24 06:42:49;930;0;14,75
2021-11-24 06:42:54;920;0;14,75
2021-11-24 06:42:59;920;0;14,75
2021-11-24 06:43:04;500;0;14,75
2021-11-24 06:43:09;500;0;14,75
2021-11-24 06:43:14;500;0;14,75
2021-11-24 06:43:19;500;0;14,75
2021-11-24 06:43:24;500;0;14,75
2021-11-24 06:43:29;500;0;14,75
2021-11-24 06:43:34;500;0;14,75
2021-11-24 06:43:39;500;0;14,75
2021-11-24 06:43:44;490;0;14,75
2021-11-24 06:43:49;500;0;14,75
2021-11-24 06:43:54;500;0;14,75
2021-11-24 06:43:59;500;0;14,75
2021-11-24 06:44:04;490;0;14,75
2021-11-24 06:44:09;490;0;14,75
2021-11-24 06:44:14;490;0;14,75
2021-11-24 06:44:20;490;0;14,75
2021-11-24 06:44:24;490;0;14,75
2021-11-24 06:44:29;490;0;14,75
2021-11-24 06:44:34;500;0;14,75
2021-11-24 06:44:39;490;0;14,75
2021-11-24 06:44:44;490;0;14,75
2021-11-24 06:44:49;490;0;14,75
2021-11-24 06:44:54;490;0;14,75
2021-11-24 06:44:59;490;0;14,75
2021-11-24 06:45:04;490;0;14,75
2021-11-24 06:45:09;490;0;14,75
2021-11-24 06:45:14;490;0;14,75
2021-11-24 06:45:19;490;0;14,75
2021-11-24 06:45:24;490;0;14,75
2021-11-24 06:45:29;490;0;14,75
2021-11-24 06:45:34;500;0;14,75
2021-11-24 06:45:39;520;0;14,75
2021-11-24 06:45:44;510;0;14,75
2021-11-24 06:45:49;520;0;14,75
2021-11-24 06:45:54;520;0;14,75
2021-11-24 06:45:59;520;0;14,75
2021-11-24 06:46:04;570;0;14,75
2021-11-24 06:46:09;570;0;14,75
2021-11-24 06:46:14;570;0;14,75
2021-11-24 06:46:19;570;0;14,75
2021-11-24 06:46:24;560;0;14,75
2021-11-24 06:46:29;560;0;14,75
2021-11-24 06:46:34;570;0;14,75
2021-11-24 06:46:39;570;0;14,75
2021-11-24 06:46:44;560;0;14,75
2021-11-24 06:46:49;560;0;14,75
2021-11-24 06:46:54;560;0;14,75
2021-11-24 06:46:59;560;0;14,75
2021-11-24 06:47:04;560;0;14,75
2021-11-24 06:47:09;560;0;14,75
2021-11-24 06:47:14;570;0;14,75
2021-11-24 06:47:19;560;0;14,75
2021-11-24 06:47:24;560;0;14,75
2021-11-24 06:47:29;560;0;14,75
2021-11-24 06:47:34;560;0;14,75
2021-11-24 06:47:39;560;0;14,75
2021-11-24 06:47:44;560;0;14,75
2021-11-24 06:47:49;560;0;14,75
2021-11-24 06:47:54;560;0;14,75
2021-11-24 06:47:59;570;0;14,75
2021-11-24 06:48:04;570;0;14,75
2021-11-24 06:48:09;570;0;14,75
2021-11-24 06:48:14;570;0;14,75
2021-11-24 06:48:19;570;0;14,75
2021-11-24 06:48:24;560;0;14,75
2021-11-24 06:48:29;570;0;14,50
2021-11-24 06:48:34;570;0;14,75
2021-11-24 06:48:39;570;0;14,75
2021-11-24 06:48:44;560;0;14,75
2021-11-24 06:48:49;570;0;14,75
2021-11-24 06:48:54;570;0;14,75
2021-11-24 06:48:59;570;0;14,75
2021-11-24 06:49:04;560;0;14,75
2021-11-24 06:49:09;560;0;14,75
2021-11-24 06:49:14;560;0;14,75
2021-11-24 06:49:19;560;0;14,75
2021-11-24 06:49:25;560;0;14,75
2021-11-24 06:49:29;560;0;14,75
2021-11-24 06:49:34;560;0;14,75
2021-11-24 06:49:39;560;0;14,75
2021-11-24 06:49:44;560;0;14,75
2021-11-24 06:49:49;560;0;14,75
2021-11-24 06:49:54;560;0;14,75
2021-11-24 06:49:59;570;0;14,75
2021-11-24 06:50:04;560;0;14,75
2021-11-24 06:50:09;560;0;14,75
2021-11-24 06:50:14;560;0;14,75
2021-11-24 06:50:19;590;0;14,75
2021-11-24 06:50:24;670;0;14,75
2021-11-24 06:50:29;640;0;14,75
2021-11-24 06:50:34;670;0;14,75
2021-11-24 06:50:39;740;0;14,75
2021-11-24 06:50:44;740;0;14,75
2021-11-24 06:50:49;640;0;14,75
2021-11-24 06:50:54;650;0;14,75
2021-11-24 06:50:59;740;0;14,75
2021-11-24 06:51:04;650;0;14,50
2021-11-24 06:51:09;650;0;14,75
2021-11-24 06:51:14;630;0;14,75
2021-11-24 06:51:19;660;0;14,75
2021-11-24 06:51:24;650;0;14,75
2021-11-24 06:51:29;730;0;14,75
2021-11-24 06:51:34;660;0;14,75
2021-11-24 06:51:39;640;0;14,75
2021-11-24 06:51:44;640;0;14,75
2021-11-24 06:51:49;690;0;14,75
2021-11-24 06:51:54;650;0;14,75
2021-11-24 06:51:59;650;0;14,50
2021-11-24 06:52:04;640;0;14,75
2021-11-24 06:52:09;620;0;14,75
2021-11-24 06:52:14;620;0;14,75
2021-11-24 06:52:19;630;0;14,75
2021-11-24 06:52:24;620;0;14,75
2021-11-24 06:52:29;630;0;14,75
2021-11-24 06:52:34;630;0;14,75
2021-11-24 06:52:39;620;0;14,50
2021-11-24 06:52:44;610;0;14,75
2021-11-24 06:52:49;620;0;14,75
2021-11-24 06:52:54;620;0;14,75
2021-11-24 06:52:59;610;0;14,75
2021-11-24 06:53:04;610;0;14,75
2021-11-24 06:53:09;600;0;14,75
2021-11-24 06:53:14;610;0;14,75
2021-11-24 06:53:19;620;0;14,75
2021-11-24 06:53:24;630;0;14,75
2021-11-24 06:53:29;610;0;14,50
2021-11-24 06:53:34;610;0;14,75
2021-11-24 06:53:39;600;0;14,75
2021-11-24 06:53:44;600;0;14,75
2021-11-24 06:53:49;660;0;14,75
2021-11-24 06:53:54;690;0;14,75
2021-11-24 06:53:59;750;0;14,75
2021-11-24 06:54:04;690;0;14,75
2021-11-24 06:54:09;650;0;14,75
2021-11-24 06:54:14;630;0;14,75
2021-11-24 06:54:19;620;0;14,75
2021-11-24 06:54:24;620;0;14,75
2021-11-24 06:54:30;710;0;14,75
2021-11-24 06:54:34;630;0;14,75
2021-11-24 06:54:39;690;0;14,75
2021-11-24 06:54:44;710;0;14,50
2021-11-24 06:54:49;710;0;14,50
2021-11-24 06:54:54;1010;0;14,50
2021-11-24 06:54:59;1040;0;14,75
2021-11-24 06:55:04;1120;0;14,50
2021-11-24 06:55:09;1120;0;14,75
2021-11-24 06:55:14;1100;0;14,50
2021-11-24 06:55:19;1170;0;14,75
2021-11-24 06:55:24;920;0;14,75
2021-11-24 06:55:29;620;0;14,75
2021-11-24 06:55:34;600;0;14,75
2021-11-24 06:55:39;720;0;14,75
2021-11-24 06:55:44;750;0;14,50
2021-11-24 06:55:49;680;0;14,50
2021-11-24 06:55:54;650;0;14,50
2021-11-24 06:55:59;660;0;14,75
2021-11-24 06:56:04;670;0;14,50
2021-11-24 06:56:09;710;0;14,50
2021-11-24 06:56:14;690;0;14,75
2021-11-24 06:56:19;620;0;14,75
2021-11-24 06:56:24;610;0;14,75
2021-11-24 06:56:29;610;0;14,75
2021-11-24 06:56:34;700;0;14,50
2021-11-24 06:56:39;720;0;14,50
2021-11-24 06:56:44;690;0;14,50
2021-11-24 06:56:49;730;0;14,75
2021-11-24 06:56:54;710;0;14,50
2021-11-24 06:56:59;680;0;14,50
2021-11-24 06:57:04;690;0;14,50
2021-11-24 06:57:09;690;0;14,50
2021-11-24 06:57:14;710;0;14,75
2021-11-24 06:57:19;630;0;14,50
2021-11-24 06:57:24;600;0;14,75
2021-11-24 06:57:29;610;0;14,75
2021-11-24 06:57:34;720;0;14,50
2021-11-24 06:57:39;630;0;14,75
2021-11-24 06:57:44;710;0;14,75
2021-11-24 06:57:49;750;0;14,75
2021-11-24 06:57:54;760;0;14,50
2021-11-24 06:57:59;720;0;14,50
2021-11-24 06:58:04;670;0;14,50
2021-11-24 06:58:09;740;0;14,75
2021-11-24 06:58:14;730;0;14,50
2021-11-24 06:58:19;680;0;14,50
2021-11-24 06:58:24;650;0;14,50
2021-11-24 06:58:29;660;0;14,50
2021-11-24 06:58:34;730;0;14,50
2021-11-24 06:58:39;640;0;14,50
2021-11-24 06:58:44;760;0;14,50
2021-11-24 06:58:49;670;0;14,75
2021-11-24 06:58:54;750;0;14,50
2021-11-24 06:58:59;650;0;14,50
2021-11-24 06:59:04;700;0;14,50
2021-11-24 06:59:09;680;0;14,50
2021-11-24 06:59:14;730;0;14,50
2021-11-24 06:59:19;730;0;14,75
2021-11-24 06:59:24;660;0;14,50
2021-11-24 06:59:29;650;0;14,50
2021-11-24 06:59:35;710;0;14,50
2021-11-24 06:59:39;680;0;14,50
2021-11-24 06:59:44;660;0;14,50
2021-11-24 06:59:49;720;0;14,50
2021-11-24 06:59:54;650;0;14,75
2021-11-24 06:59:59;620;0;14,50
2021-11-24 07:00:04;630;0;14,50
2021-11-24 07:00:09;600;0;14,50
2021-11-24 07:00:14;630;0;14,75
2021-11-24 07:00:19;620;0;14,75
2021-11-24 07:00:24;620;0;14,50
2021-11-24 07:00:29;600;0;14,75
2021-11-24 07:00:34;600;0;14,50
2021-11-24 07:00:39;570;0;14,50
2021-11-24 07:00:44;570;0;14,75
2021-11-24 07:00:49;540;0;14,50
2021-11-24 07:00:54;560;0;14,75
2021-11-24 07:00:59;560;0;14,50
2021-11-24 07:01:04;560;0;14,50
2021-11-24 07:01:09;560;0;14,50
2021-11-24 07:01:14;560;0;14,50
2021-11-24 07:01:19;560;0;14,50
2021-11-24 07:01:24;560;0;14,75
2021-11-24 07:01:29;540;0;14,75
2021-11-24 07:01:34;540;0;14,50
2021-11-24 07:01:39;530;0;14,50
2021-11-24 07:01:44;550;0;14,75
2021-11-24 07:01:49;540;0;14,50
2021-11-24 07:01:54;540;0;14,75
2021-11-24 07:01:59;540;0;14,50
2021-11-24 07:02:04;540;0;14,50
2021-11-24 07:02:09;540;0;14,75
2021-11-24 07:02:14;540;0;14,50
2021-11-24 07:02:19;1660;0;14,50
2021-11-24 07:02:24;1650;0;14,75
2021-11-24 07:02:29;1250;0;14,50
2021-11-24 07:02:34;780;0;14,50
2021-11-24 07:02:39;780;0;14,50
2021-11-24 07:02:44;570;0;14,50
2021-11-24 07:02:49;530;0;14,75
2021-11-24 07:02:54;530;0;14,50
2021-11-24 07:02:59;490;0;14,50
2021-11-24 07:03:04;490;0;14,75
2021-11-24 07:03:09;490;0;14,50
2021-11-24 07:03:14;500;0;14,75
2021-11-24 07:03:19;500;0;14,50
2021-11-24 07:03:24;500;0;14,50
2021-11-24 07:03:29;500;0;14,50
2021-11-24 07:03:34;500;0;14,50
2021-11-24 07:03:39;450;0;14,75
2021-11-24 07:03:44;450;0;14,75
2021-11-24 07:03:49;530;0;14,50
2021-11-24 07:03:54;590;0;14,50
2021-11-24 07:03:59;580;0;14,75
2021-11-24 07:04:04;570;0;14,50
2021-11-24 07:04:09;540;0;14,75
2021-11-24 07:04:14;510;0;14,50
2021-11-24 07:04:19;460;0;14,50
2021-11-24 07:04:24;460;0;14,75
2021-11-24 07:04:29;520;0;14,50
2021-11-24 07:04:34;490;0;14,50
2021-11-24 07:04:40;490;0;14,50
2021-11-24 07:04:44;480;0;14,75
2021-11-24 07:04:49;470;0;14,50
2021-11-24 07:04:54;460;0;14,50
2021-11-24 07:04:59;450;0;14,50
2021-11-24 07:05:04;450;0;14,50
2021-11-24 07:05:09;460;0;14,50
2021-11-24 07:05:14;460;0;14,50
2021-11-24 07:05:19;460;0;14,50
2021-11-24 07:05:24;460;0;14,50
2021-11-24 07:05:29;460;0;14,50
2021-11-24 07:05:34;460;0;14,50
2021-11-24 07:05:39;460;0;14,50
2021-11-24 07:05:44;450;0;14,50
2021-11-24 07:05:49;450;0;14,50
2021-11-24 07:05:54;450;0;14,50
2021-11-24 07:05:59;460;0;14,50
2021-11-24 07:06:04;450;0;14,50
2021-11-24 07:06:09;460;0;14,50
2021-11-24 07:06:14;950;0;14,50
2021-11-24 07:06:19;490;0;14,50
2021-11-24 07:06:24;490;0;14,50
2021-11-24 07:06:29;490;0;14,50
2021-11-24 07:06:34;490;0;14,50
2021-11-24 07:06:39;490;0;14,50
2021-11-24 07:06:44;830;0;14,50
2021-11-24 07:06:49;910;0;14,50
2021-11-24 07:06:54;940;0;14,50
2021-11-24 07:06:59;950;0;14,50
2021-11-24 07:07:04;940;0;14,50
2021-11-24 07:07:09;940;0;14,50
2021-11-24 07:07:14;940;0;14,50
2021-11-24 07:07:19;490;0;14,50
2021-11-24 07:07:24;490;0;14,50
2021-11-24 07:07:29;490;0;14,50
2021-11-24 07:07:34;490;0;14,50
2021-11-24 07:07:39;490;0;14,50
2021-11-24 07:07:44;480;0;14,50
2021-11-24 07:07:49;480;0;14,50
2021-11-24 07:07:54;480;0;14,50
2021-11-24 07:07:59;490;0;14,50
2021-11-24 07:08:04;490;0;14,50
2021-11-24 07:08:09;480;0;14,25
2021-11-24 07:08:14;480;0;14,50
2021-11-24 07:08:19;490;0;14,25
2021-11-24 07:08:24;480;0;14,25
2021-11-24 07:08:29;480;0;14,50
2021-11-24 07:08:34;490;0;14,25
2021-11-24 07:08:39;490;0;14,25
2021-11-24 07:08:44;490;0;14,25
2021-11-24 07:08:49;490;0;14,25
2021-11-24 07:08:54;490;0;14,25
2021-11-24 07:08:59;490;0;14,25
2021-11-24 07:09:04;480;0;14,25
2021-11-24 07:09:09;490;0;14,25
2021-11-24 07:09:14;490;0;14,25
2021-11-24 07:09:19;490;0;14,25
2021-11-24 07:09:24;490;0;14,25
2021-11-24 07:09:29;490;0;14,25
2021-11-24 07:09:34;480;0;14,25
2021-11-24 07:09:39;490;0;14,25
2021-11-24 07:09:45;490;0;14,25
2021-11-24 07:09:49;490;0;14,25
2021-11-24 07:09:54;490;0;14,25
2021-11-24 07:09:59;490;0;14,25
2021-11-24 07:10:04;490;0;14,25
2021-11-24 07:10:09;490;0;14,25
2021-11-24 07:10:14;490;0;14,25
2021-11-24 07:10:19;490;0;14,25
2021-11-24 07:10:24;490;0;14,25
2021-11-24 07:10:29;480;0;14,25
2021-11-24 07:10:34;480;0;14,25
2021-11-24 07:10:39;480;0;14,25
2021-11-24 07:10:44;480;0;14,25
2021-11-24 07:10:49;480;0;14,25
2021-11-24 07:10:54;480;0;14,25
2021-11-24 07:10:59;490;0;14,25
2021-11-24 07:11:04;480;0;14,25
2021-11-24 07:11:09;480;0;14,25
2021-11-24 07:11:14;480;0;14,25
2021-11-24 07:11:19;490;0;14,25
2021-11-24 07:11:24;480;0;14,25
2021-11-24 07:11:29;480;0;14,25
2021-11-24 07:11:34;480;0;14,25
2021-11-24 07:11:39;490;0;14,25
2021-11-24 07:11:44;480;0;14,25
2021-11-24 07:11:49;480;0;14,25
2021-11-24 07:11:54;480;0;14,25
2021-11-24 07:11:59;480;0;14,25
2021-11-24 07:12:04;490;0;14,25
2021-11-24 07:12:09;480;0;14,25
2021-11-24 07:12:14;480;0;14,25
2021-11-24 07:12:19;490;0;14,25
2021-11-24 07:12:24;480;0;14,25
2021-11-24 07:12:29;480;0;14,25
2021-11-24 07:12:34;480;0;14,25
2021-11-24 07:12:39;490;0;14,25
2021-11-24 07:12:44;490;0;14,25
2021-11-24 07:12:49;490;0;14,25
2021-11-24 07:12:54;480;0;14,25
2021-11-24 07:12:59;490;0;14,25
2021-11-24 07:13:04;480;0;14,25
2021-11-24 07:13:09;480;0;14,25
2021-11-24 07:13:14;480;0;14,25
2021-11-24 07:13:19;480;0;14,25
2021-11-24 07:13:24;490;0;14,25
2021-11-24 07:13:29;480;0;14,25
2021-11-24 07:13:34;480;0;14,25
2021-11-24 07:13:39;480;0;14,25
2021-11-24 07:13:44;480;0;14,25
2021-11-24 07:13:49;480;0;14,25
2021-11-24 07:13:54;480;0;14,25
2021-11-24 07:13:59;480;0;14,25
2021-11-24 07:14:04;480;0;14,25
2021-11-24 07:14:09;480;0;14,25
2021-11-24 07:14:14;480;0;14,25
2021-11-24 07:14:19;480;0;14,25
2021-11-24 07:14:24;470;0;14,25
2021-11-24 07:14:29;470;0;14,25
2021-11-24 07:14:34;480;0;14,25
2021-11-24 07:14:39;480;0;14,25
2021-11-24 07:14:44;480;0;14,25
2021-11-24 07:14:50;480;0;14,25
2021-11-24 07:14:54;480;0;14,25
2021-11-24 07:14:59;480;0;14,25
2021-11-24 07:15:04;480;0;14,25
2021-11-24 07:15:09;480;0;14,25
2021-11-24 07:15:14;480;0;14,25
2021-11-24 07:15:19;480;0;14,25
2021-11-24 07:15:24;480;0;14,25
2021-11-24 07:15:29;480;0;14,25
2021-11-24 07:15:34;480;0;14,25
2021-11-24 07:15:39;480;0;14,25
2021-11-24 07:15:44;480;0;14,25
2021-11-24 07:15:49;430;0;14,25
2021-11-24 07:15:54;420;0;14,25
2021-11-24 07:15:59;410;0;14,25
2021-11-24 07:16:04;410;0;14,25
2021-11-24 07:16:09;410;0;14,25
2021-11-24 07:16:14;480;0;14,25
2021-11-24 07:16:19;560;0;14,25
2021-11-24 07:16:24;530;0;14,25
2021-11-24 07:16:29;500;0;14,25
2021-11-24 07:16:34;480;0;14,25
2021-11-24 07:16:39;470;0;14,25
2021-11-24 07:16:44;410;0;14,25
2021-11-24 07:16:49;410;0;14,25
2021-11-24 07:16:54;410;0;14,25
2021-11-24 07:16:59;410;0;14,25
2021-11-24 07:17:04;410;0;14,25
2021-11-24 07:17:09;410;0;14,25
2021-11-24 07:17:14;410;0;14,25
2021-11-24 07:17:19;410;0;14,25
2021-11-24 07:17:24;410;0;14,25
2021-11-24 07:17:29;410;0;14,25
2021-11-24 07:17:34;410;0;14,25
2021-11-24 07:17:39;410;0;14,25
2021-11-24 07:17:44;410;0;14,25
2021-11-24 07:17:49;410;0;14,25
2021-11-24 07:17:54;410;0;14,25
2021-11-24 07:17:59;420;0;14,25
2021-11-24 07:18:04;410;0;14,25
2021-11-24 07:18:09;410;0;14,00
2021-11-24 07:18:14;420;0;14,00
2021-11-24 07:18:19;420;0;14,00
2021-11-24 07:18:24;420;0;14,00
2021-11-24 07:18:29;450;0;14,00
2021-11-24 07:18:34;870;0;14,00
2021-11-24 07:18:39;910;0;14,00
2021-11-24 07:18:44;820;0;14,00
2021-11-24 07:18:49;810;0;14,00
2021-11-24 07:18:54;810;0;14,00
2021-11-24 07:18:59;700;0;14,00
2021-11-24 07:19:04;390;0;14,00
2021-11-24 07:19:09;380;0;14,00
2021-11-24 07:19:14;380;0;14,00
2021-11-24 07:19:19;390;0;14,00
2021-11-24 07:19:24;380;0;14,00
2021-11-24 07:19:29;380;0;14,00
2021-11-24 07:19:34;390;0;14,00
2021-11-24 07:19:39;390;0;14,00
2021-11-24 07:19:44;380;0;14,00
2021-11-24 07:19:49;390;0;14,00
2021-11-24 07:19:55;390;0;14,00
2021-11-24 07:19:59;390;0;13,75
2021-11-24 07:20:04;390;0;13,75
2021-11-24 07:20:09;390;0;13,75
2021-11-24 07:20:14;390;0;13,75
2021-11-24 07:20:19;390;0;13,75
2021-11-24 07:20:24;390;0;13,75
2021-11-24 07:20:29;370;0;13,75
2021-11-24 07:20:34;380;0;13,75
2021-11-24 07:20:39;380;0;13,75
2021-11-24 07:20:44;380;0;13,75
2021-11-24 07:20:49;380;0;13,75
2021-11-24 07:20:54;380;0;13,75
2021-11-24 07:20:59;380;0;13,75
2021-11-24 07:21:04;380;0;13,75
2021-11-24 07:21:09;380;0;13,75
2021-11-24 07:21:14;380;0;13,75
2021-11-24 07:21:19;380;0;13,75
2021-11-24 07:21:24;380;0;13,75
2021-11-24 07:21:29;380;0;13,75
2021-11-24 07:21:34;380;0;13,75
2021-11-24 07:21:39;380;0;13,75
2021-11-24 07:21:44;380;0;13,75
2021-11-24 07:21:49;370;0;13,75
2021-11-24 07:21:54;380;0;13,75
2021-11-24 07:21:59;380;0;13,75
2021-11-24 07:22:04;380;0;13,75
2021-11-24 07:22:09;380;0;13,75
2021-11-24 07:22:14;380;0;13,75
2021-11-24 07:22:19;380;0;13,50
2021-11-24 07:22:24;370;0;13,50
2021-11-24 07:22:29;380;0;13,50
2021-11-24 07:22:34;380;0;13,50
2021-11-24 07:22:39;380;0;13,50
2021-11-24 07:22:44;380;0;13,50
2021-11-24 07:22:49;380;0;13,50
2021-11-24 07:22:54;380;0;13,50
2021-11-24 07:22:59;380;0;13,50
2021-11-24 07:23:04;380;0;13,50
2021-11-24 07:23:09;380;0;13,50
2021-11-24 07:23:14;380;0;13,50
2021-11-24 07:23:19;380;0;13,50
2021-11-24 07:23:24;380;0;13,50
2021-11-24 07:23:29;380;0;13,50
2021-11-24 07:23:34;380;0;13,50
2021-11-24 07:23:39;380;0;13,50
2021-11-24 07:23:44;380;0;13,50
2021-11-24 07:23:49;380;0;13,50
2021-11-24 07:23:54;380;0;13,50
2021-11-24 07:23:59;380;0;13,50
2021-11-24 07:24:04;380;0;13,50
2021-11-24 07:24:09;380;0;13,50
2021-11-24 07:24:14;380;0;13,50
2021-11-24 07:24:19;380;0;13,50
2021-11-24 07:24:24;380;0;13,50
2021-11-24 07:24:29;380;0;13,50
2021-11-24 07:24:34;380;0;13,50
2021-11-24 07:24:39;380;0;13,50
2021-11-24 07:24:44;380;0;13,50
2021-11-24 07:24:49;380;0;13,50
2021-11-24 07:24:54;380;0;13,50
2021-11-24 07:25:00;380;0;13,50
2021-11-24 07:25:04;380;0;13,50
2021-11-24 07:25:09;380;0;13,50
2021-11-24 07:25:14;380;0;13,50
2021-11-24 07:25:19;380;0;13,50
2021-11-24 07:25:24;380;0;13,50
2021-11-24 07:25:29;380;0;13,50
2021-11-24 07:25:34;380;0;13,50
2021-11-24 07:25:39;380;0;13,50
2021-11-24 07:25:44;380;0;13,50
2021-11-24 07:25:49;380;0;13,50
2021-11-24 07:25:54;380;0;13,50
2021-11-24 07:25:59;380;0;13,50
2021-11-24 07:26:04;380;0;13,50
2021-11-24 07:26:09;380;0;13,50
2021-11-24 07:26:14;380;0;13,50
2021-11-24 07:26:19;380;0;13,50
2021-11-24 07:26:24;380;0;13,50
2021-11-24 07:26:29;380;0;13,50
2021-11-24 07:26:34;380;0;13,50
2021-11-24 07:26:39;380;0;13,50
2021-11-24 07:26:44;380;0;13,50
2021-11-24 07:26:49;380;0;13,50
2021-11-24 07:26:54;380;0;13,50
2021-11-24 07:26:59;380;0;13,50
2021-11-24 07:27:04;380;0;13,50
2021-11-24 07:27:09;380;0;13,50
2021-11-24 07:27:14;380;0;13,50
2021-11-24 07:27:19;380;0;13,50
2021-11-24 07:27:24;380;0;13,50
2021-11-24 07:27:29;380;0;13,50
2021-11-24 07:27:34;370;0;13,50
2021-11-24 07:27:39;380;0;13,50
2021-11-24 07:27:44;370;0;13,50
2021-11-24 07:27:49;370;0;13,50
2021-11-24 07:27:54;380;0;13,50
2021-11-24 07:27:59;390;0;13,50
2021-11-24 07:28:04;380;0;13,50
2021-11-24 07:28:09;380;0;13,50
2021-11-24 07:28:14;380;0;13,50
2021-11-24 07:28:19;380;0;13,50
2021-11-24 07:28:24;380;0;13,50
2021-11-24 07:28:29;380;0;13,50
2021-11-24 07:28:34;380;0;13,50
2021-11-24 07:28:39;380;0;13,50
2021-11-24 07:28:44;380;0;13,50
2021-11-24 07:28:49;380;0;13,50
2021-11-24 07:28:54;380;0;13,50
2021-11-24 07:28:59;380;0;13,50
2021-11-24 07:29:04;380;0;13,50
2021-11-24 07:29:09;380;0;13,50
2021-11-24 07:29:14;380;0;13,50
2021-11-24 07:29:19;390;0;13,50
2021-11-24 07:29:24;380;0;13,50
2021-11-24 07:29:29;380;0;13,50
2021-11-24 07:29:34;380;0;13,50
2021-11-24 07:29:39;380;0;13,50
2021-11-24 07:29:44;380;0;13,50
2021-11-24 07:29:49;380;0;13,50
2021-11-24 07:29:54;380;0;13,50
2021-11-24 07:29:59;730;0;13,50
2021-11-24 07:30:05;800;0;13,50
2021-11-24 07:30:09;810;0;13,50
2021-11-24 07:30:14;800;0;13,50
2021-11-24 07:30:19;800;0;13,50
2021-11-24 07:30:24;790;0;13,50
2021-11-24 07:30:29;370;0;13,50
2021-11-24 07:30:34;380;0;13,50
2021-11-24 07:30:39;380;0;13,50
2021-11-24 07:30:44;380;0;13,50
2021-11-24 07:30:49;380;0;13,50
2021-11-24 07:30:54;380;0;13,50
2021-11-24 07:30:59;370;0;13,50
2021-11-24 07:31:04;370;0;13,50
2021-11-24 07:31:09;370;0;13,50
2021-11-24 07:31:14;380;0;13,50
2021-11-24 07:31:19;380;0;13,50
2021-11-24 07:31:24;380;0;13,50
2021-11-24 07:31:29;380;0;13,50
2021-11-24 07:31:34;380;0;13,50
2021-11-24 07:31:39;380;0;13,50
2021-11-24 07:31:44;370;0;13,50
2021-11-24 07:31:49;370;0;13,50
2021-11-24 07:31:54;380;0;13,50
2021-11-24 07:31:59;380;0;13,50
2021-11-24 07:32:04;380;0;13,50
2021-11-24 07:32:09;380;0;13,50
2021-11-24 07:32:14;370;0;13,50
2021-11-24 07:32:19;370;0;13,50
2021-11-24 07:32:24;370;0;13,50
2021-11-24 07:32:29;370;0;13,50
2021-11-24 07:32:34;380;0;13,50
2021-11-24 07:32:39;380;0;13,50
2021-11-24 07:32:44;380;0;13,50
2021-11-24 07:32:49;380;0;13,50
2021-11-24 07:32:54;380;0;13,50
2021-11-24 07:32:59;380;0;13,50
2021-11-24 07:33:04;420;0;13,50
2021-11-24 07:33:09;390;0;13,50
2021-11-24 07:33:14;390;0;13,50
2021-11-24 07:33:19;400;0;13,50
2021-11-24 07:33:24;390;0;13,50
2021-11-24 07:33:29;390;0;13,50
2021-11-24 07:33:34;390;0;13,50
2021-11-24 07:33:39;390;0;13,50
2021-11-24 07:33:44;390;0;13,50
2021-11-24 07:33:49;390;0;13,50
2021-11-24 07:33:54;390;0;13,50
2021-11-24 07:33:59;390;0;13,50
2021-11-24 07:34:04;390;0;13,50
2021-11-24 07:34:09;390;0;13,50
2021-11-24 07:34:14;390;0;13,50
2021-11-24 07:34:19;390;0;13,50
2021-11-24 07:34:24;390;0;13,50
2021-11-24 07:34:29;390;0;13,50
2021-11-24 07:34:34;400;0;13,50
2021-11-24 07:34:39;410;0;13,50
2021-11-24 07:34:44;420;0;13,50
2021-11-24 07:34:49;410;0;13,50
2021-11-24 07:34:54;410;0;13,50
2021-11-24 07:34:59;400;0;13,50
2021-11-24 07:35:04;390;0;13,50
2021-11-24 07:35:10;390;0;13,50
2021-11-24 07:35:14;390;0;13,50
2021-11-24 07:35:19;380;0;13,50
2021-11-24 07:35:24;390;0;13,50
2021-11-24 07:35:29;380;0;13,50
2021-11-24 07:35:34;380;0;13,50
2021-11-24 07:35:39;380;0;13,50
2021-11-24 07:35:44;370;0;13,50
2021-11-24 07:35:49;380;0;13,50
2021-11-24 07:35:54;380;0;13,50
2021-11-24 07:35:59;380;0;13,50
2021-11-24 07:36:04;380;0;13,50
2021-11-24 07:36:09;380;0;13,50
2021-11-24 07:36:14;380;0;13,50
2021-11-24 07:36:19;380;0;13,50
2021-11-24 07:36:24;380;0;13,50
2021-11-24 07:36:29;390;0;13,50
2021-11-24 07:36:34;390;0;13,50
2021-11-24 07:36:39;400;0;13,50
2021-11-24 07:36:44;400;0;13,50
2021-11-24 07:36:49;400;0;13,50
2021-11-24 07:36:54;400;0;13,50
2021-11-24 07:36:59;380;0;13,50
2021-11-24 07:37:04;380;0;13,50
2021-11-24 07:37:09;370;0;13,50
2021-11-24 07:37:14;370;0;13,50
2021-11-24 07:37:19;370;0;13,50
2021-11-24 07:37:24;370;0;13,50
2021-11-24 07:37:29;370;0;13,50
2021-11-24 07:37:34;370;0;13,50
2021-11-24 07:37:39;360;0;13,50
2021-11-24 07:37:44;370;0;13,50
2021-11-24 07:37:49;360;0;13,50
2021-11-24 07:37:54;370;0;13,50
2021-11-24 07:37:59;370;0;13,50
2021-11-24 07:38:04;370;0;13,50
2021-11-24 07:38:09;380;0;13,50
2021-11-24 07:38:14;370;0;13,50
2021-11-24 07:38:19;370;0;13,50
2021-11-24 07:38:24;370;0;13,50
2021-11-24 07:38:29;370;0;13,50
2021-11-24 07:38:34;380;0;13,50
2021-11-24 07:38:39;370;0;13,50
2021-11-24 07:38:44;370;0;13,50
2021-11-24 07:38:49;370;0;13,50
2021-11-24 07:38:54;370;0;13,50
2021-11-24 07:38:59;370;0;13,50
2021-11-24 07:39:04;370;0;13,50
2021-11-24 07:39:09;370;0;13,50
2021-11-24 07:39:14;370;0;13,50
2021-11-24 07:39:19;370;0;13,50
2021-11-24 07:39:24;370;0;13,50
2021-11-24 07:39:29;370;0;13,50
2021-11-24 07:39:34;360;0;13,50
2021-11-24 07:39:39;360;0;13,50
2021-11-24 07:39:44;360;0;13,50
2021-11-24 07:39:49;360;0;13,50
2021-11-24 07:39:54;360;0;13,50
2021-11-24 07:39:59;370;0;13,50
2021-11-24 07:40:04;360;0;13,50
2021-11-24 07:40:09;370;0;13,50
2021-11-24 07:40:15;370;0;13,50
2021-11-24 07:40:19;360;0;13,50
2021-11-24 07:40:24;370;0;13,50
2021-11-24 07:40:29;350;0;13,50
2021-11-24 07:40:34;360;0;13,50
2021-11-24 07:40:39;360;0;13,50
2021-11-24 07:40:44;360;0;13,50
2021-11-24 07:40:49;360;0;13,50
2021-11-24 07:40:54;360;0;13,50
2021-11-24 07:40:59;350;0;13,50
2021-11-24 07:41:04;350;0;13,50
2021-11-24 07:41:09;350;0;13,50
2021-11-24 07:41:14;360;0;13,50
2021-11-24 07:41:19;350;0;13,50
2021-11-24 07:41:24;690;0;13,50
2021-11-24 07:41:29;720;0;13,50
2021-11-24 07:41:34;720;0;13,50
2021-11-24 07:41:39;720;0;13,50
2021-11-24 07:41:44;720;0;13,50
2021-11-24 07:41:49;660;0;13,50
2021-11-24 07:41:54;360;0;13,50
2021-11-24 07:41:59;350;0;13,50
2021-11-24 07:42:04;350;0;13,50
2021-11-24 07:42:09;350;0;13,50
2021-11-24 07:42:14;350;0;13,50
2021-11-24 07:42:19;350;0;13,50
2021-11-24 07:42:24;350;0;13,50
2021-11-24 07:42:29;350;0;13,50
2021-11-24 07:42:34;350;0;13,50
2021-11-24 07:42:39;350;0;13,50
2021-11-24 07:42:44;350;0;13,50
2021-11-24 07:42:49;350;0;13,50
2021-11-24 07:42:54;350;0;13,50
2021-11-24 07:42:59;350;0;13,50
2021-11-24 07:43:04;350;0;13,50
2021-11-24 07:43:09;350;0;13,50
2021-11-24 07:43:14;360;0;13,50
2021-11-24 07:43:19;360;0;13,50
2021-11-24 07:43:24;360;0;13,50
2021-11-24 07:43:29;360;0;13,75
2021-11-24 07:43:34;360;0;13,50
2021-11-24 07:43:39;350;0;13,75
2021-11-24 07:43:44;360;0;13,50
2021-11-24 07:43:49;350;0;13,50
2021-11-24 07:43:54;350;0;13,50
2021-11-24 07:43:59;350;0;13,75
2021-11-24 07:44:04;350;0;13,50
2021-11-24 07:44:09;350;0;13,50
2021-11-24 07:44:14;350;0;13,50
2021-11-24 07:44:19;350;0;13,75
2021-11-24 07:44:24;350;0;13,50
2021-11-24 07:44:29;350;0;13,75
2021-11-24 07:44:34;350;0;13,50
2021-11-24 07:44:39;350;0;13,75
2021-11-24 07:44:44;350;0;13,75
2021-11-24 07:44:49;350;0;13,75
2021-11-24 07:44:54;350;0;13,75
2021-11-24 07:44:59;350;0;13,75
2021-11-24 07:45:04;350;0;13,75
2021-11-24 07:45:09;350;0;13,50
2021-11-24 07:45:14;350;0;13,75
2021-11-24 07:45:20;350;0;13,75
2021-11-24 07:45:24;350;0;13,75
2021-11-24 07:45:29;350;0;13,75
2021-11-24 07:45:34;350;0;13,75
2021-11-24 07:45:39;350;0;13,75
2021-11-24 07:45:44;350;0;13,50
2021-11-24 07:45:49;350;0;13,75
2021-11-24 07:45:54;350;0;13,75
2021-11-24 07:45:59;340;0;13,75
2021-11-24 07:46:04;350;0;13,75
2021-11-24 07:46:09;350;0;13,75
2021-11-24 07:46:14;350;0;13,75
2021-11-24 07:46:19;350;0;13,75
2021-11-24 07:46:24;350;0;13,75
2021-11-24 07:46:29;350;0;13,75
2021-11-24 07:46:34;350;0;13,75
2021-11-24 07:46:39;340;0;13,75
2021-11-24 07:46:44;340;0;13,75
2021-11-24 07:46:49;340;0;13,75
2021-11-24 07:46:54;340;0;13,75
2021-11-24 07:46:59;350;0;13,75
2021-11-24 07:47:04;360;0;13,75
2021-11-24 07:47:09;360;0;13,75
2021-11-24 07:47:14;360;0;13,75
2021-11-24 07:47:19;360;0;13,75
2021-11-24 07:47:24;370;0;13,75
2021-11-24 07:47:29;370;0;13,75
2021-11-24 07:47:34;370;0;13,75
2021-11-24 07:47:39;370;0;13,75
2021-11-24 07:47:44;370;0;13,75
2021-11-24 07:47:49;360;0;13,75
2021-11-24 07:47:54;360;0;13,75
2021-11-24 07:47:59;370;0;13,75
2021-11-24 07:48:04;370;0;13,75
2021-11-24 07:48:09;360;0;13,75
2021-11-24 07:48:14;360;0;13,75
2021-11-24 07:48:19;360;0;13,75
2021-11-24 07:48:24;360;0;13,75
2021-11-24 07:48:29;360;0;13,75
2021-11-24 07:48:34;370;0;13,75
2021-11-24 07:48:39;370;0;13,75
2021-11-24 07:48:44;360;0;13,75
2021-11-24 07:48:49;370;0;13,75
2021-11-24 07:48:54;360;0;13,75
2021-11-24 07:48:59;360;0;13,75
2021-11-24 07:49:04;360;0;13,75
2021-11-24 07:49:09;360;0;13,75
2021-11-24 07:49:14;350;0;13,75
2021-11-24 07:49:19;360;0;13,75
2021-11-24 07:49:24;360;0;13,75
2021-11-24 07:49:29;360;0;13,75
2021-11-24 07:49:34;350;0;13,75
2021-11-24 07:49:39;350;0;13,75
2021-11-24 07:49:44;360;0;13,75
2021-11-24 07:49:49;350;0;13,75
2021-11-24 07:49:54;350;0;13,75
2021-11-24 07:49:59;350;0;13,75
2021-11-24 07:50:04;350;0;13,75
2021-11-24 07:50:09;350;0;13,75
2021-11-24 07:50:14;350;0;13,75
2021-11-24 07:50:19;350;0;13,75
2021-11-24 07:50:25;350;0;13,75
2021-11-24 07:50:29;340;0;13,75
2021-11-24 07:50:34;340;0;13,75
2021-11-24 07:50:39;340;0;13,75
2021-11-24 07:50:44;340;0;13,75
2021-11-24 07:50:49;340;0;13,75
2021-11-24 07:50:54;330;0;13,75
2021-11-24 07:50:59;340;0;13,75
2021-11-24 07:51:04;340;0;13,75
2021-11-24 07:51:09;340;0;13,75
2021-11-24 07:51:14;340;0;13,75
2021-11-24 07:51:19;340;0;13,75
2021-11-24 07:51:24;340;0;13,75
2021-11-24 07:51:29;340;0;13,75
2021-11-24 07:51:34;340;0;13,75
2021-11-24 07:51:39;340;0;13,75
2021-11-24 07:51:44;340;0;13,75
2021-11-24 07:51:49;340;0;13,75
2021-11-24 07:51:54;340;0;13,75
2021-11-24 07:51:59;340;0;13,75
2021-11-24 07:52:04;340;0;13,75
2021-11-24 07:52:09;340;0;13,75
2021-11-24 07:52:14;330;0;13,75
2021-11-24 07:52:19;340;0;13,75
2021-11-24 07:52:24;340;0;13,75
2021-11-24 07:52:29;340;0;13,75
2021-11-24 07:52:34;660;0;13,75
2021-11-24 07:52:39;750;0;13,75
2021-11-24 07:52:44;740;0;13,75
2021-11-24 07:52:49;740;0;13,75
2021-11-24 07:52:54;740;0;13,75
2021-11-24 07:52:59;740;0;13,75
2021-11-24 07:53:04;340;0;13,75
2021-11-24 07:53:09;340;0;13,75
2021-11-24 07:53:14;330;0;13,75
2021-11-24 07:53:19;330;0;13,75
2021-11-24 07:53:24;340;0;13,75
2021-11-24 07:53:29;330;0;13,75
2021-11-24 07:53:34;330;0;13,75
2021-11-24 07:53:39;330;0;13,75
2021-11-24 07:53:44;330;0;13,75
2021-11-24 07:53:49;330;0;13,75
2021-11-24 07:53:54;330;0;13,75
2021-11-24 07:53:59;330;0;13,75
2021-11-24 07:54:04;330;0;13,75
2021-11-24 07:54:09;330;0;13,75
2021-11-24 07:54:14;320;0;13,75
2021-11-24 07:54:19;330;0;13,75
2021-11-24 07:54:24;320;0;13,75
2021-11-24 07:54:29;320;0;13,75
2021-11-24 07:54:34;320;0;13,75
2021-11-24 07:54:39;320;0;13,75
2021-11-24 07:54:44;320;0;13,75
2021-11-24 07:54:49;320;0;13,75
2021-11-24 07:54:54;310;0;13,75
2021-11-24 07:54:59;310;0;13,75
2021-11-24 07:55:04;320;0;13,75
2021-11-24 07:55:09;320;0;13,75
2021-11-24 07:55:14;320;0;13,75
2021-11-24 07:55:19;320;0;13,75
2021-11-24 07:55:24;320;0;13,75
2021-11-24 07:55:30;320;0;13,75
2021-11-24 07:55:34;310;0;13,75
2021-11-24 07:55:39;310;0;13,75
2021-11-24 07:55:44;310;0;13,75
2021-11-24 07:55:49;300;0;13,75
2021-11-24 07:55:54;310;0;13,75
2021-11-24 07:55:59;300;0;13,75
2021-11-24 07:56:04;310;0;13,75
2021-11-24 07:56:09;300;0;13,75
2021-11-24 07:56:14;300;0;13,75
2021-11-24 07:56:19;300;0;13,75
2021-11-24 07:56:24;300;0;13,75
2021-11-24 07:56:29;300;0;13,75
2021-11-24 07:56:34;300;0;13,75
2021-11-24 07:56:39;310;0;13,75
2021-11-24 07:56:44;300;0;13,75
2021-11-24 07:56:49;300;0;13,75
2021-11-24 07:56:54;300;0;13,75
2021-11-24 07:56:59;300;0;13,75
2021-11-24 07:57:04;300;0;13,75
2021-11-24 07:57:09;290;0;13,75
2021-11-24 07:57:14;290;0;13,75
2021-11-24 07:57:19;290;0;13,75
2021-11-24 07:57:24;290;0;13,75
2021-11-24 07:57:29;290;0;13,75
2021-11-24 07:57:34;290;0;13,75
2021-11-24 07:57:39;290;0;13,75
2021-11-24 07:57:44;290;0;13,75
2021-11-24 07:57:49;290;0;13,75
2021-11-24 07:57:54;290;0;13,75
2021-11-24 07:57:59;290;0;13,75
2021-11-24 07:58:04;300;0;13,75
2021-11-24 07:58:09;290;0;13,75
2021-11-24 07:58:14;290;0;13,75
2021-11-24 07:58:19;290;0;13,75
2021-11-24 07:58:24;290;0;13,75
2021-11-24 07:58:29;290;0;13,75
2021-11-24 07:58:34;300;0;13,75
2021-11-24 07:58:39;300;0;13,75
2021-11-24 07:58:44;290;0;13,75
2021-11-24 07:58:49;0;1;13,75
2021-11-24 07:58:54;0;4;13,75
2021-11-24 07:58:59;0;2;13,75
2021-11-24 07:59:04;310;3;13,75
2021-11-24 07:59:09;0;4;13,75
2021-11-24 07:59:14;330;5;13,75
2021-11-24 07:59:19;0;6;13,75
2021-11-24 07:59:24;0;6;13,75
2021-11-24 07:59:29;0;9;13,75
2021-11-24 07:59:34;50;9;13,75
2021-11-24 07:59:39;40;9;13,75
2021-11-24 07:59:44;40;9;13,75
2021-11-24 07:59:49;40;9;13,75
2021-11-24 07:59:54;40;9;13,75
2021-11-24 07:59:59;40;9;13,75
2021-11-24 08:00:04;40;9;13,75
2021-11-24 08:00:09;50;9;13,75
2021-11-24 08:00:14;40;9;13,75
2021-11-24 08:00:19;40;9;13,75
2021-11-24 08:00:24;40;9;13,75
2021-11-24 08:00:29;50;9;14,00
2021-11-24 08:00:35;40;9;14,00
2021-11-24 08:00:39;40;9;14,00
2021-11-24 08:00:44;40;9;14,00
2021-11-24 08:00:49;40;9;14,00
2021-11-24 08:00:54;40;9;14,00
2021-11-24 08:00:59;40;9;14,00
2021-11-24 08:01:04;0;10;14,00
2021-11-24 08:01:09;20;10;14,00
2021-11-24 08:01:14;10;10;14,00
2021-11-24 08:01:19;20;10;14,00
2021-11-24 08:01:24;20;10;14,00
2021-11-24 08:01:29;20;10;14,00
2021-11-24 08:01:34;20;10;14,00
2021-11-24 08:01:39;20;10;14,00
2021-11-24 08:01:44;20;10;14,00
2021-11-24 08:01:49;20;10;14,00
2021-11-24 08:01:54;10;15;14,00
2021-11-24 08:01:59;420;12;14,00
2021-11-24 08:02:04;20;12;14,00
2021-11-24 08:02:09;10;12;14,00
2021-11-24 08:02:14;30;12;14,25
2021-11-24 08:02:19;30;12;14,25
2021-11-24 08:02:24;20;12;14,25
2021-11-24 08:02:29;20;12;14,25
2021-11-24 08:02:34;20;12;14,25
2021-11-24 08:02:39;30;12;14,25
2021-11-24 08:02:44;20;12;14,25
2021-11-24 08:02:49;10;12;14,25
2021-11-24 08:02:54;20;12;14,25
2021-11-24 08:02:59;20;12;14,25
2021-11-24 08:03:04;0;13;14,25
2021-11-24 08:03:09;50;14;14,25
2021-11-24 08:03:14;60;14;14,25
2021-11-24 08:03:19;0;14;14,25
2021-11-24 08:03:24;0;18;14,25
2021-11-24 08:03:29;450;15;14,50
2021-11-24 08:03:34;0;18;14,50
2021-11-24 08:03:39;460;15;14,50
2021-11-24 08:03:44;760;14;14,50
2021-11-24 08:03:49;700;10;14,50
2021-11-24 08:03:54;640;7;14,50
2021-11-24 08:03:59;590;4;14,50
2021-11-24 08:04:04;540;1;14,50
2021-11-24 08:04:09;520;0;14,50
2021-11-24 08:04:14;0;3;14,50
2021-11-24 08:04:19;0;10;14,50
2021-11-24 08:04:24;0;25;14,50
2021-11-24 08:04:29;570;22;14,50
2021-11-24 08:04:34;530;18;14,50
2021-11-24 08:04:39;0;19;14,50
2021-11-24 08:04:44;500;18;14,50
2021-11-24 08:04:49;0;17;14,50
2021-11-24 08:04:54;0;20;14,50
2021-11-24 08:04:59;470;16;14,75
2021-11-24 08:05:04;0;17;14,75
2021-11-24 08:05:09;470;16;14,75
2021-11-24 08:05:14;0;19;14,75
2021-11-24 08:05:19;470;16;14,75
2021-11-24 08:05:24;460;16;14,75
2021-11-24 08:05:29;0;15;14,75
2021-11-24 08:05:34;0;18;14,75
2021-11-24 08:05:40;0;17;14,75
2021-11-24 08:05:44;490;17;14,75
2021-11-24 08:05:49;0;16;15,00
2021-11-24 08:05:54;470;17;15,00
2021-11-24 08:05:59;0;18;15,00
2021-11-24 08:06:04;490;19;15,00
2021-11-24 08:06:09;470;15;15,00
2021-11-24 08:06:14;450;16;15,00
2021-11-24 08:06:19;0;17;15,00
2021-11-24 08:06:24;470;18;15,00
2021-11-24 08:06:29;470;15;15,00
2021-11-24 08:06:34;440;17;15,00
2021-11-24 08:06:39;460;16;15,00
2021-11-24 08:06:44;440;13;15,00
2021-11-24 08:06:49;0;16;15,00
2021-11-24 08:06:54;0;17;15,00
2021-11-24 08:06:59;470;15;15,25
2021-11-24 08:07:04;0;16;15,25
2021-11-24 08:07:09;0;19;15,25
2021-11-24 08:07:14;470;16;15,25
2021-11-24 08:07:19;0;16;15,25
2021-11-24 08:07:24;0;19;15,25
2021-11-24 08:07:29;0;20;15,25
2021-11-24 08:07:34;510;17;15,25
2021-11-24 08:07:39;0;18;15,25
2021-11-24 08:07:44;490;18;15,25
2021-11-24 08:07:49;0;17;15,25
2021-11-24 08:07:54;0;20;15,25
2021-11-24 08:07:59;500;17;15,25
2021-11-24 08:08:04;0;16;15,50
2021-11-24 08:08:09;460;18;15,50
2021-11-24 08:08:14;0;17;15,50
2021-11-24 08:08:19;470;18;15,50
2021-11-24 08:08:24;470;15;15,50
2021-11-24 08:08:29;0;18;15,50
2021-11-24 08:08:34;480;16;15,50
2021-11-24 08:08:39;450;13;15,50
2021-11-24 08:08:44;0;16;15,50
2021-11-24 08:08:49;460;17;15,50
2021-11-24 08:08:54;0;17;15,50
2021-11-24 08:08:59;0;20;15,50
2021-11-24 08:09:04;510;17;15,50
2021-11-24 08:09:09;0;18;15,75
2021-11-24 08:09:14;490;19;15,75
2021-11-24 08:09:19;0;17;15,75
2021-11-24 08:09:24;480;18;15,75
2021-11-24 08:09:29;0;17;15,75
2021-11-24 08:09:34;0;20;15,75
2021-11-24 08:09:39;500;17;15,75
2021-11-24 08:09:44;0;21;15,75
2021-11-24 08:09:49;500;18;15,75
2021-11-24 08:09:54;460;17;15,75
2021-11-24 08:09:59;0;16;15,75
2021-11-24 08:10:04;480;17;15,75
2021-11-24 08:10:09;0;19;15,75
2021-11-24 08:10:14;500;18;15,75
2021-11-24 08:10:19;0;17;15,75
2021-11-24 08:10:24;480;18;16,00
2021-11-24 08:10:29;0;20;15,75
2021-11-24 08:10:34;0;19;16,00
2021-11-24 08:10:39;480;18;16,00
2021-11-24 08:10:45;0;19;16,00
2021-11-24 08:10:49;490;20;16,00
2021-11-24 08:10:54;0;18;16,00
2021-11-24 08:10:59;0;21;16,00
2021-11-24 08:11:04;500;18;16,00
2021-11-24 08:11:09;0;21;16,00
2021-11-24 08:11:14;530;22;16,00
2021-11-24 08:11:19;0;20;16,00
2021-11-24 08:11:24;510;21;16,00
2021-11-24 08:11:29;0;20;16,00
2021-11-24 08:11:34;0;23;16,00
2021-11-24 08:11:39;530;20;16,25
2021-11-24 08:11:44;0;22;16,25
2021-11-24 08:11:49;520;21;16,25
2021-11-24 08:11:54;0;20;16,25
2021-11-24 08:11:59;0;23;16,25
2021-11-24 08:12:04;560;21;16,25
2021-11-24 08:12:09;510;22;16,25
2021-11-24 08:12:14;520;19;16,25
2021-11-24 08:12:19;0;22;16,25
2021-11-24 08:12:24;540;23;16,25
2021-11-24 08:12:29;510;21;16,25
2021-11-24 08:12:34;540;22;16,50
2021-11-24 08:12:39;0;23;16,50
2021-11-24 08:12:44;540;20;16,50
2021-11-24 08:12:49;0;23;16,50
2021-11-24 08:12:54;510;19;16,50
2021-11-24 08:12:59;0;22;16,50
2021-11-24 08:13:04;520;21;16,50
2021-11-24 08:13:09;0;20;16,50
2021-11-24 08:13:14;0;23;16,50
2021-11-24 08:13:19;540;21;16,50
2021-11-24 08:13:24;0;22;16,50
2021-11-24 08:13:29;520;21;16,50
2021-11-24 08:13:34;0;24;16,50
2021-11-24 08:13:39;560;22;16,75
2021-11-24 08:13:44;0;21;16,75
2021-11-24 08:13:49;0;24;16,75
2021-11-24 08:13:54;550;23;16,75
2021-11-24 08:13:59;0;22;16,75
2021-11-24 08:14:04;0;22;16,75
2021-11-24 08:14:09;540;23;16,75
2021-11-24 08:14:14;530;20;16,75
2021-11-24 08:14:19;0;21;16,75
2021-11-24 08:14:24;520;22;16,75
2021-11-24 08:14:29;0;20;16,75
2021-11-24 08:14:34;0;23;16,75
2021-11-24 08:14:39;540;22;17,00
2021-11-24 08:14:44;830;18;16,75
2021-11-24 08:14:49;710;14;17,00
2021-11-24 08:14:54;590;10;17,00
2021-11-24 08:14:59;560;7;17,00
2021-11-24 08:15:04;500;4;17,00
2021-11-24 08:15:09;440;1;17,00
2021-11-24 08:15:14;0;2;17,00
2021-11-24 08:15:19;0;5;17,00
2021-11-24 08:15:24;0;20;17,00
2021-11-24 08:15:29;570;23;17,00
2021-11-24 08:15:34;540;20;17,00
2021-11-24 08:15:39;0;24;17,00
2021-11-24 08:15:44;540;21;17,00
2021-11-24 08:15:50;0;20;17,00
2021-11-24 08:15:54;0;23;17,00
2021-11-24 08:15:59;530;20;17,00
2021-11-24 08:16:04;0;24;17,00
2021-11-24 08:16:09;0;23;17,00
2021-11-24 08:16:14;0;24;17,00
2021-11-24 08:16:19;0;23;17,00
2021-11-24 08:16:24;560;24;17,00
2021-11-24 08:16:29;0;22;17,00
2021-11-24 08:16:34;530;21;17,00
2021-11-24 08:16:39;0;22;17,00
2021-11-24 08:16:44;530;21;17,00
2021-11-24 08:16:50;0;23;17,00
2021-11-24 08:16:54;520;20;17,00
2021-11-24 08:16:59;0;23;17,00
2021-11-24 08:17:04;540;22;17,00
2021-11-24 08:17:09;0;23;17,00
2021-11-24 08:17:14;540;21;17,25
2021-11-24 08:17:19;0;22;17,25
2021-11-24 08:17:24;530;23;17,25
2021-11-24 08:17:29;0;24;17,25
2021-11-24 08:17:34;580;25;17,25
2021-11-24 08:17:39;540;21;17,25
2021-11-24 08:17:44;0;22;17,25
2021-11-24 08:17:49;540;23;17,25
2021-11-24 08:17:54;530;24;17,25
2021-11-24 08:17:59;550;21;17,25
2021-11-24 08:18:04;560;23;17,25
2021-11-24 08:18:09;530;20;17,25
2021-11-24 08:18:14;0;21;17,25
2021-11-24 08:18:19;540;22;17,25
2021-11-24 08:18:24;0;21;17,25
2021-11-24 08:18:29;540;21;17,50
2021-11-24 08:18:34;0;22;17,50
2021-11-24 08:18:39;550;21;17,50
2021-11-24 08:18:44;0;22;17,50
2021-11-24 08:18:49;570;22;17,50
2021-11-24 08:18:54;0;21;17,50
2021-11-24 08:18:59;0;24;17,50
2021-11-24 08:19:04;550;21;17,50
2021-11-24 08:19:09;0;22;17,50
2021-11-24 08:19:14;530;20;17,50
2021-11-24 08:19:19;0;23;17,50
2021-11-24 08:19:24;570;24;17,50
2021-11-24 08:19:29;570;21;17,50
2021-11-24 08:19:34;0;20;17,50
2021-11-24 08:19:39;0;24;17,50
2021-11-24 08:19:45;550;21;17,50
2021-11-24 08:19:49;0;24;17,50
2021-11-24 08:19:54;570;21;17,50
2021-11-24 08:19:59;550;22;17,75
2021-11-24 08:20:04;520;18;17,50
2021-11-24 08:20:09;480;19;17,75
2021-11-24 08:20:14;0;22;17,75
2021-11-24 08:20:19;0;21;17,75
2021-11-24 08:20:24;550;21;17,75
2021-11-24 08:20:29;500;20;17,75
2021-11-24 08:20:34;0;21;17,75
2021-11-24 08:20:39;530;20;17,75
2021-11-24 08:20:44;0;21;17,75
2021-11-24 08:20:49;510;19;17,75
2021-11-24 08:20:55;0;22;17,75
2021-11-24 08:20:59;550;21;17,75
2021-11-24 08:21:04;520;22;17,75
2021-11-24 08:21:09;510;19;17,75
2021-11-24 08:21:14;490;19;17,75
2021-11-24 08:21:19;0;20;17,75
2021-11-24 08:21:24;510;19;17,75
2021-11-24 08:21:29;0;22;17,75
2021-11-24 08:21:34;0;21;17,75
2021-11-24 08:21:39;0;19;17,75
2021-11-24 08:21:44;0;22;17,75
2021-11-24 08:21:49;520;19;17,75
2021-11-24 08:21:54;500;20;17,75
2021-11-24 08:21:59;0;22;17,75
2021-11-24 08:22:04;500;19;17,75
2021-11-24 08:22:10;0;20;17,75
2021-11-24 08:22:14;510;19;17,75
2021-11-24 08:22:19;0;22;17,75
2021-11-24 08:22:25;520;20;17,75
2021-11-24 08:22:29;0;21;17,75
2021-11-24 08:22:34;520;20;17,75
2021-11-24 08:22:39;470;19;17,75
2021-11-24 08:22:44;0;18;17,75
2021-11-24 08:22:49;0;18;17,75
2021-11-24 08:22:54;760;19;17,75
2021-11-24 08:22:59;480;16;17,75
2021-11-24 08:23:04;0;15;17,75
2021-11-24 08:23:09;450;16;17,75
2021-11-24 08:23:14;0;18;17,75
2021-11-24 08:23:19;470;17;17,75
2021-11-24 08:23:24;460;14;17,75
2021-11-24 08:23:29;0;17;17,75
2021-11-24 08:23:34;430;15;17,75
2021-11-24 08:23:39;0;16;17,75
2021-11-24 08:23:44;0;19;17,75
2021-11-24 08:23:49;470;16;17,75
2021-11-24 08:23:55;460;17;17,75
2021-11-24 08:23:59;0;19;17,75
2021-11-24 08:24:04;480;16;17,75
2021-11-24 08:24:09;0;17;17,75
2021-11-24 08:24:14;460;16;17,75
2021-11-24 08:24:19;0;19;17,75
2021-11-24 08:24:24;0;17;17,75
2021-11-24 08:24:29;470;18;17,75
2021-11-24 08:24:34;470;15;17,75
2021-11-24 08:24:39;440;16;17,75
2021-11-24 08:24:44;0;15;17,75
2021-11-24 08:24:49;460;17;17,75
2021-11-24 08:24:54;0;18;17,75
2021-11-24 08:24:59;470;15;17,75
2021-11-24 08:25:04;0;18;17,75
2021-11-24 08:25:09;470;16;17,75
2021-11-24 08:25:14;0;17;17,75
2021-11-24 08:25:19;470;16;17,75
2021-11-24 08:25:24;0;17;17,75
2021-11-24 08:25:29;0;16;17,75
2021-11-24 08:25:34;0;20;17,75
2021-11-24 08:25:39;470;17;17,75
2021-11-24 08:25:44;740;14;17,75
2021-11-24 08:25:49;710;11;17,75
2021-11-24 08:25:54;640;8;17,75
2021-11-24 08:26:00;580;4;17,75
2021-11-24 08:26:04;520;1;17,75
2021-11-24 08:26:09;500;0;17,75
2021-11-24 08:26:14;450;0;17,75
2021-11-24 08:26:20;0;3;17,75
2021-11-24 08:26:24;0;15;17,50
2021-11-24 08:26:29;500;24;17,50
2021-11-24 08:26:34;560;21;17,50
2021-11-24 08:26:39;490;18;17,50
2021-11-24 08:26:44;0;20;17,50
2021-11-24 08:26:50;510;19;17,50
2021-11-24 08:26:54;480;16;17,50
2021-11-24 08:26:59;0;19;17,50
2021-11-24 08:27:04;0;18;17,50
2021-11-24 08:27:09;510;20;17,50
2021-11-24 08:27:14;0;19;17,50
2021-11-24 08:27:19;500;18;17,50
2021-11-24 08:27:24;0;21;17,50
2021-11-24 08:27:29;530;18;17,50
2021-11-24 08:27:34;0;20;17,50
2021-11-24 08:27:39;0;19;17,50
2021-11-24 08:27:45;500;20;17,50
2021-11-24 08:27:49;0;19;17,50
2021-11-24 08:27:54;490;18;17,50
2021-11-24 08:27:59;520;20;17,50
2021-11-24 08:28:04;0;19;17,50
2021-11-24 08:28:09;520;20;17,50
2021-11-24 08:28:14;0;19;17,50
2021-11-24 08:28:19;0;19;17,50
2021-11-24 08:28:24;500;20;17,50
2021-11-24 08:28:29;520;17;17,50
2021-11-24 08:28:34;0;20;17,50
2021-11-24 08:28:39;0;19;17,50
2021-11-24 08:28:45;530;19;17,50
2021-11-24 08:28:49;530;20;17,50
2021-11-24 08:28:54;490;17;17,50
2021-11-24 08:28:59;0;20;17,50
2021-11-24 08:29:04;0;19;17,50
2021-11-24 08:29:09;530;21;17,75
2021-11-24 08:29:14;510;18;17,50
2021-11-24 08:29:19;0;21;17,50
2021-11-24 08:29:24;530;18;17,50
2021-11-24 08:29:29;0;21;17,75
2021-11-24 08:29:34;0;19;17,75
2021-11-24 08:29:39;510;18;17,75
2021-11-24 08:29:44;500;19;17,75
2021-11-24 08:29:49;520;20;17,75
2021-11-24 08:29:54;0;20;17,75
2021-11-24 08:29:59;520;19;17,75
2021-11-24 08:30:04;500;18;17,75
2021-11-24 08:30:09;0;19;17,75
2021-11-24 08:30:14;510;20;17,75
2021-11-24 08:30:19;0;20;17,75
2021-11-24 08:30:25;530;19;17,75
2021-11-24 08:30:29;0;20;17,75
2021-11-24 08:30:34;520;19;17,75
2021-11-24 08:30:40;0;22;17,75
2021-11-24 08:30:45;0;20;17,75
2021-11-24 08:30:49;520;19;17,75
2021-11-24 08:30:54;0;22;17,75
2021-11-24 08:30:59;530;19;17,75
2021-11-24 08:31:05;0;22;17,75
2021-11-24 08:31:10;530;20;17,75
2021-11-24 08:31:15;0;21;17,75
2021-11-24 08:31:20;530;22;17,75
2021-11-24 08:31:24;0;21;17,75
2021-11-24 08:31:30;0;21;17,75
2021-11-24 08:31:35;550;22;17,75
2021-11-24 08:31:39;0;21;17,75
2021-11-24 08:31:45;540;22;17,75
2021-11-24 08:31:50;0;21;17,75
2021-11-24 08:31:54;0;21;17,75
2021-11-24 08:32:00;530;20;17,75
2021-11-24 08:32:05;0;23;17,75
2021-11-24 08:32:09;530;20;17,75
2021-11-24 08:32:15;0;21;17,75
2021-11-24 08:32:19;530;21;17,75
2021-11-24 08:32:24;0;22;17,75
2021-11-24 08:32:30;0;23;17,75
2021-11-24 08:32:34;530;20;18,00
2021-11-24 08:32:39;0;23;18,00
2021-11-24 08:32:45;0;21;18,00
2021-11-24 08:32:50;530;22;18,00
2021-11-24 08:32:54;0;23;18,00
2021-11-24 08:33:00;0;22;18,00
2021-11-24 08:33:05;0;22;18,00
2021-11-24 08:33:10;0;21;18,00
2021-11-24 08:33:15;530;20;18,00
2021-11-24 08:33:19;0;21;18,00
2021-11-24 08:33:25;510;20;18,00
2021-11-24 08:33:30;0;22;18,00
2021-11-24 08:33:35;540;21;18,00
2021-11-24 08:33:40;0;22;18,00
2021-11-24 08:33:45;540;21;18,00
2021-11-24 08:33:50;0;20;18,00
2021-11-24 08:33:55;530;22;18,00
2021-11-24 08:34:00;0;21;18,00
2021-11-24 08:34:05;530;22;18,00
2021-11-24 08:34:10;0;21;18,00
2021-11-24 08:34:15;540;22;18,00
2021-11-24 08:34:20;540;22;18,00
2021-11-24 08:34:25;0;23;18,00
2021-11-24 08:34:30;550;22;18,00
2021-11-24 08:34:35;0;23;18,00
2021-11-24 08:34:40;0;23;18,00
2021-11-24 08:34:45;550;22;18,00
2021-11-24 08:34:50;0;21;18,00
2021-11-24 08:34:55;0;24;18,00
2021-11-24 08:35:00;0;35;18,00
2021-11-24 08:35:05;730;31;18,00
2021-11-24 08:35:10;650;28;18,00
2021-11-24 08:35:15;580;25;18,00
2021-11-24 08:35:20;0;26;18,25
2021-11-24 08:35:25;570;23;18,25
2021-11-24 08:35:30;570;25;18,25
2021-11-24 08:35:35;0;26;18,25
2021-11-24 08:35:40;0;25;18,25
2021-11-24 08:35:45;570;26;18,25
2021-11-24 08:35:50;0;25;18,25
2021-11-24 08:35:55;600;27;18,25
2021-11-24 08:36:00;570;24;18,25
2021-11-24 08:36:05;570;25;18,25
2021-11-24 08:36:10;0;26;18,25
2021-11-24 08:36:15;0;26;18,25
2021-11-24 08:36:20;590;27;18,25
2021-11-24 08:36:25;0;28;18,25
2021-11-24 08:36:30;630;27;18,50
2021-11-24 08:36:35;0;28;18,50
2021-11-24 08:36:40;610;26;18,50
2021-11-24 08:36:45;860;20;18,50
2021-11-24 08:36:50;710;16;18,50
2021-11-24 08:36:55;660;13;18,50
2021-11-24 08:37:00;570;10;18,50
2021-11-24 08:37:05;440;6;18,50
2021-11-24 08:37:10;410;3;18,50
2021-11-24 08:37:15;0;2;18,50
2021-11-24 08:37:20;0;5;18,50
2021-11-24 08:37:25;0;16;18,50
2021-11-24 08:37:30;0;36;18,50
2021-11-24 08:37:35;820;31;18,50
2021-11-24 08:37:40;640;28;18,50
2021-11-24 08:37:45;0;27;18,50
2021-11-24 08:37:50;0;27;18,50
2021-11-24 08:37:55;610;28;18,50
2021-11-24 08:38:00;610;25;18,50
2021-11-24 08:38:05;0;28;18,50
2021-11-24 08:38:10;610;25;18,50
2021-11-24 08:38:15;610;27;18,50
2021-11-24 08:38:20;0;28;18,50
2021-11-24 08:38:25;620;27;18,50
2021-11-24 08:38:30;0;28;18,50
2021-11-24 08:38:35;0;27;18,50
2021-11-24 08:38:40;630;27;18,50
2021-11-24 08:38:45;0;28;18,50
2021-11-24 08:38:50;630;27;18,50
2021-11-24 08:38:55;0;28;18,75
2021-11-24 08:39:00;640;29;18,75
2021-11-24 08:39:05;0;27;18,75
2021-11-24 08:39:10;0;30;18,75
2021-11-24 08:39:15;630;27;18,75
2021-11-24 08:39:20;0;30;18,75
2021-11-24 08:39:25;0;29;18,75
2021-11-24 08:39:30;0;27;18,75
2021-11-24 08:39:35;0;30;18,75
2021-11-24 08:39:40;0;29;18,75
2021-11-24 08:39:45;670;30;18,75
2021-11-24 08:39:50;660;30;18,75
2021-11-24 08:39:55;0;31;19,00
2021-11-24 08:40:00;690;30;19,00
2021-11-24 08:40:05;0;31;19,00
2021-11-24 08:40:10;690;30;19,00
2021-11-24 08:40:15;0;32;19,00
2021-11-24 08:40:20;660;29;19,00
2021-11-24 08:40:25;0;32;19,00
2021-11-24 08:40:30;0;31;19,00
2021-11-24 08:40:35;700;30;19,00
2021-11-24 08:40:40;710;32;19,00
2021-11-24 08:40:45;690;29;19,25
2021-11-24 08:40:50;0;32;19,25
2021-11-24 08:40:55;0;31;19,25
2021-11-24 08:41:00;690;30;19,25
2021-11-24 08:41:05;0;32;19,25
2021-11-24 08:41:10;710;31;19,25
2021-11-24 08:41:15;0;32;19,25
2021-11-24 08:41:20;700;31;19,25
2021-11-24 08:41:25;0;33;19,25
2021-11-24 08:41:30;750;32;19,25
2021-11-24 08:41:35;0;33;19,50
2021-11-24 08:41:40;0;32;19,50
2021-11-24 08:41:45;710;31;19,50
2021-11-24 08:41:50;700;31;19,50
2021-11-24 08:41:55;0;32;19,50
2021-11-24 08:42:00;730;31;19,50
2021-11-24 08:42:05;0;34;19,50
2021-11-24 08:42:10;720;31;19,50
2021-11-24 08:42:15;0;33;19,75
2021-11-24 08:42:20;690;30;19,75
2021-11-24 08:42:25;0;33;19,75
2021-11-24 08:42:30;720;32;19,75
2021-11-24 08:42:35;0;35;19,75
2021-11-24 08:42:40;710;31;19,75
2021-11-24 08:42:45;700;32;19,75
2021-11-24 08:42:50;0;33;19,75
2021-11-24 08:42:55;0;32;20,00
2021-11-24 08:43:00;0;32;20,00
2021-11-24 08:43:05;720;33;20,00
2021-11-24 08:43:10;0;34;20,00
2021-11-24 08:43:15;730;33;20,00
2021-11-24 08:43:20;0;34;20,00
2021-11-24 08:43:25;0;34;20,00
2021-11-24 08:43:30;740;33;20,00
2021-11-24 08:43:35;0;34;20,00
2021-11-24 08:43:40;0;33;20,00
2021-11-24 08:43:45;740;34;20,25
2021-11-24 08:43:50;0;32;20,25
2021-11-24 08:43:55;0;35;20,25
2021-11-24 08:44:00;740;32;20,25
2021-11-24 08:44:05;0;35;20,25
2021-11-24 08:44:10;740;32;20,25
2021-11-24 08:44:15;740;34;20,25
2021-11-24 08:44:20;0;35;20,25
2021-11-24 08:44:25;0;34;20,25
2021-11-24 08:44:30;760;33;20,50
2021-11-24 08:44:35;0;35;20,50
2021-11-24 08:44:40;770;34;20,50
2021-11-24 08:44:45;0;35;20,50
2021-11-24 08:44:50;0;34;20,50
2021-11-24 08:44:55;750;33;20,50
2021-11-24 08:45:00;770;35;20,50
2021-11-24 08:45:05;730;32;20,50
2021-11-24 08:45:10;0;35;20,50
2021-11-24 08:45:15;740;34;20,50
2021-11-24 08:45:20;770;35;20,50
2021-11-24 08:45:25;750;33;20,75
2021-11-24 08:45:30;0;36;20,75
2021-11-24 08:45:35;760;33;20,75
2021-11-24 08:45:40;0;36;20,75
2021-11-24 08:45:45;800;35;20,75
2021-11-24 08:45:50;0;37;20,75
2021-11-24 08:45:55;760;34;20,75
2021-11-24 08:46:00;0;37;20,75
2021-11-24 08:46:05;780;34;20,75
2021-11-24 08:46:10;780;36;20,75
2021-11-24 08:46:15;0;37;21,00
2021-11-24 08:46:20;810;35;21,00
2021-11-24 08:46:25;0;36;21,00
2021-11-24 08:46:30;780;35;21,00
2021-11-24 08:46:35;780;37;21,00
2021-11-24 08:46:40;0;35;21,00
2021-11-24 08:46:45;0;38;21,00
2021-11-24 08:46:50;0;36;21,00
2021-11-24 08:46:55;0;39;21,00
2021-11-24 08:47:00;0;34;21,00
2021-11-24 08:47:05;0;37;21,25
2021-11-24 08:47:10;810;34;21,25
2021-11-24 08:47:15;0;37;21,25
2021-11-24 08:47:20;810;34;21,25
2021-11-24 08:47:25;0;38;21,25
2021-11-24 08:47:30;810;35;21,25
2021-11-24 08:47:35;0;38;21,25
2021-11-24 08:47:40;1180;35;21,25
2021-11-24 08:47:45;840;24;21,25
2021-11-24 08:47:50;740;21;21,50
2021-11-24 08:47:55;720;18;21,50
2021-11-24 08:48:00;0;21;21,50
2021-11-24 08:48:05;780;22;21,50
2021-11-24 08:48:10;0;24;21,50
2021-11-24 08:48:15;0;31;21,50
2021-11-24 08:48:20;0;46;21,50
2021-11-24 08:48:25;910;40;21,50
2021-11-24 08:48:30;0;37;21,50
2021-11-24 08:48:35;0;41;21,50
2021-11-24 08:48:40;0;38;21,50
2021-11-24 08:48:45;0;41;21,50
2021-11-24 08:48:50;1310;32;21,50
2021-11-24 08:48:55;0;35;21,50
2021-11-24 08:49:00;0;47;21,50
2021-11-24 08:49:05;960;41;21,50
2021-11-24 08:49:10;830;35;21,50
2021-11-24 08:49:15;0;38;21,50
2021-11-24 08:49:20;850;36;21,75
2021-11-24 08:49:25;0;39;21,75
2021-11-24 08:49:30;840;36;21,75
2021-11-24 08:49:35;0;39;21,75
2021-11-24 08:49:40;0;36;21,75
2021-11-24 08:49:45;850;37;21,75
2021-11-24 08:49:50;0;37;21,75
2021-11-24 08:49:55;0;40;21,75
2021-11-24 08:50:00;0;37;21,75
2021-11-24 08:50:05;840;37;21,75
2021-11-24 08:50:10;0;38;22,00
2021-11-24 08:50:15;840;35;22,00
2021-11-24 08:50:20;0;38;22,00
2021-11-24 08:50:25;840;38;22,00
2021-11-24 08:50:30;0;38;22,00
2021-11-24 08:50:35;850;39;22,00
2021-11-24 08:50:40;0;39;22,00
2021-11-24 08:50:45;0;42;22,00
2021-11-24 08:50:50;0;39;22,00
2021-11-24 08:50:55;0;43;22,00
2021-11-24 08:51:00;850;37;22,25
2021-11-24 08:51:05;0;40;22,25
2021-11-24 08:51:10;0;40;22,25
2021-11-24 08:51:15;870;40;22,25
2021-11-24 08:51:20;0;41;22,25
2021-11-24 08:51:25;890;38;22,25
2021-11-24 08:51:30;0;38;22,25
2021-11-24 08:51:35;0;41;22,25
2021-11-24 08:51:40;0;38;22,50
2021-11-24 08:51:45;850;39;22,50
2021-11-24 08:51:50;0;39;22,50
2021-11-24 08:51:55;840;39;22,50
2021-11-24 08:52:00;0;39;22,50
2021-11-24 08:52:05;850;39;22,50
2021-11-24 08:52:10;0;40;22,50
2021-11-24 08:52:15;850;40;22,50
2021-11-24 08:52:20;0;40;22,50
2021-11-24 08:52:25;870;40;22,50
2021-11-24 08:52:30;0;41;22,50
2021-11-24 08:52:35;860;41;22,75
2021-11-24 08:52:40;0;41;22,75
2021-11-24 08:52:45;870;41;22,75
2021-11-24 08:52:50;0;41;22,75
2021-11-24 08:52:55;880;42;22,75
2021-11-24 08:53:00;0;39;22,75
2021-11-24 08:53:05;0;42;22,75
2021-11-24 08:53:10;0;39;22,75
2021-11-24 08:53:15;0;42;22,75
2021-11-24 08:53:20;930;44;23,00
2021-11-24 08:53:25;850;38;23,00
2021-11-24 08:53:30;0;41;23,00
2021-11-24 08:53:35;850;41;23,00
2021-11-24 08:53:40;0;41;23,00
2021-11-24 08:53:45;850;39;23,00
2021-11-24 08:53:50;0;42;23,00
2021-11-24 08:53:55;870;42;23,00
2021-11-24 08:54:00;0;42;23,00
2021-11-24 08:54:05;0;40;23,00
2021-11-24 08:54:10;0;43;23,25
2021-11-24 08:54:15;870;40;23,25
2021-11-24 08:54:20;0;43;23,25
2021-11-24 08:54:25;0;40;23,25
2021-11-24 08:54:30;0;44;23,25
2021-11-24 08:54:35;930;52;23,25
2021-11-24 08:54:40;940;46;23,25
2021-11-24 08:54:45;0;43;23,25
2021-11-24 08:54:50;0;46;23,25
2021-11-24 08:54:55;0;41;23,25
2021-11-24 08:55:00;0;44;23,50
2021-11-24 08:55:05;890;41;23,50
2021-11-24 08:55:10;0;44;23,50
2021-11-24 08:55:15;890;44;23,50
2021-11-24 08:55:20;0;45;23,50
2021-11-24 08:55:25;900;42;23,50
2021-11-24 08:55:30;0;45;23,50
2021-11-24 08:55:35;910;45;23,50
2021-11-24 08:55:40;0;46;23,75
2021-11-24 08:55:45;0;53;23,75
2021-11-24 08:55:50;880;54;23,75
2021-11-24 08:55:55;890;48;23,75
2021-11-24 08:56:00;0;45;23,75
2021-11-24 08:56:05;910;46;23,75
2021-11-24 08:56:10;0;46;23,75
2021-11-24 08:56:15;0;49;23,75
2021-11-24 08:56:20;0;46;24,00
2021-11-24 08:56:25;0;49;24,00
2021-11-24 08:56:30;0;44;24,00
2021-11-24 08:56:35;0;47;24,00
2021-11-24 08:56:40;0;44;24,00
2021-11-24 08:56:45;890;44;24,00
2021-11-24 08:56:50;0;44;24,00
2021-11-24 08:56:55;900;45;24,00
2021-11-24 08:57:00;0;45;24,25
2021-11-24 08:57:05;0;48;24,25
2021-11-24 08:57:10;0;48;24,25
2021-11-24 08:57:15;0;46;24,25
2021-11-24 08:57:20;900;43;24,25
2021-11-24 08:57:25;0;46;24,25
2021-11-24 08:57:30;890;43;24,25
2021-11-24 08:57:35;0;46;24,25
2021-11-24 08:57:40;0;44;24,25
2021-11-24 08:57:45;900;44;24,25
2021-11-24 08:57:50;0;44;24,50
2021-11-24 08:57:55;0;47;24,50
2021-11-24 08:58:00;0;44;24,50
2021-11-24 08:58:05;0;48;24,50
2021-11-24 08:58:10;940;49;24,50
2021-11-24 08:58:15;0;46;24,50
2021-11-24 08:58:20;0;49;24,50
2021-11-24 08:58:25;910;46;24,50
2021-11-24 08:58:30;0;32;24,50
2021-11-24 08:58:35;0;35;24,50
2021-11-24 08:58:40;1060;36;24,50
2021-11-24 08:58:45;0;27;24,50
2021-11-24 08:58:50;0;31;24,75
2021-11-24 08:58:55;1070;36;24,75
2021-11-24 08:59:00;0;33;24,50
2021-11-24 08:59:05;0;36;24,75
2021-11-24 08:59:10;0;51;24,50
2021-11-24 08:59:15;840;57;24,50
2021-11-24 08:59:20;900;51;24,50
2021-11-24 08:59:25;0;51;24,50
2021-11-24 08:59:30;0;54;24,75
2021-11-24 08:59:35;0;51;24,50
2021-11-24 08:59:40;0;49;24,75
2021-11-24 08:59:45;0;52;24,75
2021-11-24 08:59:50;860;60;24,75
2021-11-24 08:59:55;850;54;24,75
2021-11-24 09:00:00;880;48;24,75
2021-11-24 09:00:05;0;52;24,75
2021-11-24 09:00:10;890;49;24,75
2021-11-24 09:00:15;0;52;25,00
2021-11-24 09:00:20;890;52;25,00
2021-11-24 09:00:25;0;53;25,00
2021-11-24 09:00:30;880;53;25,00
2021-11-24 09:00:35;0;53;25,00
2021-11-24 09:00:40;0;53;25,00
2021-11-24 09:00:45;890;53;25,25
2021-11-24 09:00:50;0;54;25,25
2021-11-24 09:00:55;880;54;25,25
2021-11-24 09:01:00;900;51;25,25
2021-11-24 09:01:05;0;54;25,25
2021-11-24 09:01:10;0;51;25,25
2021-11-24 09:01:15;0;55;25,50
2021-11-24 09:01:20;840;56;25,50
2021-11-24 09:01:25;900;50;25,50
2021-11-24 09:01:30;0;53;25,50
2021-11-24 09:01:35;0;60;25,50
2021-11-24 09:01:40;880;52;25,50
2021-11-24 09:01:45;0;52;25,75
2021-11-24 09:01:50;0;52;25,75
2021-11-24 09:01:55;910;52;25,75
2021-11-24 09:02:00;0;52;25,75
2021-11-24 09:02:05;870;53;25,75
2021-11-24 09:02:10;0;53;25,75
2021-11-24 09:02:15;890;50;25,75
2021-11-24 09:02:20;0;50;26,00
2021-11-24 09:02:25;0;54;26,00
2021-11-24 09:02:30;840;55;26,00
2021-11-24 09:02:35;0;55;26,00
2021-11-24 09:02:40;840;55;26,00
2021-11-24 09:02:45;0;55;26,00
2021-11-24 09:02:50;830;56;26,00
2021-11-24 09:02:55;0;56;26,25
2021-11-24 09:03:00;830;53;26,25
2021-11-24 09:03:05;0;56;26,25
2021-11-24 09:03:10;0;63;26,25
2021-11-24 09:03:15;690;65;26,25
2021-11-24 09:03:20;730;62;26,25
2021-11-24 09:03:25;760;59;26,50
2021-11-24 09:03:30;790;56;26,50
2021-11-24 09:03:35;0;56;26,50
2021-11-24 09:03:40;820;54;26,50
2021-11-24 09:03:45;0;57;26,50
2021-11-24 09:03:50;0;64;26,50
2021-11-24 09:03:55;620;67;26,75
2021-11-24 09:04:00;1930;45;26,75
2021-11-24 09:04:05;1130;25;26,75
2021-11-24 09:04:10;820;16;26,75
2021-11-24 09:04:15;670;13;26,75
2021-11-24 09:04:20;610;10;26,75
2021-11-24 09:04:25;540;6;26,75
2021-11-24 09:04:30;480;3;26,75
2021-11-24 09:04:35;480;0;26,75
2021-11-24 09:04:40;470;0;26,50
2021-11-24 09:04:45;470;0;26,50
2021-11-24 09:04:50;460;0;26,50
2021-11-24 09:04:55;470;0;26,25
2021-11-24 09:05:00;470;0;26,25
2021-11-24 09:05:05;460;0;26,25
2021-11-24 09:05:10;0;1;26,00
2021-11-24 09:05:15;470;1;26,00
2021-11-24 09:05:20;0;4;25,75
2021-11-24 09:05:25;470;1;25,75
2021-11-24 09:05:30;460;0;25,50
2021-11-24 09:05:35;460;0;25,50
2021-11-24 09:05:40;450;0;25,50
2021-11-24 09:05:45;460;0;25,25
2021-11-24 09:05:50;460;0;25,25
2021-11-24 09:05:55;450;0;25,00
2021-11-24 09:06:00;460;0;25,00
2021-11-24 09:06:05;460;0;25,00
2021-11-24 09:06:10;460;0;24,75
2021-11-24 09:06:15;460;0;24,75
2021-11-24 09:06:20;460;0;24,50
2021-11-24 09:06:25;460;0;24,50
2021-11-24 09:06:30;460;0;24,25
2021-11-24 09:06:35;460;0;24,25
2021-11-24 09:06:40;460;0;24,25
2021-11-24 09:06:45;460;0;24,00
2021-11-24 09:06:50;450;0;24,00
2021-11-24 09:06:55;450;0;23,75
2021-11-24 09:07:00;450;0;23,75
2021-11-24 09:07:05;450;0;23,75
2021-11-24 09:07:10;460;0;23,50
2021-11-24 09:07:15;450;0;23,50
2021-11-24 09:07:20;450;0;23,25
2021-11-24 09:07:25;460;0;23,25
2021-11-24 09:07:30;450;0;23,25
2021-11-24 09:07:35;450;0;23,00
2021-11-24 09:07:40;450;0;23,00
2021-11-24 09:07:45;450;0;23,00
2021-11-24 09:07:50;450;0;22,75
2021-11-24 09:07:55;0;1;22,75
2021-11-24 09:08:00;0;5;22,75
2021-11-24 09:08:05;530;14;22,50
2021-11-24 09:08:10;600;11;22,50
2021-11-24 09:08:15;560;8;22,50
2021-11-24 09:08:20;500;5;22,50
2021-11-24 09:08:25;0;3;22,25
2021-11-24 09:08:30;0;2;22,25
2021-11-24 09:08:35;0;5;22,25
2021-11-24 09:08:40;0;16;22,00
2021-11-24 09:08:45;630;12;22,00
2021-11-24 09:08:50;570;9;22,00
2021-11-24 09:08:55;0;12;22,00
2021-11-24 09:09:00;0;19;21,75
2021-11-24 09:09:05;740;16;21,75
2021-11-24 09:09:10;1080;4;21,75
2021-11-24 09:09:15;920;0;21,75
2021-11-24 09:09:20;890;0;21,50
2021-11-24 09:09:25;890;0;21,50
2021-11-24 09:09:30;870;0;21,50
2021-11-24 09:09:35;880;0;21,50
2021-11-24 09:09:40;830;0;21,25
2021-11-24 09:09:45;0;3;21,25
2021-11-24 09:09:50;0;10;21,25
2021-11-24 09:09:55;660;19;21,25
2021-11-24 09:10:00;730;15;21,25
2021-11-24 09:10:05;660;14;21,00
2021-11-24 09:10:10;0;13;21,00
2021-11-24 09:10:15;0;16;21,00
2021-11-24 09:10:20;620;12;21,00
2021-11-24 09:10:25;0;13;21,00
2021-11-24 09:10:30;630;14;20,75
2021-11-24 09:10:35;610;11;20,75
2021-11-24 09:10:40;0;14;20,75
2021-11-24 09:10:45;0;14;20,75
2021-11-24 09:10:50;0;17;20,75
2021-11-24 09:10:55;840;19;20,75
2021-11-24 09:11:00;680;15;20,50
2021-11-24 09:11:05;630;12;20,50
2021-11-24 09:11:10;0;14;20,50
2021-11-24 09:11:15;0;21;20,50
2021-11-24 09:11:20;780;18;20,50
2021-11-24 09:11:25;680;15;20,50
2021-11-24 09:11:30;690;16;20,50
2021-11-24 09:11:35;0;16;20,50
2021-11-24 09:11:40;680;17;20,25
2021-11-24 09:11:45;0;18;20,25
2021-11-24 09:11:50;750;17;20,25
2021-11-24 09:11:55;0;15;20,25
2021-11-24 09:12:00;0;18;20,25
2021-11-24 09:12:05;0;17;20,25
2021-11-24 09:12:10;700;16;20,25
2021-11-24 09:12:15;0;17;20,25
2021-11-24 09:12:20;750;17;20,25
2021-11-24 09:12:25;0;20;20,25
2021-11-24 09:12:30;750;19;20,25
2021-11-24 09:12:35;670;16;20,00
2021-11-24 09:12:40;0;17;20,00
2021-11-24 09:12:45;0;25;20,00
2021-11-24 09:12:50;860;19;20,00
2021-11-24 09:12:55;0;22;20,00
2021-11-24 09:13:00;820;19;20,00
2021-11-24 09:13:05;750;20;20,00
2021-11-24 09:13:10;0;20;20,00
2021-11-24 09:13:15;780;21;20,00
2021-11-24 09:13:20;740;18;20,00
2021-11-24 09:13:25;0;21;20,00
2021-11-24 09:13:30;0;21;20,00
2021-11-24 09:13:35;0;20;20,00
2021-11-24 09:13:40;770;21;20,00
2021-11-24 09:13:45;760;18;19,75
2021-11-24 09:13:50;680;15;20,00
2021-11-24 09:13:55;680;17;19,75
2021-11-24 09:14:00;0;16;19,75
2021-11-24 09:14:05;0;19;19,75
2021-11-24 09:14:10;760;18;19,75
2021-11-24 09:14:15;0;19;19,75
2021-11-24 09:14:20;810;20;19,75
2021-11-24 09:14:25;0;21;19,75
2021-11-24 09:14:30;790;20;19,75
2021-11-24 09:14:35;0;20;19,75
2021-11-24 09:14:40;760;19;19,75
2021-11-24 09:14:45;0;21;19,75
2021-11-24 09:14:50;800;20;19,75
2021-11-24 09:14:55;740;17;19,75
2021-11-24 09:15:00;0;18;19,75
2021-11-24 09:15:05;720;18;19,75
2021-11-24 09:15:10;660;17;19,75
2021-11-24 09:15:15;0;16;19,75
2021-11-24 09:15:20;640;15;19,75
2021-11-24 09:15:25;630;16;19,50
2021-11-24 09:15:30;0;16;19,75
2021-11-24 09:15:35;0;19;19,50
2021-11-24 09:15:40;850;21;19,50
2021-11-24 09:15:45;730;17;19,50
2021-11-24 09:15:50;0;20;19,50
2021-11-24 09:15:55;0;32;19,50
2021-11-24 09:16:00;970;23;19,50
2021-11-24 09:16:05;840;17;19,50
2021-11-24 09:16:10;0;20;19,50
2021-11-24 09:16:15;0;27;19,50
2021-11-24 09:16:20;870;20;19,50
2021-11-24 09:16:25;0;23;19,50
2021-11-24 09:16:30;880;23;19,50
2021-11-24 09:16:35;0;23;19,50
2021-11-24 09:16:40;860;21;19,50
2021-11-24 09:16:45;0;24;19,50
2021-11-24 09:16:50;0;21;19,50
2021-11-24 09:16:55;0;24;19,50
2021-11-24 09:17:00;840;21;19,50
2021-11-24 09:17:05;0;22;19,50
2021-11-24 09:17:10;0;29;19,50
2021-11-24 09:17:15;1120;24;19,50
2021-11-24 09:17:20;0;21;19,50
2021-11-24 09:17:25;0;24;19,50
2021-11-24 09:17:30;1080;27;19,50
2021-11-24 09:17:35;0;24;19,50
2021-11-24 09:17:40;0;27;19,50
2021-11-24 09:17:45;0;38;19,50
2021-11-24 09:17:50;1220;43;19,50
2021-11-24 09:17:55;1120;23;19,50
2021-11-24 09:18:00;0;26;19,50
2021-11-24 09:18:05;0;33;19,50
2021-11-24 09:18:10;0;48;19,75
2021-11-24 09:18:15;1240;28;19,75
2021-11-24 09:18:20;0;31;19,75
2021-11-24 09:18:25;0;38;19,75
2021-11-24 09:18:30;1220;33;19,75
2021-11-24 09:18:35;0;24;19,75
2021-11-24 09:18:40;0;28;19,75
2021-11-24 09:18:45;0;43;19,75
2021-11-24 09:18:50;0;58;20,00
2021-11-24 09:18:55;1240;43;20,00
2021-11-24 09:19:00;0;46;20,00
2021-11-24 09:19:05;0;58;20,00
2021-11-24 09:19:10;1220;53;20,00
2021-11-24 09:19:15;1270;38;20,25
2021-11-24 09:19:20;0;41;20,25
2021-11-24 09:19:25;0;48;20,25
2021-11-24 09:19:30;1260;58;20,50
2021-11-24 09:19:35;0;49;20,50
2021-11-24 09:19:40;0;52;20,50
2021-11-24 09:19:45;0;63;20,50
2021-11-24 09:19:50;1570;23;20,75
2021-11-24 09:19:55;0;38;20,75
2021-11-24 09:20:00;1550;38;20,75
2021-11-24 09:20:05;0;38;21,00
2021-11-24 09:20:10;1540;38;21,00
2021-11-24 09:20:15;0;28;21,00
2021-11-24 09:20:20;0;43;21,00
2021-11-24 09:20:25;0;58;21,25
2021-11-24 09:20:30;1190;53;21,25
2021-11-24 09:20:35;0;44;21,25
2021-11-24 09:20:40;0;48;21,25
2021-11-24 09:20:45;1280;53;21,50
2021-11-24 09:20:50;0;44;21,50
2021-11-24 09:20:55;0;47;21,50
2021-11-24 09:21:00;0;58;21,50
2021-11-24 09:21:05;1220;48;21,75
2021-11-24 09:21:10;0;51;21,75
2021-11-24 09:21:15;0;58;21,75
2021-11-24 09:21:20;1180;63;22,00
2021-11-24 09:21:25;1240;43;22,00
2021-11-24 09:21:30;0;46;22,00
2021-11-24 09:21:35;0;53;22,00
2021-11-24 09:21:40;0;68;22,25
2021-11-24 09:21:45;1140;53;22,25
2021-11-24 09:21:50;0;51;22,50
2021-11-24 09:21:55;0;58;22,50
2021-11-24 09:22:00;1190;53;22,50
2021-11-24 09:22:05;0;50;22,50
2021-11-24 09:22:10;0;53;22,75
2021-11-24 09:22:15;1110;53;22,75
2021-11-24 09:22:20;0;44;22,75
2021-11-24 09:22:25;0;47;23,00
2021-11-24 09:22:30;0;58;23,00
2021-11-24 09:22:35;1040;63;23,00
2021-11-24 09:22:40;0;49;23,00
2021-11-24 09:22:45;0;52;23,25
2021-11-24 09:22:50;0;63;23,25
2021-11-24 09:22:55;0;54;23,25
2021-11-24 09:23:00;0;58;23,50
2021-11-24 09:23:05;0;49;23,50
2021-11-24 09:23:10;0;52;23,50
2021-11-24 09:23:15;0;63;23,75
2021-11-24 09:23:20;0;54;23,75
2021-11-24 09:23:25;0;58;23,75
2021-11-24 09:23:30;1070;63;23,75
2021-11-24 09:23:35;0;54;24,00
2021-11-24 09:23:40;0;57;24,00
2021-11-24 09:23:45;0;68;24,00
2021-11-24 09:23:50;900;67;24,25
2021-11-24 09:23:55;1040;58;24,25
2021-11-24 09:24:00;0;55;24,25
2021-11-24 09:24:05;0;58;24,25
2021-11-24 09:24:10;1060;63;24,50
2021-11-24 09:24:15;0;61;24,50
2021-11-24 09:24:20;0;68;24,50
2021-11-24 09:24:25;1000;59;24,75
2021-11-24 09:24:30;0;50;24,75
2021-11-24 09:24:35;0;53;24,75
2021-11-24 09:24:40;0;69;25,00
2021-11-24 09:24:45;880;67;25,00
2021-11-24 09:24:50;1000;61;25,00
2021-11-24 09:24:55;0;64;25,25
2021-11-24 09:25:00;0;56;25,25
2021-11-24 09:25:05;0;59;25,25
2021-11-24 09:25:10;0;70;25,25
2021-11-24 09:25:15;850;71;25,50
2021-11-24 09:25:20;0;68;25,50
2021-11-24 09:25:25;0;72;25,50
2021-11-24 09:25:30;680;81;25,75
2021-11-24 09:25:35;590;78;25,75
2021-11-24 09:25:40;680;75;25,75
2021-11-24 09:25:45;770;72;26,00
2021-11-24 09:25:50;0;71;26,00
2021-11-24 09:25:55;0;74;26,00
2021-11-24 09:26:00;750;83;26,25
2021-11-24 09:26:05;560;80;26,25
2021-11-24 09:26:10;650;77;26,25
2021-11-24 09:26:15;0;75;26,50
2021-11-24 09:26:20;730;76;26,50
2021-11-24 09:26:25;720;73;26,50
2021-11-24 09:26:30;850;69;26,75
2021-11-24 09:26:35;0;73;26,75
2021-11-24 09:26:40;870;67;26,75
2021-11-24 09:26:45;0;67;27,00
2021-11-24 09:26:50;0;70;27,00
2021-11-24 09:26:55;740;79;27,00
2021-11-24 09:27:00;690;75;27,25
2021-11-24 09:27:05;800;72;27,25
2021-11-24 09:27:10;0;75;27,25
2021-11-24 09:27:15;0;82;27,50
2021-11-24 09:27:20;450;85;27,50
2021-11-24 09:27:25;550;81;27,50
2021-11-24 09:27:30;650;78;27,75
2021-11-24 09:27:35;680;75;27,75
2021-11-24 09:27:40;760;72;27,75
2021-11-24 09:27:45;880;68;28,00
2021-11-24 09:27:50;0;69;28,00
2021-11-24 09:27:55;0;76;28,00
2021-11-24 09:28:00;710;79;28,00
2021-11-24 09:28:05;700;76;28,25
2021-11-24 09:28:10;790;72;28,25
2021-11-24 09:28:15;0;72;28,25
2021-11-24 09:28:20;0;75;28,50
2021-11-24 09:28:25;720;78;28,50
2021-11-24 09:28:30;700;75;28,50
2021-11-24 09:28:35;0;75;28,50
2021-11-24 09:28:40;740;76;28,75
2021-11-24 09:28:45;750;73;28,75
2021-11-24 09:28:50;0;76;28,75
2021-11-24 09:28:55;700;77;28,75
2021-11-24 09:29:00;0;75;29,00
2021-11-24 09:29:05;750;76;29,00
2021-11-24 09:29:10;760;75;29,00
2021-11-24 09:29:15;0;74;29,25
2021-11-24 09:29:20;0;77;29,25
2021-11-24 09:29:25;710;75;29,25
2021-11-24 09:29:30;0;78;29,25
2021-11-24 09:29:35;0;85;29,25
2021-11-24 09:29:40;440;94;29,50
2021-11-24 09:29:45;450;90;29,50
2021-11-24 09:29:50;450;87;29,50
2021-11-24 09:29:55;490;84;29,50
2021-11-24 09:30:00;530;81;29,75
2021-11-24 09:30:05;630;78;29,75
2021-11-24 09:30:10;1280;58;29,75
2021-11-24 09:30:15;0;49;30,00
2021-11-24 09:30:20;0;52;30,00
2021-11-24 09:30:25;0;63;30,00
2021-11-24 09:30:30;1520;33;30,00
2021-11-24 09:30:35;0;53;30,00
2021-11-24 09:30:40;0;68;30,00
2021-11-24 09:30:45;0;83;30,00
2021-11-24 09:30:50;470;86;30,00
2021-11-24 09:30:55;490;83;30,00
2021-11-24 09:31:00;570;79;30,00
2021-11-24 09:31:05;0;78;30,00
2021-11-24 09:31:10;0;81;30,00
2021-11-24 09:31:15;0;92;30,25
2021-11-24 09:31:20;0;92;30,25
2021-11-24 09:31:25;450;89;30,25
2021-11-24 09:31:30;470;86;30,25
2021-11-24 09:31:35;0;87;30,25
2021-11-24 09:31:40;450;88;30,50
2021-11-24 09:31:45;0;90;30,50
2021-11-24 09:31:50;0;95;30,50
2021-11-24 09:31:55;0;95;30,50
2021-11-24 09:32:00;0;95;30,50
2021-11-24 09:32:05;460;93;30,75
2021-11-24 09:32:10;450;89;30,75
2021-11-24 09:32:15;460;86;30,75
2021-11-24 09:32:20;500;83;30,75
2021-11-24 09:32:25;570;80;31,00
2021-11-24 09:32:30;640;77;31,00
2021-11-24 09:32:35;0;79;31,00
2021-11-24 09:32:40;700;76;31,00
2021-11-24 09:32:45;0;77;31,00
2021-11-24 09:32:50;0;80;31,25
2021-11-24 09:32:55;0;95;31,25
2021-11-24 09:33:00;0;94;31,25
2021-11-24 09:33:05;450;91;31,25
2021-11-24 09:33:10;450;88;31,25
2021-11-24 09:33:15;460;85;31,25
2021-11-24 09:33:20;550;81;31,50
2021-11-24 09:33:25;650;78;31,50
2021-11-24 09:33:30;700;75;31,50
2021-11-24 09:33:35;0;78;31,50
2021-11-24 09:33:40;0;85;31,50
2021-11-24 09:33:45;0;95;31,75
2021-11-24 09:33:50;0;95;31,75
2021-11-24 09:33:55;0;95;31,75
2021-11-24 09:34:00;0;95;31,75
2021-11-24 09:34:05;440;92;31,75
2021-11-24 09:34:10;0;92;31,75
2021-11-24 09:34:15;0;95;31,75
2021-11-24 09:34:20;0;95;32,00
2021-11-24 09:34:25;440;93;32,00
2021-11-24 09:34:30;430;89;32,00
2021-11-24 09:34:35;0;92;32,00
2021-11-24 09:34:40;0;95;32,00
2021-11-24 09:34:45;0;95;32,00
2021-11-24 09:34:50;0;95;32,25
2021-11-24 09:34:55;0;95;32,25
2021-11-24 09:35:00;440;94;32,25
2021-11-24 09:35:05;440;93;32,25
2021-11-24 09:35:10;440;90;32,25
2021-11-24 09:35:15;440;87;32,25
2021-11-24 09:35:20;0;85;32,50
2021-11-24 09:35:25;0;84;32,50
2021-11-24 09:35:30;0;87;32,50
2021-11-24 09:35:35;0;95;32,50
2021-11-24 09:35:40;0;95;32,50
2021-11-24 09:35:45;0;95;32,50
2021-11-24 09:35:50;0;95;32,50
2021-11-24 09:35:55;0;95;32,50
2021-11-24 09:36:00;0;95;32,75
2021-11-24 09:36:05;0;95;32,75
2021-11-24 09:36:10;0;95;32,75
2021-11-24 09:36:15;0;95;32,75
2021-11-24 09:36:20;0;95;32,75
2021-11-24 09:36:25;0;95;32,75
2021-11-24 09:36:30;0;95;32,75
2021-11-24 09:36:35;0;95;33,00
2021-11-24 09:36:40;0;95;33,00
2021-11-24 09:36:45;0;95;33,00
2021-11-24 09:36:50;0;95;33,00
2021-11-24 09:36:55;0;95;33,00
2021-11-24 09:37:00;0;95;33,00
2021-11-24 09:37:05;0;95;33,00
2021-11-24 09:37:10;0;95;33,00
2021-11-24 09:37:15;0;95;33,00
2021-11-24 09:37:20;0;95;33,25
2021-11-24 09:37:25;0;95;33,25
2021-11-24 09:37:30;0;95;33,25
2021-11-24 09:37:35;0;95;33,25
2021-11-24 09:37:40;0;95;33,25
2021-11-24 09:37:45;0;95;33,25
2021-11-24 09:37:50;0;95;33,25
2021-11-24 09:37:55;0;95;33,25
2021-11-24 09:38:00;0;95;33,25
2021-11-24 09:38:05;0;95;33,50
2021-11-24 09:38:10;0;95;33,50
2021-11-24 09:38:15;0;95;33,50
2021-11-24 09:38:20;0;95;33,50
2021-11-24 09:38:25;0;95;33,50
2021-11-24 09:38:30;0;95;33,50
2021-11-24 09:38:35;0;95;33,50
2021-11-24 09:38:40;0;95;33,50
2021-11-24 09:38:45;0;95;33,50
2021-11-24 09:38:50;0;95;33,50
2021-11-24 09:38:55;0;95;33,50
2021-11-24 09:39:00;0;95;33,75
2021-11-24 09:39:05;0;95;33,75
2021-11-24 09:39:10;0;95;33,75
2021-11-24 09:39:15;0;95;33,75
2021-11-24 09:39:20;0;95;33,75
2021-11-24 09:39:25;0;95;33,75
2021-11-24 09:39:30;0;95;33,75
2021-11-24 09:39:35;0;95;33,75
2021-11-24 09:39:40;0;95;33,75
2021-11-24 09:39:45;0;92;33,75
2021-11-24 09:39:50;0;95;33,75
2021-11-24 09:39:55;0;95;33,75
2021-11-24 09:40:00;0;95;34,00
2021-11-24 09:40:05;0;95;34,00
2021-11-24 09:40:10;0;95;34,00
2021-11-24 09:40:15;860;89;34,00
2021-11-24 09:40:20;870;83;34,00
2021-11-24 09:40:25;970;77;34,00
2021-11-24 09:40:30;1210;60;34,00
2021-11-24 09:40:35;0;51;34,00
2021-11-24 09:40:40;0;54;34,00
2021-11-24 09:40:45;0;65;34,00
2021-11-24 09:40:50;0;85;34,00
2021-11-24 09:40:55;0;95;34,00
2021-11-24 09:41:00;0;95;34,00
2021-11-24 09:41:05;0;95;34,00
2021-11-24 09:41:10;0;95;34,00
2021-11-24 09:41:15;0;95;34,00
2021-11-24 09:41:20;0;95;34,00
2021-11-24 09:41:25;0;95;34,00
2021-11-24 09:41:30;0;95;34,00
2021-11-24 09:41:35;0;95;34,00
2021-11-24 09:41:40;0;95;34,00
2021-11-24 09:41:45;0;95;34,00
2021-11-24 09:41:50;0;95;34,00
2021-11-24 09:41:55;0;95;34,00
2021-11-24 09:42:00;0;95;34,00
2021-11-24 09:42:05;0;95;34,00
2021-11-24 09:42:10;0;95;34,00
2021-11-24 09:42:15;0;95;34,00
2021-11-24 09:42:20;0;95;34,00
2021-11-24 09:42:25;0;95;34,00
2021-11-24 09:42:30;0;95;34,00
2021-11-24 09:42:35;0;95;34,25
2021-11-24 09:42:40;0;95;34,25
2021-11-24 09:42:45;0;95;34,25
2021-11-24 09:42:50;0;95;34,25
2021-11-24 09:42:55;0;95;34,25
2021-11-24 09:43:00;0;95;34,25
2021-11-24 09:43:05;0;95;34,25
2021-11-24 09:43:10;0;95;34,25
2021-11-24 09:43:15;0;95;34,25
2021-11-24 09:43:20;0;95;34,25
2021-11-24 09:43:25;0;95;34,25
2021-11-24 09:43:30;0;95;34,25
2021-11-24 09:43:35;0;95;34,25
2021-11-24 09:43:40;0;95;34,50
2021-11-24 09:43:45;0;95;34,50
2021-11-24 09:43:50;0;95;34,50
2021-11-24 09:43:55;0;95;34,50
2021-11-24 09:44:00;0;95;34,50
2021-11-24 09:44:05;0;95;34,50
2021-11-24 09:44:10;0;95;34,50
2021-11-24 09:44:15;0;95;34,50
2021-11-24 09:44:20;0;95;34,50
2021-11-24 09:44:25;0;95;34,50
2021-11-24 09:44:30;0;95;34,50
2021-11-24 09:44:35;0;95;34,50
2021-11-24 09:44:40;0;95;34,50
2021-11-24 09:44:45;0;95;34,50
2021-11-24 09:44:50;0;95;34,50
2021-11-24 09:44:55;0;95;34,50
2021-11-24 09:45:00;0;95;34,50
2021-11-24 09:45:05;0;95;34,50
2021-11-24 09:45:10;0;95;34,50
2021-11-24 09:45:15;0;95;34,50
2021-11-24 09:45:20;0;95;34,50
2021-11-24 09:45:25;0;95;34,50
2021-11-24 09:45:30;0;95;34,50
2021-11-24 09:45:35;0;95;34,50
2021-11-24 09:45:40;0;95;34,50
2021-11-24 09:45:45;0;95;34,75
2021-11-24 09:45:50;0;95;34,75
2021-11-24 09:45:55;0;95;34,75
2021-11-24 09:46:00;0;95;34,75
2021-11-24 09:46:05;0;95;34,75
2021-11-24 09:46:10;0;95;34,75
2021-11-24 09:46:15;0;95;34,75
2021-11-24 09:46:20;0;95;34,75
2021-11-24 09:46:25;0;95;34,75
2021-11-24 09:46:30;0;95;34,75
2021-11-24 09:46:35;0;95;34,75
2021-11-24 09:46:40;0;95;34,75
2021-11-24 09:46:45;0;95;34,75
2021-11-24 09:46:50;0;95;34,75
2021-11-24 09:46:55;0;95;34,75
2021-11-24 09:47:00;0;95;34,75
2021-11-24 09:47:05;0;95;34,75
2021-11-24 09:47:10;0;95;34,75
2021-11-24 09:47:15;0;95;34,75
2021-11-24 09:47:20;0;95;34,75
2021-11-24 09:47:25;0;95;34,75
2021-11-24 09:47:30;0;95;34,75
2021-11-24 09:47:35;0;95;34,75
2021-11-24 09:47:40;0;95;34,75
2021-11-24 09:47:45;0;95;34,75
2021-11-24 09:47:50;0;95;34,75
2021-11-24 09:47:55;0;95;34,75
2021-11-24 09:48:00;0;95;34,75
2021-11-24 09:48:05;0;95;34,75
2021-11-24 09:48:10;0;95;34,75
2021-11-24 09:48:15;0;95;34,75
2021-11-24 09:48:20;0;95;34,75
2021-11-24 09:48:25;0;95;35,00
2021-11-24 09:48:30;0;95;35,00
2021-11-24 09:48:35;0;95;35,00
2021-11-24 09:48:40;0;95;35,00
2021-11-24 09:48:45;0;95;35,00
2021-11-24 09:48:50;0;95;35,00
2021-11-24 09:48:55;0;95;35,00
2021-11-24 09:49:00;0;95;35,00
2021-11-24 09:49:05;0;95;35,00
2021-11-24 09:49:10;0;95;35,00
2021-11-24 09:49:15;0;95;35,00
2021-11-24 09:49:20;0;95;35,00
2021-11-24 09:49:25;0;95;35,00
2021-11-24 09:49:30;0;95;35,00
2021-11-24 09:49:35;0;95;35,00
2021-11-24 09:49:40;0;95;35,00
2021-11-24 09:49:45;0;95;35,00
2021-11-24 09:49:50;0;95;35,00
2021-11-24 09:49:55;0;95;35,00
2021-11-24 09:50:00;0;95;35,00
2021-11-24 09:50:05;0;95;35,00
2021-11-24 09:50:10;0;95;35,00
2021-11-24 09:50:15;820;86;35,00
2021-11-24 09:50:20;870;80;35,00
2021-11-24 09:50:25;1030;69;35,00
2021-11-24 09:50:30;0;60;35,00
2021-11-24 09:50:35;0;63;35,00
2021-11-24 09:50:40;0;74;35,00
2021-11-24 09:50:45;0;94;35,00
2021-11-24 09:50:50;0;95;35,00
2021-11-24 09:50:55;0;95;35,00
2021-11-24 09:51:00;0;95;35,00
2021-11-24 09:51:05;0;95;35,00
2021-11-24 09:51:10;0;95;35,00
2021-11-24 09:51:15;0;95;35,00
2021-11-24 09:51:20;0;95;35,00
2021-11-24 09:51:25;0;95;35,00
2021-11-24 09:51:30;0;95;35,00
2021-11-24 09:51:35;0;95;35,00
2021-11-24 09:51:40;0;95;35,00
2021-11-24 09:51:45;0;95;35,00
2021-11-24 09:51:50;0;95;35,00
2021-11-24 09:51:55;0;95;35,00
2021-11-24 09:52:00;0;95;35,00
2021-11-24 09:52:05;0;95;35,00
2021-11-24 09:52:10;0;95;35,00
2021-11-24 09:52:15;0;95;35,00
2021-11-24 09:52:20;0;95;35,00
2021-11-24 09:52:25;0;95;35,00
2021-11-24 09:52:30;0;95;35,00
2021-11-24 09:52:35;0;95;35,00
2021-11-24 09:52:40;0;95;35,00
2021-11-24 09:52:45;0;95;35,00
2021-11-24 09:52:50;0;95;35,00
2021-11-24 09:52:55;0;95;35,00
2021-11-24 09:53:00;0;95;35,00
2021-11-24 09:53:05;0;95;35,00
2021-11-24 09:53:10;0;95;35,00
2021-11-24 09:53:15;0;95;35,00
2021-11-24 09:53:20;0;95;35,25
2021-11-24 09:53:25;0;95;35,25
2021-11-24 09:53:30;0;95;35,25
2021-11-24 09:53:35;0;95;35,25
2021-11-24 09:53:40;0;95;35,25
2021-11-24 09:53:45;0;95;35,25
2021-11-24 09:53:50;0;95;35,25
2021-11-24 09:53:55;0;95;35,25
2021-11-24 09:54:00;0;95;35,25
2021-11-24 09:54:05;0;95;35,25
2021-11-24 09:54:10;0;95;35,25
2021-11-24 09:54:15;0;95;35,25
2021-11-24 09:54:20;0;95;35,25
2021-11-24 09:54:25;0;95;35,25
2021-11-24 09:54:30;0;95;35,25
2021-11-24 09:54:35;0;95;35,25
2021-11-24 09:54:40;0;95;35,25
2021-11-24 09:54:45;0;95;35,25
2021-11-24 09:54:50;0;95;35,25
2021-11-24 09:54:55;0;95;35,25
2021-11-24 09:55:00;0;95;35,25
2021-11-24 09:55:05;0;95;35,25
2021-11-24 09:55:10;0;95;35,25
2021-11-24 09:55:15;0;95;35,25
2021-11-24 09:55:20;0;95;35,25
2021-11-24 09:55:25;0;95;35,25
2021-11-24 09:55:30;0;95;35,25
2021-11-24 09:55:35;0;95;35,25
2021-11-24 09:55:40;0;95;35,25
2021-11-24 09:55:45;0;95;35,25
2021-11-24 09:55:50;0;95;35,25
2021-11-24 09:55:55;0;95;35,25
2021-11-24 09:56:00;0;95;35,25
2021-11-24 09:56:05;0;95;35,25
2021-11-24 09:56:10;0;95;35,25
2021-11-24 09:56:15;0;95;35,25
2021-11-24 09:56:20;0;95;35,25
2021-11-24 09:56:25;0;95;35,25
2021-11-24 09:56:30;0;95;35,25
2021-11-24 09:56:35;0;95;35,25
2021-11-24 09:56:40;0;95;35,25
2021-11-24 09:56:45;0;95;35,25
2021-11-24 09:56:50;0;95;35,25
2021-11-24 09:56:55;0;95;35,25
2021-11-24 09:57:00;0;95;35,25
2021-11-24 09:57:05;0;95;35,25
2021-11-24 09:57:10;0;95;35,25
2021-11-24 09:57:15;0;95;35,25
2021-11-24 09:57:20;0;95;35,25
2021-11-24 09:57:25;0;95;35,25
2021-11-24 09:57:30;0;95;35,25
2021-11-24 09:57:35;0;95;35,25
2021-11-24 09:57:40;0;95;35,25
2021-11-24 09:57:45;0;95;35,25
2021-11-24 09:57:50;0;95;35,25
2021-11-24 09:57:55;0;95;35,25
2021-11-24 09:58:00;0;95;35,25
2021-11-24 09:58:05;0;95;35,25
2021-11-24 09:58:10;0;95;35,25
2021-11-24 09:58:15;0;95;35,25
2021-11-24 09:58:20;0;95;35,25
2021-11-24 09:58:25;0;95;35,25
2021-11-24 09:58:30;0;95;35,25
2021-11-24 09:58:35;0;95;35,25
2021-11-24 09:58:40;0;95;35,25
2021-11-24 09:58:45;0;95;35,25
2021-11-24 09:58:50;0;95;35,25
2021-11-24 09:58:55;0;95;35,25
2021-11-24 09:59:00;0;95;35,25
2021-11-24 09:59:05;0;95;35,25
2021-11-24 09:59:10;0;95;35,25
2021-11-24 09:59:15;0;95;35,25
2021-11-24 09:59:20;0;95;35,25
2021-11-24 09:59:25;0;95;35,25
2021-11-24 09:59:30;0;95;35,25
2021-11-24 09:59:35;0;95;35,25
2021-11-24 09:59:40;0;95;35,25
2021-11-24 09:59:45;0;95;35,25
2021-11-24 09:59:50;0;95;35,25
2021-11-24 09:59:55;0;95;35,25
2021-11-24 10:00:00;0;95;35,25
2021-11-24 10:00:05;0;95;35,25
2021-11-24 10:00:10;0;95;35,25
2021-11-24 10:00:15;0;95;35,25
2021-11-24 10:00:20;0;95;35,25
2021-11-24 10:00:25;0;95;35,25
2021-11-24 10:00:30;0;95;35,25
2021-11-24 10:00:35;0;95;35,25
2021-11-24 10:00:40;0;95;35,50
2021-11-24 10:00:45;0;95;35,25
2021-11-24 10:00:50;0;95;35,50
2021-11-24 10:00:55;0;95;35,50
2021-11-24 10:01:00;0;95;35,50
2021-11-24 10:01:05;0;95;35,50
2021-11-24 10:01:10;0;95;35,50
2021-11-24 10:01:15;0;95;35,50
2021-11-24 10:01:20;0;95;35,50
2021-11-24 10:01:25;0;95;35,25
2021-11-24 10:01:30;0;95;35,50
2021-11-24 10:01:35;0;95;35,50
2021-11-24 10:01:40;0;95;35,50
2021-11-24 10:01:45;0;95;35,50
2021-11-24 10:01:50;0;95;35,50
2021-11-24 10:01:55;0;95;35,50
2021-11-24 10:02:00;0;95;35,50
2021-11-24 10:02:05;0;95;35,50
2021-11-24 10:02:10;0;95;35,50
2021-11-24 10:02:15;0;95;35,50
2021-11-24 10:02:20;0;95;35,50
2021-11-24 10:02:25;0;95;35,50
2021-11-24 10:02:30;0;95;35,50
2021-11-24 10:02:35;0;95;35,50
2021-11-24 10:02:40;0;95;35,50
2021-11-24 10:02:45;0;95;35,50
2021-11-24 10:02:50;0;95;35,50
2021-11-24 10:02:55;0;95;35,50
2021-11-24 10:03:00;0;95;35,50
2021-11-24 10:03:05;0;95;35,50
2021-11-24 10:03:10;0;95;35,50
2021-11-24 10:03:15;0;95;35,50
2021-11-24 10:03:20;0;95;35,50
2021-11-24 10:03:25;0;95;35,50
2021-11-24 10:03:30;0;95;35,50
2021-11-24 10:03:35;0;95;35,50
2021-11-24 10:03:40;0;95;35,50
2021-11-24 10:03:45;0;95;35,50
2021-11-24 10:03:50;0;95;35,50
2021-11-24 10:03:55;0;95;35,50
2021-11-24 10:04:00;0;95;35,50
2021-11-24 10:04:05;0;95;35,50
2021-11-24 10:04:10;0;95;35,50
2021-11-24 10:04:15;0;95;35,50
2021-11-24 10:04:20;0;95;35,50
2021-11-24 10:04:25;0;95;35,50
2021-11-24 10:04:30;0;95;35,50
2021-11-24 10:04:35;0;95;35,50
2021-11-24 10:04:40;0;95;35,50
2021-11-24 10:04:45;0;95;35,50
2021-11-24 10:04:50;0;95;35,50
2021-11-24 10:04:55;0;95;35,50
2021-11-24 10:05:00;0;95;35,50
2021-11-24 10:05:05;0;95;35,50
2021-11-24 10:05:10;0;95;35,50
2021-11-24 10:05:15;0;95;35,50
2021-11-24 10:05:20;0;95;35,50
2021-11-24 10:05:25;0;95;35,50
2021-11-24 10:05:30;0;95;35,50
2021-11-24 10:05:35;0;95;35,50
2021-11-24 10:05:40;0;95;35,50
2021-11-24 10:05:45;0;95;35,50
2021-11-24 10:05:50;0;95;35,50
2021-11-24 10:05:55;0;95;35,50
2021-11-24 10:06:00;0;95;35,50
2021-11-24 10:06:05;0;95;35,50
2021-11-24 10:06:10;0;95;35,50
2021-11-24 10:06:15;0;95;35,50
2021-11-24 10:06:20;0;95;35,50
2021-11-24 10:06:25;0;95;35,50
2021-11-24 10:06:30;0;95;35,50
2021-11-24 10:06:35;0;95;35,50
2021-11-24 10:06:40;0;95;35,50
2021-11-24 10:06:45;0;95;35,50
2021-11-24 10:06:50;0;95;35,50
2021-11-24 10:06:55;0;95;35,50
2021-11-24 10:07:00;0;95;35,50
2021-11-24 10:07:05;0;95;35,50
2021-11-24 10:07:10;0;95;35,50
2021-11-24 10:07:15;0;95;35,50
2021-11-24 10:07:20;0;95;35,50
2021-11-24 10:07:25;0;95;35,50
2021-11-24 10:07:30;0;95;35,50
2021-11-24 10:07:35;0;95;35,50
2021-11-24 10:07:40;0;95;35,50
2021-11-24 10:07:45;0;95;35,50
2021-11-24 10:07:50;0;95;35,50
2021-11-24 10:07:55;0;95;35,50
2021-11-24 10:08:00;0;95;35,50
2021-11-24 10:08:05;0;95;35,50
2021-11-24 10:08:10;0;95;35,50
2021-11-24 10:08:15;0;95;35,50
2021-11-24 10:08:20;0;95;35,50
2021-11-24 10:08:25;0;95;35,50
2021-11-24 10:08:30;0;95;35,50
2021-11-24 10:08:35;0;95;35,50
2021-11-24 10:08:40;0;95;35,50
2021-11-24 10:08:45;0;95;35,50
2021-11-24 10:08:50;0;95;35,50
2021-11-24 10:08:55;0;95;35,50
2021-11-24 10:09:00;0;95;35,50
2021-11-24 10:09:05;0;95;35,50
2021-11-24 10:09:10;0;95;35,50
2021-11-24 10:09:15;0;95;35,50
2021-11-24 10:09:20;0;95;35,50
2021-11-24 10:09:25;0;95;35,50
2021-11-24 10:09:30;0;95;35,50
2021-11-24 10:09:35;0;95;35,50
2021-11-24 10:09:40;0;95;35,50
2021-11-24 10:09:45;0;95;35,50
2021-11-24 10:09:50;0;95;35,50
2021-11-24 10:09:55;0;95;35,50
2021-11-24 10:10:00;0;95;35,50
2021-11-24 10:10:05;0;95;35,50
2021-11-24 10:10:10;0;95;35,50
2021-11-24 10:10:15;0;95;35,50
2021-11-24 10:10:20;0;95;35,50
2021-11-24 10:10:25;0;95;35,50
2021-11-24 10:10:30;0;95;35,50
2021-11-24 10:10:35;0;95;35,50
2021-11-24 10:10:40;0;95;35,50
2021-11-24 10:10:45;0;95;35,50
2021-11-24 10:10:50;0;95;35,50
2021-11-24 10:10:55;0;95;35,75
2021-11-24 10:11:00;0;95;35,50
2021-11-24 10:11:05;0;95;35,50
2021-11-24 10:11:10;0;95;35,50
2021-11-24 10:11:15;0;95;35,75
2021-11-24 10:11:20;0;95;35,75
2021-11-24 10:11:25;0;95;35,50
2021-11-24 10:11:30;0;95;35,75
2021-11-24 10:11:35;0;95;35,75
2021-11-24 10:11:40;0;95;35,50
2021-11-24 10:11:45;0;95;35,50
2021-11-24 10:11:50;0;95;35,75
2021-11-24 10:11:55;0;95;35,50
2021-11-24 10:12:00;0;95;35,75
2021-11-24 10:12:05;0;95;35,75
2021-11-24 10:12:10;0;95;35,75
2021-11-24 10:12:15;0;95;35,75
2021-11-24 10:12:20;0;95;35,75
2021-11-24 10:12:25;0;95;35,75
2021-11-24 10:12:30;0;95;35,75
2021-11-24 10:12:35;0;95;35,75
2021-11-24 10:12:40;0;95;35,75
2021-11-24 10:12:45;0;95;35,75
2021-11-24 10:12:50;0;95;35,75
2021-11-24 10:12:55;0;95;35,75
2021-11-24 10:13:00;0;95;35,75
2021-11-24 10:13:05;0;95;35,75
2021-11-24 10:13:10;0;95;35,75
2021-11-24 10:13:15;0;95;35,75
2021-11-24 10:13:20;0;95;35,75
2021-11-24 10:13:25;0;95;35,75
2021-11-24 10:13:30;0;95;35,75
2021-11-24 10:13:35;0;95;35,75
2021-11-24 10:13:40;0;95;35,75
2021-11-24 10:13:45;0;95;35,75
2021-11-24 10:13:50;0;95;35,75
2021-11-24 10:13:55;0;95;35,50
2021-11-24 10:14:00;0;95;35,50
2021-11-24 10:14:05;0;95;35,50
2021-11-24 10:14:10;0;95;35,25
2021-11-24 10:14:15;0;95;35,25
2021-11-24 10:14:20;0;95;35,00
2021-11-24 10:14:25;0;95;34,75
2021-11-24 10:14:30;0;95;34,75
2021-11-24 10:14:35;0;95;34,50
2021-11-24 10:14:40;0;95;34,25
2021-11-24 10:14:45;0;95;34,00
2021-11-24 10:14:50;0;95;34,00
2021-11-24 10:14:55;0;95;33,75
2021-11-24 10:15:00;0;95;33,50
2021-11-24 10:15:05;0;95;33,25
2021-11-24 10:15:10;0;95;33,00
2021-11-24 10:15:15;0;95;33,00
2021-11-24 10:15:20;0;95;32,75
2021-11-24 10:15:25;0;95;32,50
2021-11-24 10:15:30;0;95;32,25
2021-11-24 10:15:35;0;95;32,00
2021-11-24 10:15:40;0;95;32,00
2021-11-24 10:15:45;0;95;31,75
2021-11-24 10:15:50;0;95;31,50
2021-11-24 10:15:55;0;95;31,25
2021-11-24 10:16:00;0;95;31,25
2021-11-24 10:16:05;0;95;31,00
2021-11-24 10:16:10;0;95;30,75
2021-11-24 10:16:15;0;95;30,75
2021-11-24 10:16:20;0;95;30,50
2021-11-24 10:16:25;0;95;30,25
2021-11-24 10:16:30;0;95;30,00
2021-11-24 10:16:35;0;95;30,00
2021-11-24 10:16:40;0;95;29,75
2021-11-24 10:16:45;0;95;29,75
2021-11-24 10:16:50;0;95;29,50
2021-11-24 10:16:55;0;95;29,25
2021-11-24 10:17:00;0;95;29,25
2021-11-24 10:17:05;0;95;29,00
2021-11-24 10:17:10;0;95;28,75
2021-11-24 10:17:15;0;95;28,75
2021-11-24 10:17:20;0;95;28,50
2021-11-24 10:17:25;0;95;28,50
2021-11-24 10:17:30;0;95;28,25
2021-11-24 10:17:35;0;95;28,00
2021-11-24 10:17:40;0;95;28,00
2021-11-24 10:17:45;0;95;27,75
2021-11-24 10:17:50;0;95;27,75
2021-11-24 10:17:55;0;95;27,50
2021-11-24 10:18:00;0;95;27,50
2021-11-24 10:18:05;0;95;27,25
2021-11-24 10:18:10;0;95;27,25
2021-11-24 10:18:15;0;95;27,00
2021-11-24 10:18:20;0;95;27,00
2021-11-24 10:18:25;0;95;26,75
2021-11-24 10:18:30;0;95;26,75
2021-11-24 10:18:35;0;95;26,50
2021-11-24 10:18:40;0;95;26,50
2021-11-24 10:18:45;0;95;26,25
2021-11-24 10:18:50;0;95;26,25
2021-11-24 10:18:55;0;95;26,00
2021-11-24 10:19:00;0;95;26,00
2021-11-24 10:19:05;0;95;26,00
2021-11-24 10:19:10;0;95;25,75
2021-11-24 10:19:15;0;95;25,75
2021-11-24 10:19:20;0;95;25,50
2021-11-24 10:19:25;0;95;25,50
2021-11-24 10:19:30;0;95;25,25
2021-11-24 10:19:35;0;95;25,25
2021-11-24 10:19:40;0;95;25,25
2021-11-24 10:19:45;0;95;25,00
2021-11-24 10:19:50;0;95;25,00
2021-11-24 10:19:55;0;95;24,75
2021-11-24 10:20:00;0;95;24,75
2021-11-24 10:20:05;0;95;24,75
2021-11-24 10:20:10;0;95;24,50
2021-11-24 10:20:15;0;95;24,50
2021-11-24 10:20:20;0;95;24,25
2021-11-24 10:20:25;0;95;24,25
2021-11-24 10:20:30;0;95;24,25
2021-11-24 10:20:35;0;95;24,00
2021-11-24 10:20:40;0;95;24,00
2021-11-24 10:20:45;0;95;24,00
2021-11-24 10:20:50;0;95;23,75
2021-11-24 10:20:55;0;95;23,75
2021-11-24 10:21:00;0;95;23,75
2021-11-24 10:21:05;0;95;23,50
2021-11-24 10:21:10;0;95;23,50
2021-11-24 10:21:15;0;95;23,50
2021-11-24 10:21:20;0;95;23,25
2021-11-24 10:21:25;0;95;23,25
2021-11-24 10:21:30;0;95;23,25
2021-11-24 10:21:35;0;95;23,00
2021-11-24 10:21:40;0;95;23,00
2021-11-24 10:21:45;0;95;23,00
2021-11-24 10:21:50;0;95;22,75
2021-11-24 10:21:55;0;95;22,75
2021-11-24 10:22:00;0;95;22,75
2021-11-24 10:22:05;0;95;22,75
2021-11-24 10:22:10;0;95;22,50
2021-11-24 10:22:15;0;95;22,50
2021-11-24 10:22:20;0;95;22,50
2021-11-24 10:22:25;0;95;22,50
2021-11-24 10:22:30;0;95;22,25
2021-11-24 10:22:35;0;95;22,25
2021-11-24 10:22:40;0;95;22,25
2021-11-24 10:22:45;0;95;22,00
2021-11-24 10:22:50;0;95;22,00
2021-11-24 10:22:55;0;95;22,00
2021-11-24 10:23:00;0;95;22,00
2021-11-24 10:23:05;0;95;21,75
2021-11-24 10:23:10;0;95;21,75
2021-11-24 10:23:15;0;95;21,75
2021-11-24 10:23:20;0;95;21,75
2021-11-24 10:23:25;0;95;21,50
2021-11-24 10:23:30;0;95;21,50
2021-11-24 10:23:35;0;95;21,50
2021-11-24 10:23:40;0;95;21,50
2021-11-24 10:23:45;0;95;21,25
2021-11-24 10:23:50;0;95;21,25
2021-11-24 10:23:55;0;95;21,25
2021-11-24 10:24:00;0;95;21,25
2021-11-24 10:24:05;0;95;21,25
2021-11-24 10:24:10;0;95;21,00
2021-11-24 10:24:15;0;95;21,00
2021-11-24 10:24:20;0;95;21,00
2021-11-24 10:24:25;0;95;21,00
2021-11-24 10:24:30;0;95;21,00
2021-11-24 10:24:35;0;95;20,75
2021-11-24 10:24:40;0;95;20,75
2021-11-24 10:24:45;0;95;20,75
2021-11-24 10:24:50;0;95;20,75
2021-11-24 10:24:55;0;95;20,75
2021-11-24 10:25:00;0;95;20,50
2021-11-24 10:25:05;0;95;20,50
2021-11-24 10:25:10;0;95;20,50
2021-11-24 10:25:15;0;95;20,50
2021-11-24 10:25:20;0;95;20,50
2021-11-24 10:25:25;0;95;20,25
2021-11-24 10:25:30;0;95;20,25
2021-11-24 10:25:35;0;95;20,25
2021-11-24 10:25:40;0;95;20,25
2021-11-24 10:25:45;0;95;20,25
2021-11-24 10:25:50;0;95;20,25
2021-11-24 10:25:55;0;95;20,00
2021-11-24 10:26:00;0;95;20,00
2021-11-24 10:26:05;0;95;20,00
2021-11-24 10:26:10;0;95;20,00
2021-11-24 10:26:15;0;95;20,00
2021-11-24 10:26:20;0;95;20,00
2021-11-24 10:26:25;0;95;19,75
2021-11-24 10:26:30;0;95;19,75
2021-11-24 10:26:35;0;95;19,75
2021-11-24 10:26:40;0;95;19,75
2021-11-24 10:26:45;0;95;19,75
2021-11-24 10:26:50;0;95;19,75
2021-11-24 10:26:55;0;95;19,50
2021-11-24 10:27:00;0;95;19,50
2021-11-24 10:27:05;0;95;19,50
2021-11-24 10:27:10;0;95;19,50
2021-11-24 10:27:15;0;95;19,50
2021-11-24 10:27:20;0;95;19,50
2021-11-24 10:27:25;0;95;19,50
2021-11-24 10:27:30;0;95;19,25
2021-11-24 10:27:35;0;95;19,25
2021-11-24 10:27:40;0;95;19,25
2021-11-24 10:27:45;0;95;19,25
2021-11-24 10:27:50;0;95;19,25
2021-11-24 10:27:55;0;95;19,25
2021-11-24 10:28:00;0;95;19,25
2021-11-24 10:28:05;0;95;19,00
2021-11-24 10:28:10;0;95;19,00
2021-11-24 10:28:15;0;95;19,00
2021-11-24 10:28:20;0;95;19,00
2021-11-24 10:28:25;0;95;19,00
2021-11-24 10:28:30;0;95;19,00
2021-11-24 10:28:35;0;95;19,00
2021-11-24 10:28:40;0;95;18,75
2021-11-24 10:28:45;0;95;18,75
2021-11-24 10:28:50;0;95;18,75
2021-11-24 10:28:55;0;95;18,75
2021-11-24 10:29:00;0;95;18,75
2021-11-24 10:29:05;0;95;18,75
2021-11-24 10:29:10;0;95;18,75
2021-11-24 10:29:15;0;95;18,75
2021-11-24 10:29:20;0;95;18,75
2021-11-24 10:29:25;0;95;18,50
2021-11-24 10:29:30;0;95;18,50
2021-11-24 10:29:35;0;95;18,50
2021-11-24 10:29:40;0;95;18,50
2021-11-24 10:29:45;0;95;18,50
2021-11-24 10:29:50;0;95;18,50
2021-11-24 10:29:55;0;95;18,50
2021-11-24 10:30:00;0;95;18,50
2021-11-24 10:30:05;0;95;18,50
2021-11-24 10:30:10;0;95;18,25
2021-11-24 10:30:15;0;95;18,25
2021-11-24 10:30:20;0;95;18,25
2021-11-24 10:30:25;0;95;18,25
2021-11-24 10:30:30;0;95;18,25
2021-11-24 10:30:35;0;95;18,25
2021-11-24 10:30:40;0;95;18,25
2021-11-24 10:30:45;0;95;18,25
2021-11-24 10:30:50;0;95;18,25
2021-11-24 10:30:55;0;95;18,00
2021-11-24 10:31:00;0;95;18,00
2021-11-24 10:31:05;0;95;18,00
2021-11-24 10:31:10;0;95;18,00
2021-11-24 10:31:15;0;95;18,00
2021-11-24 10:31:20;0;95;18,00
2021-11-24 10:31:25;0;95;18,00
2021-11-24 10:31:30;0;95;18,00
2021-11-24 10:31:35;0;95;18,00
2021-11-24 10:31:40;0;95;18,00
2021-11-24 10:31:45;0;95;18,00
2021-11-24 10:31:50;0;95;17,75
2021-11-24 10:31:55;0;95;17,75
2021-11-24 10:32:00;0;95;17,75
2021-11-24 10:32:05;0;95;17,75
2021-11-24 10:32:10;0;95;17,75
2021-11-24 10:32:15;0;95;17,75
2021-11-24 10:32:20;0;95;17,75
2021-11-24 10:32:25;0;95;17,75
2021-11-24 10:32:30;0;95;17,75
2021-11-24 10:32:35;0;95;17,75
2021-11-24 10:32:40;0;95;17,75
2021-11-24 10:32:45;0;95;17,75
2021-11-24 10:32:50;0;95;17,50
2021-11-24 10:32:55;0;95;17,50
2021-11-24 10:33:00;0;95;17,50
2021-11-24 10:33:05;0;95;17,50
2021-11-24 10:33:10;0;95;17,50
2021-11-24 10:33:15;0;95;17,50
2021-11-24 10:33:20;0;95;17,50
2021-11-24 10:33:25;0;95;17,50
2021-11-24 10:33:30;0;95;17,50
2021-11-24 10:33:35;0;95;17,50
2021-11-24 10:33:40;0;95;17,50
2021-11-24 10:33:45;0;95;17,50
2021-11-24 10:33:50;0;95;17,25
2021-11-24 10:33:55;0;95;17,25
2021-11-24 10:34:00;0;95;17,25
2021-11-24 10:34:05;0;95;17,25
2021-11-24 10:34:10;0;95;17,25
2021-11-24 10:34:15;0;95;17,25
2021-11-24 10:34:20;0;95;17,25
2021-11-24 10:34:25;0;95;17,25
2021-11-24 10:34:30;0;95;17,25
2021-11-24 10:34:35;0;95;17,25
2021-11-24 10:34:40;0;95;17,25
2021-11-24 10:34:45;0;95;17,25
2021-11-24 10:34:50;0;95;17,25
2021-11-24 10:34:55;0;95;17,25
2021-11-24 10:35:00;0;95;17,00
2021-11-24 10:35:05;0;95;17,00
2021-11-24 10:35:10;0;95;17,00
2021-11-24 10:35:15;0;95;17,00
2021-11-24 10:35:20;0;95;17,00
2021-11-24 10:35:25;0;95;17,00
2021-11-24 10:35:30;0;95;17,00
2021-11-24 10:35:35;0;95;17,00
2021-11-24 10:35:40;0;95;17,00
2021-11-24 10:35:45;0;95;17,00
2021-11-24 10:35:50;0;95;17,00
2021-11-24 10:35:55;0;95;17,00
2021-11-24 10:36:00;0;95;17,00
2021-11-24 10:36:05;0;95;17,00
2021-11-24 10:36:10;0;95;17,00
2021-11-24 10:36:15;0;95;16,75
2021-11-24 10:36:20;0;95;16,75
2021-11-24 10:36:25;0;95;16,75
2021-11-24 10:36:30;0;95;16,75
2021-11-24 10:36:35;0;95;16,75
2021-11-24 10:36:40;0;95;16,75
2021-11-24 10:36:45;0;95;16,75
2021-11-24 10:36:50;0;95;16,75
2021-11-24 10:36:55;0;95;16,75
2021-11-24 10:37:00;0;95;16,75
2021-11-24 10:37:05;0;95;16,75
2021-11-24 10:37:10;0;95;16,75
2021-11-24 10:37:15;0;95;16,75
2021-11-24 10:37:20;0;95;16,75
2021-11-24 10:37:25;0;95;16,75
2021-11-24 10:37:30;0;95;16,75
2021-11-24 10:37:35;0;95;16,75
2021-11-24 10:37:40;0;95;16,75
2021-11-24 10:37:45;0;95;16,75
2021-11-24 10:37:50;0;95;16,50
2021-11-24 10:37:55;0;95;16,50
2021-11-24 10:38:00;0;95;16,50
2021-11-24 10:38:05;0;95;16,50
2021-11-24 10:38:10;0;95;16,50
2021-11-24 10:38:15;0;95;16,50
2021-11-24 10:38:20;0;95;16,50
2021-11-24 10:38:25;0;95;16,50
2021-11-24 10:38:30;0;95;16,50
2021-11-24 10:38:35;0;95;16,50
2021-11-24 10:38:40;0;95;16,50
2021-11-24 10:38:45;0;95;16,50
2021-11-24 10:38:50;0;95;16,50
2021-11-24 10:38:55;0;95;16,50
2021-11-24 10:39:00;0;95;16,50
2021-11-24 10:39:05;0;95;16,50
2021-11-24 10:39:10;0;95;16,50
2021-11-24 10:39:15;0;95;16,50
2021-11-24 10:39:20;0;95;16,50
2021-11-24 10:39:25;0;95;16,50
2021-11-24 10:39:30;0;95;16,50
2021-11-24 10:39:35;0;95;16,25
2021-11-24 10:39:40;0;95;16,25
2021-11-24 10:39:45;0;95;16,25
2021-11-24 10:39:50;0;95;16,25
2021-11-24 10:39:55;0;95;16,25
2021-11-24 10:40:00;0;95;16,25
2021-11-24 10:40:05;0;95;16,25
2021-11-24 10:40:10;0;95;16,25
2021-11-24 10:40:15;0;95;16,25
2021-11-24 10:40:20;0;95;16,25
2021-11-24 10:40:25;0;95;16,25
2021-11-24 10:40:30;0;95;16,25
2021-11-24 10:40:35;0;95;16,25
2021-11-24 10:40:40;0;95;16,25
2021-11-24 10:40:45;0;95;16,25
2021-11-24 10:40:50;0;95;16,25
2021-11-24 10:40:55;0;95;16,25
2021-11-24 10:41:00;0;95;16,25
2021-11-24 10:41:05;0;95;16,25
2021-11-24 10:41:10;0;95;16,25
2021-11-24 10:41:15;0;95;16,25
2021-11-24 10:41:20;0;95;16,25
2021-11-24 10:41:25;0;95;16,25
2021-11-24 10:41:30;0;95;16,00
2021-11-24 10:41:35;0;95;16,00
2021-11-24 10:41:40;0;95;16,00
2021-11-24 10:41:45;0;95;16,00
2021-11-24 10:41:50;0;95;16,00
2021-11-24 10:41:55;0;95;16,00
2021-11-24 10:42:00;0;95;16,00
2021-11-24 10:42:05;0;95;16,00
2021-11-24 10:42:10;0;95;16,00
2021-11-24 10:42:15;0;95;16,00
2021-11-24 10:42:20;0;95;16,00
2021-11-24 10:42:25;0;95;16,00
2021-11-24 10:42:30;0;95;16,00
2021-11-24 10:42:35;0;95;16,00
2021-11-24 10:42:40;0;95;16,00
2021-11-24 10:42:45;0;95;16,00
2021-11-24 10:42:50;0;95;16,00
2021-11-24 10:42:55;0;95;16,00
2021-11-24 10:43:00;0;95;16,00
2021-11-24 10:43:05;0;95;16,00
2021-11-24 10:43:10;0;95;16,00
2021-11-24 10:43:15;0;95;16,00
2021-11-24 10:43:20;0;95;16,00
2021-11-24 10:43:25;0;95;16,00
2021-11-24 10:43:30;0;95;16,00
2021-11-24 10:43:35;0;95;16,00
2021-11-24 10:43:40;0;95;16,00
2021-11-24 10:43:45;0;95;16,00
2021-11-24 10:43:50;0;95;16,00
2021-11-24 10:43:55;0;95;16,00
2021-11-24 10:44:00;0;95;15,75
2021-11-24 10:44:05;0;95;15,75
2021-11-24 10:44:10;0;95;15,75
2021-11-24 10:44:15;0;95;15,75
2021-11-24 10:44:20;0;95;15,75
2021-11-24 10:44:25;0;95;15,75
2021-11-24 10:44:30;0;95;15,75
2021-11-24 10:44:35;0;95;15,75
2021-11-24 10:44:40;0;95;15,75
2021-11-24 10:44:45;0;95;15,75
2021-11-24 10:44:50;0;95;15,75
2021-11-24 10:44:55;0;95;15,75
2021-11-24 10:45:00;0;95;15,75
2021-11-24 10:45:05;0;95;15,75
2021-11-24 10:45:10;0;95;15,75
2021-11-24 10:45:15;0;95;15,75
2021-11-24 10:45:20;0;95;15,75
2021-11-24 10:45:25;0;95;15,75
2021-11-24 10:45:30;0;95;15,75
2021-11-24 10:45:35;0;95;15,75
2021-11-24 10:45:40;0;95;15,75
2021-11-24 10:45:45;0;95;15,75
2021-11-24 10:45:50;0;95;15,75
2021-11-24 10:45:55;0;95;15,75
2021-11-24 10:46:00;0;95;15,75
2021-11-24 10:46:05;0;95;15,75
2021-11-24 10:46:10;0;95;15,75
2021-11-24 10:46:15;0;95;15,75
2021-11-24 10:46:20;0;95;15,75
2021-11-24 10:46:25;0;95;15,75
2021-11-24 10:46:30;0;95;15,75
2021-11-24 10:46:35;0;95;15,75
2021-11-24 10:46:40;0;95;15,75
2021-11-24 10:46:45;0;95;15,75
2021-11-24 10:46:50;0;95;15,50
2021-11-24 10:46:55;0;95;15,75
2021-11-24 10:47:00;0;95;15,50
2021-11-24 10:47:05;0;95;15,50
2021-11-24 10:47:10;0;95;15,50
2021-11-24 10:47:15;0;95;15,50
2021-11-24 10:47:20;0;95;15,50
2021-11-24 10:47:25;0;95;15,50
2021-11-24 10:47:30;0;95;15,50
2021-11-24 10:47:35;0;95;15,50
2021-11-24 10:47:40;0;95;15,50
2021-11-24 10:47:45;0;95;15,50
2021-11-24 10:47:50;0;95;15,50
2021-11-24 10:47:55;0;95;15,50
2021-11-24 10:48:00;0;95;15,50
2021-11-24 10:48:05;0;95;15,50
2021-11-24 10:48:10;0;95;15,50
2021-11-24 10:48:15;0;95;15,50
2021-11-24 10:48:20;0;95;15,50
2021-11-24 10:48:25;0;95;15,50
2021-11-24 10:48:30;0;95;15,50
2021-11-24 10:48:35;0;95;15,50
2021-11-24 10:48:40;0;95;15,50
2021-11-24 10:48:45;0;95;15,50
2021-11-24 10:48:50;0;95;15,50
2021-11-24 10:48:55;0;95;15,50
2021-11-24 10:49:00;0;95;15,50
2021-11-24 10:49:05;0;95;15,50
2021-11-24 10:49:10;0;95;15,50
2021-11-24 10:49:15;0;95;15,50
2021-11-24 10:49:20;0;95;15,50
2021-11-24 10:49:25;0;95;15,50
2021-11-24 10:49:30;0;95;15,50
2021-11-24 10:49:35;0;95;15,50
2021-11-24 10:49:40;0;95;15,50
2021-11-24 10:49:45;0;95;15,50
2021-11-24 10:49:50;0;95;15,50
2021-11-24 10:49:55;0;95;15,50
2021-11-24 10:50:00;0;95;15,50
2021-11-24 10:50:05;0;95;15,50
2021-11-24 10:50:10;0;95;15,50
2021-11-24 10:50:15;0;95;15,50
2021-11-24 10:50:20;0;95;15,50
2021-11-24 10:50:25;0;95;15,50
2021-11-24 10:50:30;0;95;15,50
2021-11-24 10:50:35;0;95;15,50
2021-11-24 10:50:40;0;95;15,50
2021-11-24 10:50:45;0;95;15,25
2021-11-24 10:50:50;0;95;15,25
2021-11-24 10:50:55;0;95;15,50
2021-11-24 10:51:00;0;95;15,25
2021-11-24 10:51:05;0;95;15,25
2021-11-24 10:51:10;0;95;15,25
2021-11-24 10:51:15;0;95;15,25
2021-11-24 10:51:20;0;95;15,25
2021-11-24 10:51:25;0;95;15,25
2021-11-24 10:51:30;0;95;15,25
2021-11-24 10:51:35;0;95;15,25
2021-11-24 10:51:40;0;95;15,25
2021-11-24 10:51:45;0;95;15,25
2021-11-24 10:51:50;0;95;15,25
2021-11-24 10:51:55;0;95;15,25
2021-11-24 10:52:00;0;95;15,25
2021-11-24 10:52:05;0;95;15,25
2021-11-24 10:52:10;0;95;15,25
2021-11-24 10:52:15;0;95;15,25
2021-11-24 10:52:20;0;95;15,25
2021-11-24 10:52:25;0;95;15,25
2021-11-24 10:52:30;0;95;15,25
2021-11-24 10:52:35;0;95;15,25
2021-11-24 10:52:40;0;95;15,25
2021-11-24 10:52:45;0;95;15,25
2021-11-24 10:52:50;0;95;15,25
2021-11-24 10:52:55;0;95;15,25
2021-11-24 10:53:00;0;95;15,25
2021-11-24 10:53:05;0;95;15,25
2021-11-24 10:53:10;0;95;15,25
2021-11-24 10:53:15;0;95;15,25
2021-11-24 10:53:20;0;95;15,25
2021-11-24 10:53:25;0;95;15,25
2021-11-24 10:53:30;0;95;15,25
2021-11-24 10:53:35;0;95;15,25
2021-11-24 10:53:40;0;95;15,25
2021-11-24 10:53:45;0;95;15,25
2021-11-24 10:53:50;0;95;15,25
2021-11-24 10:53:55;0;95;15,25
2021-11-24 10:54:00;0;95;15,25
2021-11-24 10:54:05;0;95;15,25
2021-11-24 10:54:10;0;95;15,25
2021-11-24 10:54:15;0;95;15,25
2021-11-24 10:54:20;0;95;15,25
2021-11-24 10:54:25;0;95;15,25
2021-11-24 10:54:30;0;95;15,25
2021-11-24 10:54:35;0;95;15,25
2021-11-24 10:54:40;0;95;15,25
2021-11-24 10:54:45;0;95;15,25
2021-11-24 10:54:50;0;95;15,25
2021-11-24 10:54:55;0;95;15,25
2021-11-24 10:55:00;0;95;15,25
2021-11-24 10:55:05;0;95;15,25
2021-11-24 10:55:10;0;95;15,25
2021-11-24 10:55:15;0;95;15,25
2021-11-24 10:55:20;0;95;15,25
2021-11-24 10:55:25;0;95;15,25
2021-11-24 10:55:30;0;95;15,25
2021-11-24 10:55:35;0;95;15,25
2021-11-24 10:55:40;0;95;15,25
2021-11-24 10:55:45;0;95;15,25
2021-11-24 10:55:50;0;95;15,00
2021-11-24 10:55:55;0;95;15,00
2021-11-24 10:56:00;0;95;15,25
2021-11-24 10:56:05;0;95;15,25
2021-11-24 10:56:10;0;95;15,25
2021-11-24 10:56:15;0;95;15,00
2021-11-24 10:56:20;0;95;15,00
2021-11-24 10:56:25;0;95;15,00
2021-11-24 10:56:30;0;95;15,00
2021-11-24 10:56:35;0;95;15,00
2021-11-24 10:56:40;0;95;15,25
2021-11-24 10:56:45;0;95;15,00
2021-11-24 10:56:50;0;95;15,00
2021-11-24 10:56:55;0;95;15,00
2021-11-24 10:57:00;0;95;15,00
2021-11-24 10:57:05;0;95;15,00
2021-11-24 10:57:10;0;95;15,00
2021-11-24 10:57:15;0;95;15,00
2021-11-24 10:57:20;0;95;15,00
2021-11-24 10:57:25;0;95;15,00
2021-11-24 10:57:30;0;95;15,00
2021-11-24 10:57:35;0;95;15,00
2021-11-24 10:57:40;0;95;15,00
2021-11-24 10:57:45;0;95;15,00
2021-11-24 10:57:50;0;95;15,00
2021-11-24 10:57:55;0;95;15,00
2021-11-24 10:58:00;0;95;15,00
2021-11-24 10:58:05;0;95;15,00
2021-11-24 10:58:10;0;95;15,00
2021-11-24 10:58:15;0;95;15,00
2021-11-24 10:58:20;0;95;15,00
2021-11-24 10:58:25;0;95;15,00
2021-11-24 10:58:30;0;95;15,00
2021-11-24 10:58:35;0;95;15,00
2021-11-24 10:58:40;0;95;15,00
2021-11-24 10:58:45;0;95;15,00
2021-11-24 10:58:50;0;95;15,00
2021-11-24 10:58:55;0;95;15,00
2021-11-24 10:59:00;0;95;15,00
2021-11-24 10:59:05;0;95;15,00
2021-11-24 10:59:10;0;95;15,00
2021-11-24 10:59:15;0;95;15,00
2021-11-24 10:59:20;0;95;15,00
2021-11-24 10:59:25;0;95;15,00
2021-11-24 10:59:30;0;95;15,00
2021-11-24 10:59:35;0;95;15,00
2021-11-24 10:59:40;0;95;15,00
2021-11-24 10:59:45;0;95;15,00
2021-11-24 10:59:50;0;95;15,00
2021-11-24 10:59:55;0;95;15,00
2021-11-24 11:00:00;0;95;15,00
2021-11-24 11:00:05;0;95;15,00
2021-11-24 11:00:10;0;95;15,00
2021-11-24 11:00:15;0;95;15,00
2021-11-24 11:00:20;0;95;15,00
2021-11-24 11:00:25;0;95;15,00
2021-11-24 11:00:30;0;95;15,00
2021-11-24 11:00:35;0;95;15,00
2021-11-24 11:00:40;0;95;15,00
2021-11-24 11:00:45;0;95;15,00
2021-11-24 11:00:50;0;95;15,00
2021-11-24 11:00:55;0;95;15,00
2021-11-24 11:01:00;0;95;15,00
2021-11-24 11:01:05;0;95;15,00
2021-11-24 11:01:10;0;95;15,00
2021-11-24 11:01:15;0;95;15,00
2021-11-24 11:01:20;0;95;15,00
2021-11-24 11:01:25;0;95;15,00
2021-11-24 11:01:30;0;95;15,00
2021-11-24 11:01:35;0;95;15,00
2021-11-24 11:01:40;0;95;15,00
2021-11-24 11:01:45;0;95;15,00
2021-11-24 11:01:50;0;95;15,00
2021-11-24 11:01:55;0;95;15,00
2021-11-24 11:02:00;0;95;15,00
2021-11-24 11:02:05;0;95;15,00
2021-11-24 11:02:10;0;95;15,00
2021-11-24 11:02:15;0;95;15,00
2021-11-24 11:02:20;0;95;15,00
2021-11-24 11:02:25;0;95;15,00
2021-11-24 11:02:30;0;95;15,00
2021-11-24 11:02:35;0;95;15,00
2021-11-24 11:02:40;0;95;15,00
2021-11-24 11:02:45;0;95;15,00
2021-11-24 11:02:50;0;95;15,00
2021-11-24 11:02:55;0;95;15,00
2021-11-24 11:03:00;0;95;15,00
2021-11-24 11:03:05;0;95;15,00
2021-11-24 11:03:10;0;95;14,75
2021-11-24 11:03:15;0;95;14,75
2021-11-24 11:03:20;0;95;15,00
2021-11-24 11:03:25;0;95;15,00
2021-11-24 11:03:30;0;95;15,00
2021-11-24 11:03:35;0;95;15,00
2021-11-24 11:03:40;0;95;14,75
2021-11-24 11:03:45;0;95;14,75
2021-11-24 11:03:50;0;95;15,00
2021-11-24 11:03:55;0;95;14,75
2021-11-24 11:04:00;0;95;14,75
2021-11-24 11:04:05;0;95;14,75
2021-11-24 11:04:10;0;95;14,75
2021-11-24 11:04:15;0;95;14,75
2021-11-24 11:04:20;0;95;14,75
2021-11-24 11:04:25;0;95;14,75
2021-11-24 11:04:30;0;95;14,75
2021-11-24 11:04:35;0;95;14,75
2021-11-24 11:04:40;0;95;15,00
2021-11-24 11:04:45;0;95;14,75
2021-11-24 11:04:50;0;95;14,75
2021-11-24 11:04:55;0;95;14,75
2021-11-24 11:05:00;0;95;14,75
2021-11-24 11:05:05;0;95;14,75
2021-11-24 11:05:10;0;95;14,75
2021-11-24 11:05:15;0;95;14,75
2021-11-24 11:05:20;0;95;14,75
2021-11-24 11:05:25;0;95;14,75
2021-11-24 11:05:30;0;95;14,75
2021-11-24 11:05:35;0;95;14,75
2021-11-24 11:05:40;0;95;14,75
2021-11-24 11:05:45;0;95;14,75
2021-11-24 11:05:50;0;95;14,75
2021-11-24 11:05:55;0;95;14,75
2021-11-24 11:06:00;0;95;14,75
2021-11-24 11:06:05;0;95;14,75
2021-11-24 11:06:10;0;95;14,75
2021-11-24 11:06:15;0;95;14,75
2021-11-24 11:06:20;0;95;14,75
2021-11-24 11:06:25;0;95;14,75
2021-11-24 11:06:30;0;95;14,75
2021-11-24 11:06:35;0;95;14,75
2021-11-24 11:06:40;0;95;14,75
2021-11-24 11:06:45;0;95;14,75
2021-11-24 11:06:50;0;95;14,75
2021-11-24 11:06:55;0;95;14,75
2021-11-24 11:07:00;0;95;14,75
2021-11-24 11:07:05;0;95;14,75
2021-11-24 11:07:10;0;95;14,75
2021-11-24 11:07:15;0;95;14,75
2021-11-24 11:07:20;0;95;14,75
2021-11-24 11:07:25;0;95;14,75
2021-11-24 11:07:30;0;95;14,75
2021-11-24 11:07:35;0;95;14,75
2021-11-24 11:07:40;0;95;14,75
2021-11-24 11:07:45;0;95;14,75
2021-11-24 11:07:50;0;95;14,75
2021-11-24 11:07:55;0;95;14,75
2021-11-24 11:08:00;0;95;14,75
2021-11-24 11:08:05;0;95;14,75
2021-11-24 11:08:10;0;95;14,75
2021-11-24 11:08:15;0;95;14,75
2021-11-24 11:08:20;0;95;14,75
2021-11-24 11:08:25;0;95;14,75
2021-11-24 11:08:30;0;95;14,75
2021-11-24 11:08:35;0;95;14,75
2021-11-24 11:08:40;0;95;14,75
2021-11-24 11:08:45;0;95;14,75
2021-11-24 11:08:50;0;95;14,75
2021-11-24 11:08:55;0;95;14,75
2021-11-24 11:09:00;0;95;14,75
2021-11-24 11:09:05;0;95;14,75
2021-11-24 11:09:10;0;95;14,75
2021-11-24 11:09:15;0;95;14,75
2021-11-24 11:09:20;0;95;14,75
2021-11-24 11:09:25;0;95;14,75
2021-11-24 11:09:30;0;95;14,75
2021-11-24 11:09:35;0;95;14,75
2021-11-24 11:09:40;0;95;14,75
2021-11-24 11:09:45;0;95;14,75
2021-11-24 11:09:50;0;95;14,75
2021-11-24 11:09:55;0;95;14,75
2021-11-24 11:10:00;0;95;14,75
2021-11-24 11:10:05;0;95;14,75
2021-11-24 11:10:10;0;95;14,75
2021-11-24 11:10:15;0;95;14,75
2021-11-24 11:10:20;0;95;14,75
2021-11-24 11:10:25;0;95;14,75
2021-11-24 11:10:30;0;95;14,75
2021-11-24 11:10:35;0;95;14,75
2021-11-24 11:10:40;0;95;14,75
2021-11-24 11:10:45;0;95;14,75
2021-11-24 11:10:50;0;95;14,75
2021-11-24 11:10:55;0;95;14,75
2021-11-24 11:11:00;0;95;14,75
2021-11-24 11:11:05;0;95;14,75
2021-11-24 11:11:10;0;95;14,75
2021-11-24 11:11:15;0;95;14,75
2021-11-24 11:11:20;0;95;14,75
2021-11-24 11:11:25;0;95;14,75
2021-11-24 11:11:30;0;95;14,75
2021-11-24 11:11:35;0;95;14,75
2021-11-24 11:11:40;0;95;14,75
2021-11-24 11:11:45;0;95;14,75
2021-11-24 11:11:50;0;95;14,75
2021-11-24 11:11:55;0;95;14,75
2021-11-24 11:12:00;0;95;14,75
2021-11-24 11:12:05;0;95;14,75
2021-11-24 11:12:10;0;95;14,75
2021-11-24 11:12:15;0;95;14,75
2021-11-24 11:12:20;0;95;14,75
2021-11-24 11:12:25;0;95;14,75
2021-11-24 11:12:30;0;95;14,75
2021-11-24 11:12:35;0;95;14,75
2021-11-24 11:12:40;0;95;14,75
2021-11-24 11:12:45;0;95;14,75
2021-11-24 11:12:50;0;95;14,75
2021-11-24 11:12:55;0;95;14,75
2021-11-24 11:13:00;0;95;14,75
2021-11-24 11:13:05;0;95;14,75
2021-11-24 11:13:10;0;95;14,75
2021-11-24 11:13:15;0;95;14,75
2021-11-24 11:13:20;0;95;14,75
2021-11-24 11:13:25;0;95;14,75
2021-11-24 11:13:30;0;95;14,75
2021-11-24 11:13:35;0;95;14,75
2021-11-24 11:13:40;0;95;14,75
2021-11-24 11:13:45;0;95;14,75
2021-11-24 11:13:50;0;95;14,75
2021-11-24 11:13:55;0;95;14,75
2021-11-24 11:14:00;0;95;14,75
2021-11-24 11:14:05;0;95;14,75
2021-11-24 11:14:10;0;95;14,75
2021-11-24 11:14:15;0;95;14,75
2021-11-24 11:14:20;0;95;14,75
2021-11-24 11:14:25;0;95;14,75
2021-11-24 11:14:30;0;95;14,75
2021-11-24 11:14:35;0;95;14,75
2021-11-24 11:14:40;0;95;14,75
2021-11-24 11:14:45;0;95;14,75
2021-11-24 11:14:50;0;95;14,75
2021-11-24 11:14:55;0;95;14,75
2021-11-24 11:15:00;0;95;14,75
2021-11-24 11:15:05;0;95;14,75
2021-11-24 11:15:10;0;95;14,75
2021-11-24 11:15:15;0;95;14,75
2021-11-24 11:15:20;0;95;14,75
2021-11-24 11:15:25;0;95;14,75
2021-11-24 11:15:30;0;95;14,75
2021-11-24 11:15:35;0;95;14,75
2021-11-24 11:15:40;0;95;14,75
2021-11-24 11:15:45;0;95;14,75
2021-11-24 11:15:50;0;95;14,75
2021-11-24 11:15:55;0;95;14,75
2021-11-24 11:16:00;0;95;14,75
2021-11-24 11:16:05;0;95;14,75
2021-11-24 11:16:10;0;95;14,75
2021-11-24 11:16:15;0;95;14,75
2021-11-24 11:16:20;0;95;14,75
2021-11-24 11:16:25;0;95;14,75
2021-11-24 11:16:30;0;95;14,75
2021-11-24 11:16:35;0;95;14,75
2021-11-24 11:16:40;0;95;14,75
2021-11-24 11:16:45;0;95;14,75
2021-11-24 11:16:50;0;95;14,75
2021-11-24 11:16:55;0;95;14,75
2021-11-24 11:17:00;0;95;14,75
2021-11-24 11:17:05;0;95;14,75
2021-11-24 11:17:10;0;95;14,75
2021-11-24 11:17:15;0;95;14,75
2021-11-24 11:17:20;0;95;14,75
2021-11-24 11:17:25;0;95;14,75
2021-11-24 11:17:30;0;95;14,75
2021-11-24 11:17:35;0;95;14,75
2021-11-24 11:17:40;0;95;14,75
2021-11-24 11:17:45;0;95;14,75
2021-11-24 11:17:50;0;95;14,75
2021-11-24 11:17:55;0;95;14,75
2021-11-24 11:18:00;0;95;14,75
2021-11-24 11:18:05;0;95;14,75
2021-11-24 11:18:10;0;95;14,50
2021-11-24 11:18:15;0;95;14,75
2021-11-24 11:18:20;0;95;14,75
2021-11-24 11:18:25;0;95;14,75
2021-11-24 11:18:30;0;95;14,50
2021-11-24 11:18:35;0;95;14,75
2021-11-24 11:18:40;0;95;14,50
2021-11-24 11:18:45;0;95;14,75
2021-11-24 11:18:50;0;95;14,75
2021-11-24 11:18:55;0;95;14,75
2021-11-24 11:19:00;0;95;14,75
2021-11-24 11:19:05;0;95;14,75
2021-11-24 11:19:10;0;95;14,75
2021-11-24 11:19:15;0;95;14,50
2021-11-24 11:19:20;0;95;14,50
2021-11-24 11:19:25;0;95;14,50
2021-11-24 11:19:30;0;95;14,75
2021-11-24 11:19:35;0;95;14,75
2021-11-24 11:19:40;0;95;14,50
2021-11-24 11:19:45;0;95;14,50
2021-11-24 11:19:50;0;95;14,75
2021-11-24 11:19:55;0;95;14,50
2021-11-24 11:20:00;0;95;14,50
2021-11-24 11:20:05;0;95;14,50
2021-11-24 11:20:10;0;95;14,75
2021-11-24 11:20:15;0;95;14,50
2021-11-24 11:20:20;0;95;14,50
2021-11-24 11:20:25;0;95;14,50
2021-11-24 11:20:30;0;95;14,50
2021-11-24 11:20:35;0;95;14,50
2021-11-24 11:20:40;0;95;14,50
2021-11-24 11:20:45;0;95;14,50
2021-11-24 11:20:50;0;95;14,50
2021-11-24 11:20:55;0;95;14,50
2021-11-24 11:21:00;0;95;14,50
2021-11-24 11:21:05;0;95;14,50
2021-11-24 11:21:10;0;95;14,50
2021-11-24 11:21:15;0;95;14,50
2021-11-24 11:21:20;0;95;14,50
2021-11-24 11:21:25;0;95;14,50
2021-11-24 11:21:30;0;95;14,50
2021-11-24 11:21:35;0;95;14,50
2021-11-24 11:21:40;0;95;14,50
2021-11-24 11:21:45;0;95;14,50
2021-11-24 11:21:50;0;95;14,50
2021-11-24 11:21:55;0;95;14,50
2021-11-24 11:22:00;0;95;14,50
2021-11-24 11:22:05;0;95;14,50
2021-11-24 11:22:10;0;95;14,50
2021-11-24 11:22:15;0;95;14,50
2021-11-24 11:22:20;0;95;14,50
2021-11-24 11:22:25;0;95;14,50
2021-11-24 11:22:30;0;95;14,50
2021-11-24 11:22:35;0;95;14,50
2021-11-24 11:22:40;0;95;14,50
2021-11-24 11:22:45;0;95;14,50
2021-11-24 11:22:50;0;95;14,50
2021-11-24 11:22:55;0;95;14,50
2021-11-24 11:23:00;0;95;14,50
2021-11-24 11:23:05;0;95;14,50
2021-11-24 11:23:10;0;95;14,50
2021-11-24 11:23:15;0;95;14,50
2021-11-24 11:23:20;0;95;14,50
2021-11-24 11:23:25;0;95;14,50
2021-11-24 11:23:30;0;95;14,50
2021-11-24 11:23:35;0;95;14,50
2021-11-24 11:23:40;0;95;14,50
2021-11-24 11:23:45;0;95;14,50
2021-11-24 11:23:50;0;95;14,50
2021-11-24 11:23:55;0;95;14,50
2021-11-24 11:24:00;0;95;14,50
2021-11-24 11:24:05;0;95;14,50
2021-11-24 11:24:10;0;95;14,50
2021-11-24 11:24:15;0;95;14,50
2021-11-24 11:24:20;0;95;14,50
2021-11-24 11:24:25;0;95;14,75
2021-11-24 11:24:30;0;95;14,50
2021-11-24 11:24:35;0;95;14,50
2021-11-24 11:24:40;0;95;14,50
2021-11-24 11:24:45;0;95;14,50
2021-11-24 11:24:50;0;95;14,50
2021-11-24 11:24:55;0;95;14,50
2021-11-24 11:25:00;0;95;14,50
2021-11-24 11:25:05;0;95;14,50
2021-11-24 11:25:10;0;95;14,50
2021-11-24 11:25:15;0;95;14,75
2021-11-24 11:25:20;0;95;14,50
2021-11-24 11:25:25;0;95;14,50
2021-11-24 11:25:30;0;95;14,50
2021-11-24 11:25:35;0;95;14,50
2021-11-24 11:25:40;0;95;14,50
2021-11-24 11:25:45;0;95;14,50
2021-11-24 11:25:50;0;95;14,50
2021-11-24 11:25:55;0;95;14,50
2021-11-24 11:26:00;0;95;14,50
2021-11-24 11:26:05;0;95;14,50
2021-11-24 11:26:10;0;95;14,50
2021-11-24 11:26:15;0;95;14,50
2021-11-24 11:26:20;0;95;14,50
2021-11-24 11:26:25;0;95;14,50
2021-11-24 11:26:30;0;95;14,50
2021-11-24 11:26:35;0;95;14,50
2021-11-24 11:26:40;0;95;14,50
2021-11-24 11:26:45;0;95;14,50
2021-11-24 11:26:50;0;95;14,50
2021-11-24 11:26:55;0;95;14,50
2021-11-24 11:27:00;0;95;14,50
2021-11-24 11:27:05;0;95;14,50
2021-11-24 11:27:10;0;95;14,50
2021-11-24 11:27:15;0;95;14,50
2021-11-24 11:27:20;0;95;14,50
2021-11-24 11:27:25;0;95;14,50
2021-11-24 11:27:30;0;95;14,50
2021-11-24 11:27:35;0;95;14,50
2021-11-24 11:27:40;0;95;14,50
2021-11-24 11:27:45;0;95;14,50
2021-11-24 11:27:50;0;95;14,50
2021-11-24 11:27:55;0;95;14,50
2021-11-24 11:28:00;0;95;14,50
2021-11-24 11:28:05;0;95;14,50
2021-11-24 11:28:10;0;95;14,50
2021-11-24 11:28:15;0;95;14,50
2021-11-24 11:28:20;0;95;14,50
2021-11-24 11:28:25;0;95;14,50
2021-11-24 11:28:30;0;95;14,50
2021-11-24 11:28:35;0;95;14,50
2021-11-24 11:28:40;0;95;14,50
2021-11-24 11:28:45;0;95;14,50
2021-11-24 11:28:50;0;95;14,50
2021-11-24 11:28:55;0;95;14,50
2021-11-24 11:29:00;0;95;14,50
2021-11-24 11:29:05;0;95;14,50
2021-11-24 11:29:10;0;95;14,50
2021-11-24 11:29:15;0;95;14,50
2021-11-24 11:29:20;0;95;14,50
2021-11-24 11:29:25;0;95;14,50
2021-11-24 11:29:30;0;95;14,50
2021-11-24 11:29:35;0;95;14,50
2021-11-24 11:29:40;0;95;14,50
2021-11-24 11:29:45;0;95;14,50
2021-11-24 11:29:50;0;95;14,50
2021-11-24 11:29:55;0;95;14,50
2021-11-24 11:30:00;0;95;14,50
2021-11-24 11:30:05;0;95;14,50
2021-11-24 11:30:10;0;95;14,50
2021-11-24 11:30:15;0;95;14,50
2021-11-24 11:30:20;0;95;14,50
2021-11-24 11:30:25;0;95;14,50
2021-11-24 11:30:30;0;95;14,50
2021-11-24 11:30:35;0;95;14,50
2021-11-24 11:30:40;0;95;14,50
2021-11-24 11:30:45;0;95;14,50
2021-11-24 11:30:50;0;95;14,50
2021-11-24 11:30:55;0;95;14,50
2021-11-24 11:31:00;0;95;14,50
2021-11-24 11:31:05;0;95;14,50
2021-11-24 11:31:10;0;95;14,50
2021-11-24 11:31:15;0;95;14,50
2021-11-24 11:31:20;0;95;14,50
2021-11-24 11:31:25;0;95;14,50
2021-11-24 11:31:30;0;95;14,50
2021-11-24 11:31:35;0;95;14,50
2021-11-24 11:31:40;0;95;14,50
2021-11-24 11:31:45;0;95;14,50
2021-11-24 11:31:50;0;95;14,50
2021-11-24 11:31:55;0;95;14,50
2021-11-24 11:32:00;0;95;14,50
2021-11-24 11:32:05;0;95;14,50
2021-11-24 11:32:10;0;95;14,50
2021-11-24 11:32:15;0;95;14,50
2021-11-24 11:32:20;0;95;14,50
2021-11-24 11:32:25;0;95;14,50
2021-11-24 11:32:30;0;95;14,50
2021-11-24 11:32:35;0;95;14,50
2021-11-24 11:32:40;0;95;14,50
2021-11-24 11:32:45;0;95;14,50
2021-11-24 11:32:50;0;95;14,50
2021-11-24 11:32:55;0;95;14,50
2021-11-24 11:33:00;0;95;14,50
2021-11-24 11:33:05;0;95;14,50
2021-11-24 11:33:10;0;95;14,50
2021-11-24 11:33:15;0;95;14,50
2021-11-24 11:33:20;0;95;14,50
2021-11-24 11:33:25;0;95;14,50
2021-11-24 11:33:30;0;95;14,50
2021-11-24 11:33:35;0;95;14,50
2021-11-24 11:33:40;0;95;14,50
2021-11-24 11:33:45;0;95;14,50
2021-11-24 11:33:50;0;95;14,50
2021-11-24 11:33:55;0;95;14,50
2021-11-24 11:34:00;0;95;14,50
2021-11-24 11:34:05;0;95;14,50
2021-11-24 11:34:10;0;95;14,50
2021-11-24 11:34:15;0;95;14,50
2021-11-24 11:34:20;0;95;14,50
2021-11-24 11:34:25;0;95;14,50
2021-11-24 11:34:30;0;95;14,50
2021-11-24 11:34:35;0;95;14,50
2021-11-24 11:34:40;0;95;14,50
2021-11-24 11:34:45;0;95;14,50
2021-11-24 11:34:50;0;95;14,50
2021-11-24 11:34:55;0;95;14,50
2021-11-24 11:35:00;0;95;14,50
2021-11-24 11:35:05;0;95;14,50
2021-11-24 11:35:10;0;95;14,50
2021-11-24 11:35:15;0;95;14,50
2021-11-24 11:35:20;0;95;14,50
2021-11-24 11:35:25;0;95;14,50
2021-11-24 11:35:30;0;95;14,50
2021-11-24 11:35:35;0;95;14,50
2021-11-24 11:35:40;0;95;14,50
2021-11-24 11:35:45;0;95;14,50
2021-11-24 11:35:50;0;95;14,50
2021-11-24 11:35:55;0;95;14,50
2021-11-24 11:36:00;0;95;14,50
2021-11-24 11:36:05;0;95;14,50
2021-11-24 11:36:10;0;95;14,50
2021-11-24 11:36:15;0;95;14,50
2021-11-24 11:36:20;0;95;14,50
2021-11-24 11:36:25;0;95;14,50
2021-11-24 11:36:30;0;95;14,50
2021-11-24 11:36:35;0;95;14,50
2021-11-24 11:36:40;0;95;14,50
2021-11-24 11:36:45;0;95;14,50
2021-11-24 11:36:50;0;95;14,50
2021-11-24 11:36:55;0;95;14,50
2021-11-24 11:37:00;0;95;14,50
2021-11-24 11:37:05;0;95;14,50
2021-11-24 11:37:10;0;95;14,50
2021-11-24 11:37:15;0;95;14,50
2021-11-24 11:37:20;0;95;14,50
2021-11-24 11:37:25;0;95;14,50
2021-11-24 11:37:30;0;95;14,50
2021-11-24 11:37:35;0;95;14,50
2021-11-24 11:37:40;0;95;14,50
2021-11-24 11:37:45;0;95;14,50
2021-11-24 11:37:50;0;95;14,50
2021-11-24 11:37:55;0;95;14,50
2021-11-24 11:38:00;0;95;14,50
2021-11-24 11:38:05;0;95;14,50
2021-11-24 11:38:10;0;95;14,50
2021-11-24 11:38:15;0;95;14,50
2021-11-24 11:38:20;0;95;14,50
2021-11-24 11:38:25;0;95;14,50
2021-11-24 11:38:30;0;95;14,50
2021-11-24 11:38:35;0;95;14,50
2021-11-24 11:38:40;0;95;14,50
2021-11-24 11:38:45;0;95;14,50
2021-11-24 11:38:50;0;95;14,50
2021-11-24 11:38:55;0;95;14,50
2021-11-24 11:39:00;0;95;14,50
2021-11-24 11:39:05;0;95;14,50
2021-11-24 11:39:10;0;95;14,50
2021-11-24 11:39:15;0;95;14,50
2021-11-24 11:39:20;0;95;14,50
2021-11-24 11:39:25;0;95;14,50
2021-11-24 11:39:30;0;95;14,50
2021-11-24 11:39:35;0;95;14,50
2021-11-24 11:39:40;0;95;14,50
2021-11-24 11:39:45;0;95;14,50
2021-11-24 11:39:50;0;95;14,50
2021-11-24 11:39:55;0;95;14,50
2021-11-24 11:40:00;0;95;14,50
2021-11-24 11:40:05;0;95;14,50
2021-11-24 11:40:10;0;95;14,50
2021-11-24 11:40:15;0;95;14,50
2021-11-24 11:40:20;0;95;14,50
2021-11-24 11:40:25;0;95;14,50
2021-11-24 11:40:30;0;95;14,50
2021-11-24 11:40:35;0;95;14,50
2021-11-24 11:40:40;0;95;14,50
2021-11-24 11:40:45;0;95;14,50
2021-11-24 11:40:50;0;95;14,50
2021-11-24 11:40:55;0;95;14,50
2021-11-24 11:41:00;0;95;14,50
2021-11-24 11:41:05;0;95;14,50
2021-11-24 11:41:10;0;95;14,50
2021-11-24 11:41:15;0;95;14,50
2021-11-24 11:41:20;0;95;14,50
2021-11-24 11:41:25;0;95;14,50
2021-11-24 11:41:30;0;95;14,50
2021-11-24 11:41:35;0;95;14,50
2021-11-24 11:41:40;0;95;14,50
2021-11-24 11:41:45;0;95;14,50
2021-11-24 11:41:50;0;95;14,50
2021-11-24 11:41:55;0;95;14,50
2021-11-24 11:42:00;0;95;14,50
2021-11-24 11:42:05;0;95;14,50
2021-11-24 11:42:10;0;95;14,50
2021-11-24 11:42:15;0;95;14,50
2021-11-24 11:42:20;0;95;14,50
2021-11-24 11:42:25;0;95;14,50
2021-11-24 11:42:30;0;95;14,50
2021-11-24 11:42:35;0;95;14,50
2021-11-24 11:42:40;0;95;14,50
2021-11-24 11:42:45;0;95;14,50
2021-11-24 11:42:50;0;95;14,50
2021-11-24 11:42:55;0;95;14,50
2021-11-24 11:43:00;0;95;14,50
2021-11-24 11:43:05;0;95;14,50
2021-11-24 11:43:10;0;95;14,50
2021-11-24 11:43:15;0;95;14,50
2021-11-24 11:43:20;0;95;14,50
2021-11-24 11:43:25;0;95;14,50
2021-11-24 11:43:30;0;95;14,50
2021-11-24 11:43:35;0;95;14,50
2021-11-24 11:43:40;0;95;14,50
2021-11-24 11:43:45;0;95;14,50
2021-11-24 11:43:50;0;95;14,50
2021-11-24 11:43:55;0;95;14,50
2021-11-24 11:44:00;0;95;14,50
2021-11-24 11:44:05;0;95;14,50
2021-11-24 11:44:10;0;95;14,50
2021-11-24 11:44:15;0;95;14,50
2021-11-24 11:44:20;0;95;14,50
2021-11-24 11:44:25;0;95;14,50
2021-11-24 11:44:30;0;95;14,50
2021-11-24 11:44:35;0;95;14,50
2021-11-24 11:44:40;0;95;14,50
2021-11-24 11:44:45;0;95;14,50
2021-11-24 11:44:50;0;95;14,50
2021-11-24 11:44:55;0;95;14,50
2021-11-24 11:45:00;0;95;14,50
2021-11-24 11:45:05;0;95;14,50
2021-11-24 11:45:10;0;95;14,50
2021-11-24 11:45:15;0;95;14,50
2021-11-24 11:45:20;0;95;14,50
2021-11-24 11:45:25;0;95;14,50
2021-11-24 11:45:30;0;95;14,50
2021-11-24 11:45:35;0;95;14,50
2021-11-24 11:45:40;0;95;14,50
2021-11-24 11:45:45;0;95;14,50
2021-11-24 11:45:50;0;95;14,50
2021-11-24 11:45:55;0;95;14,50
2021-11-24 11:46:00;0;95;14,50
2021-11-24 11:46:05;0;95;14,50
2021-11-24 11:46:10;0;95;14,50
2021-11-24 11:46:15;0;95;14,50
2021-11-24 11:46:20;0;95;14,50
2021-11-24 11:46:25;0;95;14,50
2021-11-24 11:46:30;0;95;14,50
2021-11-24 11:46:35;0;95;14,50
2021-11-24 11:46:40;0;95;14,50
2021-11-24 11:46:45;0;95;14,50
2021-11-24 11:46:50;0;95;14,50
2021-11-24 11:46:55;0;95;14,50
2021-11-24 11:47:00;0;95;14,50
2021-11-24 11:47:05;0;95;14,50
2021-11-24 11:47:10;0;95;14,50
2021-11-24 11:47:15;0;95;14,50
2021-11-24 11:47:20;0;95;14,50
2021-11-24 11:47:25;0;95;14,50
2021-11-24 11:47:30;0;95;14,50
2021-11-24 11:47:35;0;95;14,50
2021-11-24 11:47:40;0;95;14,50
2021-11-24 11:47:45;0;95;14,50
2021-11-24 11:47:50;0;95;14,50
2021-11-24 11:47:55;0;95;14,50
2021-11-24 11:48:00;0;95;14,50
2021-11-24 11:48:05;0;95;14,50
2021-11-24 11:48:10;0;95;14,50
2021-11-24 11:48:15;0;95;14,50
2021-11-24 11:48:20;0;95;14,50
2021-11-24 11:48:25;0;95;14,50
2021-11-24 11:48:30;0;95;14,50
2021-11-24 11:48:35;0;95;14,50
2021-11-24 11:48:40;0;95;14,50
2021-11-24 11:48:45;0;95;14,50
2021-11-24 11:48:50;0;95;14,50
2021-11-24 11:48:55;0;95;14,50
2021-11-24 11:49:00;0;95;14,50
2021-11-24 11:49:05;0;95;14,50
2021-11-24 11:49:10;0;95;14,50
2021-11-24 11:49:15;0;95;14,50
2021-11-24 11:49:20;0;95;14,50
2021-11-24 11:49:25;0;95;14,50
2021-11-24 11:49:30;0;95;14,50
2021-11-24 11:49:35;0;95;14,50
2021-11-24 11:49:40;0;95;14,50
2021-11-24 11:49:45;0;95;14,50
2021-11-24 11:49:50;0;95;14,50
2021-11-24 11:49:55;0;95;14,50
2021-11-24 11:50:00;0;95;14,50
2021-11-24 11:50:05;0;95;14,50
2021-11-24 11:50:10;0;95;14,50
2021-11-24 11:50:15;0;95;14,50
2021-11-24 11:50:20;0;95;14,50
2021-11-24 11:50:25;0;95;14,50
2021-11-24 11:50:30;0;95;14,50
2021-11-24 11:50:35;0;95;14,50
2021-11-24 11:50:40;0;95;14,50
2021-11-24 11:50:45;0;95;14,50
2021-11-24 11:50:50;0;95;14,50
2021-11-24 11:50:55;0;95;14,50
2021-11-24 11:51:00;0;95;14,50
2021-11-24 11:51:05;0;95;14,50
2021-11-24 11:51:10;0;95;14,50
2021-11-24 11:51:15;0;95;14,50
2021-11-24 11:51:20;0;95;14,50
2021-11-24 11:51:25;0;95;14,50
2021-11-24 11:51:30;0;95;14,50
2021-11-24 11:51:35;0;95;14,50
2021-11-24 11:51:40;0;95;14,50
2021-11-24 11:51:45;0;95;14,50
2021-11-24 11:51:50;0;95;14,50
2021-11-24 11:51:55;0;95;14,50
2021-11-24 11:52:00;0;95;14,50
2021-11-24 11:52:05;0;95;14,50
2021-11-24 11:52:10;0;95;14,50
2021-11-24 11:52:15;0;95;14,50
2021-11-24 11:52:20;0;95;14,50
2021-11-24 11:52:25;0;95;14,50
2021-11-24 11:52:30;0;95;14,50
2021-11-24 11:52:35;0;95;14,50
2021-11-24 11:52:40;0;95;14,50
2021-11-24 11:52:45;0;95;14,50
2021-11-24 11:52:50;0;95;14,50
2021-11-24 11:52:55;0;95;14,50
2021-11-24 11:53:00;0;95;14,50
2021-11-24 11:53:05;0;95;14,50
2021-11-24 11:53:10;0;95;14,50
2021-11-24 11:53:15;0;95;14,50
2021-11-24 11:53:20;0;95;14,50
2021-11-24 11:53:25;0;95;14,50
2021-11-24 11:53:30;0;95;14,50
2021-11-24 11:53:35;0;95;14,50
2021-11-24 11:53:40;0;95;14,50
2021-11-24 11:53:45;0;95;14,50
2021-11-24 11:53:50;0;95;14,50
2021-11-24 11:53:55;0;95;14,50
2021-11-24 11:54:00;0;95;14,50
2021-11-24 11:54:05;0;95;14,50
2021-11-24 11:54:10;0;95;14,50
2021-11-24 11:54:15;0;95;14,50
2021-11-24 11:54:20;0;95;14,50
2021-11-24 11:54:25;0;95;14,50
2021-11-24 11:54:30;0;95;14,50
2021-11-24 11:54:35;0;95;14,50
2021-11-24 11:54:40;0;95;14,50
2021-11-24 11:54:45;0;95;14,50
2021-11-24 11:54:50;0;95;14,50
2021-11-24 11:54:55;0;95;14,50
2021-11-24 11:55:00;0;95;14,50
2021-11-24 11:55:05;0;95;14,50
2021-11-24 11:55:10;0;95;14,50
2021-11-24 11:55:15;0;95;14,50
2021-11-24 11:55:20;0;95;14,50
2021-11-24 11:55:25;0;95;14,50
2021-11-24 11:55:30;0;95;14,50
2021-11-24 11:55:35;0;95;14,50
2021-11-24 11:55:40;0;95;14,50
2021-11-24 11:55:45;0;95;14,50
2021-11-24 11:55:50;0;95;14,50
2021-11-24 11:55:55;0;95;14,50
2021-11-24 11:56:00;0;95;14,50
2021-11-24 11:56:05;0;95;14,50
2021-11-24 11:56:10;0;95;14,50
2021-11-24 11:56:15;0;95;14,50
2021-11-24 11:56:20;0;95;14,50
2021-11-24 11:56:25;0;95;14,50
2021-11-24 11:56:30;0;95;14,50
2021-11-24 11:56:35;0;95;14,50
2021-11-24 11:56:40;0;95;14,50
2021-11-24 11:56:45;0;95;14,50
2021-11-24 11:56:50;0;95;14,50
2021-11-24 11:56:55;0;95;14,50
2021-11-24 11:57:00;0;95;14,50
2021-11-24 11:57:05;0;95;14,50
2021-11-24 11:57:10;0;95;14,50
2021-11-24 11:57:15;0;95;14,50
2021-11-24 11:57:20;0;95;14,50
2021-11-24 11:57:25;0;95;14,50
2021-11-24 11:57:30;0;95;14,50
2021-11-24 11:57:35;0;95;14,50
2021-11-24 11:57:40;0;95;14,50
2021-11-24 11:57:45;0;95;14,50
2021-11-24 11:57:50;0;95;14,50
2021-11-24 11:57:55;0;95;14,50
2021-11-24 11:58:00;0;95;14,50
2021-11-24 11:58:05;0;95;14,50
2021-11-24 11:58:10;0;95;14,50
2021-11-24 11:58:15;0;95;14,50
2021-11-24 11:58:20;0;95;14,50
2021-11-24 11:58:25;0;95;14,50
2021-11-24 11:58:30;0;95;14,50
2021-11-24 11:58:35;0;95;14,50
2021-11-24 11:58:40;0;95;14,50
2021-11-24 11:58:45;0;95;14,50
2021-11-24 11:58:50;0;95;14,50
2021-11-24 11:58:55;0;95;14,50
2021-11-24 11:59:00;0;95;14,50
2021-11-24 11:59:05;0;95;14,50
2021-11-24 11:59:10;0;95;14,50
2021-11-24 11:59:15;0;95;14,50
2021-11-24 11:59:20;0;95;14,50
2021-11-24 11:59:25;0;95;14,50
2021-11-24 11:59:30;0;95;14,50
2021-11-24 11:59:35;0;95;14,50
2021-11-24 11:59:40;0;95;14,50
2021-11-24 11:59:45;0;95;14,50
2021-11-24 11:59:50;0;95;14,50
2021-11-24 11:59:55;0;95;14,50
2021-11-24 12:00:00;0;95;14,50
2021-11-24 12:00:05;0;95;14,50
2021-11-24 12:00:10;0;95;14,50
2021-11-24 12:00:15;0;95;14,50
2021-11-24 12:00:20;0;95;14,50
2021-11-24 12:00:25;0;95;14,50
2021-11-24 12:00:30;0;95;14,50
2021-11-24 12:00:35;0;95;14,50
2021-11-24 12:00:40;0;95;14,50
2021-11-24 12:00:45;0;95;14,50
2021-11-24 12:00:50;0;95;14,50
2021-11-24 12:00:55;0;95;14,50
2021-11-24 12:01:00;0;95;14,50
2021-11-24 12:01:05;0;95;14,50
2021-11-24 12:01:10;0;95;14,50
2021-11-24 12:01:15;0;95;14,50
2021-11-24 12:01:20;0;95;14,50
2021-11-24 12:01:25;0;95;14,50
2021-11-24 12:01:30;0;95;14,50
2021-11-24 12:01:35;0;95;14,50
2021-11-24 12:01:40;0;95;14,50
2021-11-24 12:01:45;0;95;14,50
2021-11-24 12:01:50;0;95;14,50
2021-11-24 12:01:55;0;95;14,50
2021-11-24 12:02:00;0;95;14,50
2021-11-24 12:02:05;0;95;14,50
2021-11-24 12:02:10;0;95;14,50
2021-11-24 12:02:15;0;95;14,50
2021-11-24 12:02:20;0;95;14,50
2021-11-24 12:02:25;0;95;14,50
2021-11-24 12:02:30;0;95;14,50
2021-11-24 12:02:35;0;95;14,50
2021-11-24 12:02:40;0;95;14,50
2021-11-24 12:02:45;0;95;14,50
2021-11-24 12:02:50;0;95;14,50
2021-11-24 12:02:55;0;95;14,50
2021-11-24 12:03:00;0;95;14,50
2021-11-24 12:03:05;0;95;14,50
2021-11-24 12:03:10;0;95;14,50
2021-11-24 12:03:15;0;95;14,50
2021-11-24 12:03:20;0;95;14,50
2021-11-24 12:03:25;0;95;14,50
2021-11-24 12:03:30;0;95;14,50
2021-11-24 12:03:35;0;95;14,50
2021-11-24 12:03:40;0;95;14,50
2021-11-24 12:03:45;0;95;14,50
2021-11-24 12:03:50;0;95;14,50
2021-11-24 12:03:55;0;95;14,50
2021-11-24 12:04:00;0;95;14,50
2021-11-24 12:04:05;0;95;14,50
2021-11-24 12:04:10;0;95;14,50
2021-11-24 12:04:15;0;95;14,50
2021-11-24 12:04:20;0;95;14,50
2021-11-24 12:04:25;0;95;14,50
2021-11-24 12:04:30;0;95;14,50
2021-11-24 12:04:35;0;95;14,50
2021-11-24 12:04:40;0;95;14,50
2021-11-24 12:04:45;0;95;14,50
2021-11-24 12:04:50;0;95;14,50
2021-11-24 12:04:55;0;95;14,50
2021-11-24 12:05:00;0;95;14,50
2021-11-24 12:05:05;0;95;14,50
2021-11-24 12:05:10;0;95;14,50
2021-11-24 12:05:15;0;95;14,50
2021-11-24 12:05:20;0;95;14,50
2021-11-24 12:05:25;0;95;14,50
2021-11-24 12:05:30;0;95;14,50
2021-11-24 12:05:35;0;95;14,50
2021-11-24 12:05:40;0;95;14,50
2021-11-24 12:05:45;0;95;14,50
2021-11-24 12:05:50;0;95;14,50
2021-11-24 12:05:55;0;95;14,50
2021-11-24 12:06:00;0;95;14,50
2021-11-24 12:06:05;0;95;14,50
2021-11-24 12:06:10;0;95;14,50
2021-11-24 12:06:15;0;95;14,50
2021-11-24 12:06:20;0;95;14,50
2021-11-24 12:06:25;0;95;14,50
2021-11-24 12:06:30;0;95;14,50
2021-11-24 12:06:35;0;95;14,50
2021-11-24 12:06:40;0;95;14,50
2021-11-24 12:06:45;0;95;14,50
2021-11-24 12:06:50;0;95;14,50
2021-11-24 12:06:55;0;95;14,50
2021-11-24 12:07:00;0;95;14,50
2021-11-24 12:07:05;0;95;14,50
2021-11-24 12:07:10;0;95;14,50
2021-11-24 12:07:15;0;95;14,50
2021-11-24 12:07:20;0;95;14,50
2021-11-24 12:07:25;0;95;14,50
2021-11-24 12:07:30;0;95;14,50
2021-11-24 12:07:35;0;95;14,50
2021-11-24 12:07:40;0;95;14,50
2021-11-24 12:07:45;0;95;14,50
2021-11-24 12:07:50;0;95;14,50
2021-11-24 12:07:55;0;95;14,50
2021-11-24 12:08:00;0;95;14,50
2021-11-24 12:08:05;0;95;14,50
2021-11-24 12:08:10;0;95;14,50
2021-11-24 12:08:15;0;95;14,50
2021-11-24 12:08:20;0;95;14,50
2021-11-24 12:08:25;0;95;14,50
2021-11-24 12:08:30;0;95;14,50
2021-11-24 12:08:35;0;95;14,50
2021-11-24 12:08:40;0;95;14,50
2021-11-24 12:08:45;0;95;14,50
2021-11-24 12:08:50;0;95;14,50
2021-11-24 12:08:55;0;95;14,50
2021-11-24 12:09:00;0;95;14,50
2021-11-24 12:09:05;0;95;14,50
2021-11-24 12:09:10;0;95;14,50
2021-11-24 12:09:15;0;95;14,50
2021-11-24 12:09:20;0;95;14,50
2021-11-24 12:09:25;0;95;14,50
2021-11-24 12:09:30;0;95;14,50
2021-11-24 12:09:35;0;95;14,50
2021-11-24 12:09:40;0;95;14,50
2021-11-24 12:09:45;0;95;14,75
2021-11-24 12:09:50;0;95;14,50
2021-11-24 12:09:55;0;95;14,50
2021-11-24 12:10:00;0;95;14,50
2021-11-24 12:10:05;0;95;14,50
2021-11-24 12:10:10;0;95;14,50
2021-11-24 12:10:15;0;95;14,50
2021-11-24 12:10:20;0;95;14,50
2021-11-24 12:10:25;0;95;14,50
2021-11-24 12:10:30;0;95;14,50
2021-11-24 12:10:35;0;95;14,50
2021-11-24 12:10:40;0;95;14,50
2021-11-24 12:10:45;0;95;14,50
2021-11-24 12:10:50;0;95;14,50
2021-11-24 12:10:55;0;95;14,50
2021-11-24 12:11:00;0;95;14,50
2021-11-24 12:11:05;0;95;14,50
2021-11-24 12:11:10;0;95;14,50
2021-11-24 12:11:15;0;95;14,50
2021-11-24 12:11:20;0;95;14,50
2021-11-24 12:11:25;0;95;14,50
2021-11-24 12:11:30;0;95;14,50
2021-11-24 12:11:35;0;95;14,50
2021-11-24 12:11:40;0;95;14,50
2021-11-24 12:11:45;0;95;14,50
2021-11-24 12:11:50;0;95;14,50
2021-11-24 12:11:55;0;95;14,50
2021-11-24 12:12:00;0;95;14,50
2021-11-24 12:12:05;0;95;14,50
2021-11-24 12:12:10;0;95;14,50
2021-11-24 12:12:15;0;95;14,50
2021-11-24 12:12:20;0;95;14,50
2021-11-24 12:12:25;0;95;14,50
2021-11-24 12:12:30;0;95;14,50
2021-11-24 12:12:35;0;95;14,50
2021-11-24 12:12:40;0;95;14,50
2021-11-24 12:12:45;0;95;14,50
2021-11-24 12:12:50;0;95;14,50
2021-11-24 12:12:55;0;95;14,50
2021-11-24 12:13:00;0;95;14,50
2021-11-24 12:13:05;0;95;14,50
2021-11-24 12:13:10;0;95;14,50
2021-11-24 12:13:15;0;95;14,50
2021-11-24 12:13:20;0;95;14,50
2021-11-24 12:13:25;0;95;14,50
2021-11-24 12:13:30;0;95;14,50
2021-11-24 12:13:35;0;95;14,50
2021-11-24 12:13:40;0;95;14,50
2021-11-24 12:13:45;0;95;14,50
2021-11-24 12:13:50;0;95;14,50
2021-11-24 12:13:55;0;95;14,50
2021-11-24 12:14:00;0;95;14,50
2021-11-24 12:14:05;0;95;14,50
2021-11-24 12:14:10;0;95;14,75
2021-11-24 12:14:15;0;95;14,50
2021-11-24 12:14:20;0;95;14,50
2021-11-24 12:14:25;0;95;14,50
2021-11-24 12:14:30;0;95;14,50
2021-11-24 12:14:35;0;95;14,50
2021-11-24 12:14:40;0;95;14,50
2021-11-24 12:14:45;0;95;14,50
2021-11-24 12:14:50;0;95;14,50
2021-11-24 12:14:55;0;95;14,50
2021-11-24 12:15:00;0;95;14,75
2021-11-24 12:15:05;0;95;14,50
2021-11-24 12:15:10;0;95;14,50
2021-11-24 12:15:15;0;95;14,50
2021-11-24 12:15:20;0;95;14,50
2021-11-24 12:15:25;0;95;14,50
2021-11-24 12:15:30;0;95;14,50
2021-11-24 12:15:35;0;95;14,50
2021-11-24 12:15:40;0;95;14,50
2021-11-24 12:15:45;0;95;14,50
2021-11-24 12:15:50;0;95;14,50
2021-11-24 12:15:55;0;95;14,75
2021-11-24 12:16:00;0;95;14,75
2021-11-24 12:16:05;0;95;14,75
2021-11-24 12:16:10;0;95;14,75
2021-11-24 12:16:15;0;95;14,50
2021-11-24 12:16:20;0;95;14,75
2021-11-24 12:16:25;0;95;14,50
2021-11-24 12:16:30;0;95;14,50
2021-11-24 12:16:35;0;95;14,50
2021-11-24 12:16:40;0;95;14,50
2021-11-24 12:16:45;0;95;14,75
2021-11-24 12:16:50;0;95;14,50
2021-11-24 12:16:55;0;95;14,50
2021-11-24 12:17:00;0;95;14,75
2021-11-24 12:17:05;0;95;14,50
2021-11-24 12:17:10;0;95;14,50
2021-11-24 12:17:15;0;95;14,75
2021-11-24 12:17:20;0;95;14,50
2021-11-24 12:17:25;0;95;14,50
2021-11-24 12:17:30;0;95;14,75
2021-11-24 12:17:35;0;95;14,50
2021-11-24 12:17:40;0;95;14,50
2021-11-24 12:17:45;0;95;14,75
2021-11-24 12:17:50;0;95;14,50
2021-11-24 12:17:55;0;95;14,50
2021-11-24 12:18:00;0;95;14,50
2021-11-24 12:18:05;0;95;14,50
2021-11-24 12:18:10;0;95;14,50
2021-11-24 12:18:15;0;95;14,75
2021-11-24 12:18:20;0;95;14,75
2021-11-24 12:18:25;0;95;14,50
2021-11-24 12:18:30;0;95;14,50
2021-11-24 12:18:35;0;95;14,50
2021-11-24 12:18:40;0;95;14,50
2021-11-24 12:18:45;0;95;14,50
2021-11-24 12:18:50;0;95;14,50
2021-11-24 12:18:55;0;95;14,75
2021-11-24 12:19:00;0;95;14,75
2021-11-24 12:19:05;0;95;14,50
2021-11-24 12:19:10;0;95;14,75
2021-11-24 12:19:15;0;95;14,50
2021-11-24 12:19:20;0;95;14,50
2021-11-24 12:19:25;0;95;14,75
2021-11-24 12:19:30;0;95;14,50
2021-11-24 12:19:35;0;95;14,50
2021-11-24 12:19:40;0;95;14,50
2021-11-24 12:19:45;0;95;14,75
2021-11-24 12:19:50;0;95;14,75
2021-11-24 12:19:55;0;95;14,50
2021-11-24 12:20:00;0;95;14,75
2021-11-24 12:20:05;0;95;14,50
2021-11-24 12:20:10;0;95;14,75
2021-11-24 12:20:15;0;95;14,75
2021-11-24 12:20:20;0;95;14,75
2021-11-24 12:20:25;0;95;14,75
2021-11-24 12:20:30;0;95;14,75
2021-11-24 12:20:35;0;95;14,75
2021-11-24 12:20:40;0;95;14,50
2021-11-24 12:20:45;0;95;14,75
2021-11-24 12:20:50;0;95;14,75
2021-11-24 12:20:55;0;95;14,75
2021-11-24 12:21:00;0;95;14,75
2021-11-24 12:21:05;0;95;14,75
2021-11-24 12:21:10;0;95;14,75
2021-11-24 12:21:15;0;95;14,75
2021-11-24 12:21:20;0;95;14,75
2021-11-24 12:21:25;0;95;14,50
2021-11-24 12:21:30;0;95;14,75
2021-11-24 12:21:35;0;95;14,75
2021-11-24 12:21:40;0;95;14,75
2021-11-24 12:21:45;0;95;14,75
2021-11-24 12:21:50;0;95;14,50
2021-11-24 12:21:55;0;95;14,50
2021-11-24 12:22:00;0;95;14,75
2021-11-24 12:22:05;0;95;14,75
2021-11-24 12:22:10;0;95;14,75
2021-11-24 12:22:15;0;95;14,75
2021-11-24 12:22:20;0;95;14,75
2021-11-24 12:22:25;0;95;14,50
2021-11-24 12:22:30;0;95;14,75
2021-11-24 12:22:35;0;95;14,75
2021-11-24 12:22:40;0;95;14,75
2021-11-24 12:22:45;0;95;14,75
2021-11-24 12:22:50;0;95;14,75
2021-11-24 12:22:55;0;95;14,75
2021-11-24 12:23:00;0;95;14,75
2021-11-24 12:23:05;0;95;14,75
2021-11-24 12:23:10;0;95;14,75
2021-11-24 12:23:15;0;95;14,75
2021-11-24 12:23:20;0;95;14,75
2021-11-24 12:23:25;0;95;14,75
2021-11-24 12:23:30;0;95;14,75
2021-11-24 12:23:35;0;95;14,75
2021-11-24 12:23:40;0;95;14,75
2021-11-24 12:23:45;0;95;14,50
2021-11-24 12:23:50;0;95;14,75
2021-11-24 12:23:55;0;95;14,75
2021-11-24 12:24:00;0;95;14,75
2021-11-24 12:24:05;0;95;14,75
2021-11-24 12:24:10;0;95;14,75
2021-11-24 12:24:15;0;95;14,75
2021-11-24 12:24:20;0;95;14,75
2021-11-24 12:24:25;0;95;14,75
2021-11-24 12:24:30;0;95;14,75
2021-11-24 12:24:35;0;95;14,75
2021-11-24 12:24:40;0;95;14,75
2021-11-24 12:24:45;0;95;14,50
2021-11-24 12:24:50;0;95;14,75
2021-11-24 12:24:55;0;95;14,75
2021-11-24 12:25:00;0;95;14,75
2021-11-24 12:25:05;0;95;14,75
2021-11-24 12:25:10;0;95;14,75
2021-11-24 12:25:15;0;95;14,75
2021-11-24 12:25:20;0;95;14,75
2021-11-24 12:25:25;0;95;14,75
2021-11-24 12:25:30;0;95;14,75
2021-11-24 12:25:35;0;95;14,75
2021-11-24 12:25:40;0;95;14,75
2021-11-24 12:25:45;0;95;14,75
2021-11-24 12:25:50;0;95;14,75
2021-11-24 12:25:55;0;95;14,75
2021-11-24 12:26:00;0;95;14,75
2021-11-24 12:26:05;0;95;14,75
2021-11-24 12:26:10;0;95;14,75
2021-11-24 12:26:15;0;95;14,75
2021-11-24 12:26:20;0;95;14,75
2021-11-24 12:26:25;0;95;14,75
2021-11-24 12:26:30;0;95;14,75
2021-11-24 12:26:35;0;95;14,75
2021-11-24 12:26:40;0;95;14,75
2021-11-24 12:26:45;0;95;14,75
2021-11-24 12:26:50;0;95;14,75
2021-11-24 12:26:55;0;95;14,75
2021-11-24 12:27:00;0;95;14,75
2021-11-24 12:27:05;0;95;14,75
2021-11-24 12:27:10;0;95;14,50
2021-11-24 12:27:15;0;95;14,75
2021-11-24 12:27:20;0;95;14,75
2021-11-24 12:27:25;0;95;14,75
2021-11-24 12:27:30;0;95;14,75
2021-11-24 12:27:35;0;95;14,75
2021-11-24 12:27:40;0;95;14,75
2021-11-24 12:27:45;0;95;14,75
2021-11-24 12:27:50;0;95;14,75
2021-11-24 12:27:55;0;95;14,75
2021-11-24 12:28:00;0;95;14,75
2021-11-24 12:28:05;0;95;14,75
2021-11-24 12:28:10;0;95;14,75
2021-11-24 12:28:15;0;95;14,75
2021-11-24 12:28:20;0;95;14,75
2021-11-24 12:28:25;0;95;14,75
2021-11-24 12:28:30;0;95;14,75
2021-11-24 12:28:35;0;95;14,75
2021-11-24 12:28:40;0;95;14,75
2021-11-24 12:28:45;0;95;14,75
2021-11-24 12:28:50;0;95;14,75
2021-11-24 12:28:55;0;95;14,75
2021-11-24 12:29:00;0;95;14,75
2021-11-24 12:29:05;0;95;14,75
2021-11-24 12:29:10;0;95;14,75
2021-11-24 12:29:15;0;95;14,75
2021-11-24 12:29:20;0;95;14,75
2021-11-24 12:29:25;0;95;14,75
2021-11-24 12:29:30;0;95;14,75
2021-11-24 12:29:35;0;95;14,75
2021-11-24 12:29:40;0;95;14,75
2021-11-24 12:29:45;0;95;14,75
2021-11-24 12:29:50;0;95;14,75
2021-11-24 12:29:55;0;95;14,75
2021-11-24 12:30:00;0;95;14,75
2021-11-24 12:30:05;0;95;14,75
2021-11-24 12:30:10;0;95;14,75
2021-11-24 12:30:15;0;95;14,75
2021-11-24 12:30:20;0;95;14,75
2021-11-24 12:30:25;0;95;14,75
2021-11-24 12:30:30;0;95;14,75
2021-11-24 12:30:35;0;95;14,75
2021-11-24 12:30:40;0;95;14,75
2021-11-24 12:30:45;0;95;14,75
2021-11-24 12:30:50;0;95;14,75
2021-11-24 12:30:55;0;95;14,75
2021-11-24 12:31:00;0;95;14,75
2021-11-24 12:31:05;0;95;14,75
2021-11-24 12:31:10;0;95;14,75
2021-11-24 12:31:15;0;95;14,75
2021-11-24 12:31:20;0;95;14,75
2021-11-24 12:31:25;0;95;14,75
2021-11-24 12:31:30;0;95;14,75
2021-11-24 12:31:35;0;95;14,75
2021-11-24 12:31:40;0;95;14,75
2021-11-24 12:31:45;0;95;14,75
2021-11-24 12:31:50;0;95;14,75
2021-11-24 12:31:55;0;95;14,75
2021-11-24 12:32:00;0;95;14,75
2021-11-24 12:32:05;0;95;14,75
2021-11-24 12:32:10;0;95;14,75
2021-11-24 12:32:15;0;95;14,75
2021-11-24 12:32:20;0;95;14,75
2021-11-24 12:32:25;0;95;14,75
2021-11-24 12:32:30;0;95;14,75
2021-11-24 12:32:35;0;95;14,75
2021-11-24 12:32:40;0;95;14,75
2021-11-24 12:32:45;0;95;14,75
2021-11-24 12:32:50;0;95;14,75
2021-11-24 12:32:55;0;95;14,75
2021-11-24 12:33:00;0;95;14,75
2021-11-24 12:33:05;0;95;14,75
2021-11-24 12:33:10;0;95;14,75
2021-11-24 12:33:15;0;95;14,75
2021-11-24 12:33:20;0;95;14,75
2021-11-24 12:33:25;0;95;14,75
2021-11-24 12:33:30;0;95;14,75
2021-11-24 12:33:35;0;95;14,75
2021-11-24 12:33:40;0;95;14,75
2021-11-24 12:33:45;0;95;14,75
2021-11-24 12:33:50;0;95;14,75
2021-11-24 12:33:55;0;95;14,75
2021-11-24 12:34:00;0;95;14,75
2021-11-24 12:34:05;0;95;14,75
2021-11-24 12:34:10;0;95;14,75
2021-11-24 12:34:15;0;95;14,75
2021-11-24 12:34:20;0;95;14,75
2021-11-24 12:34:25;0;95;14,75
2021-11-24 12:34:30;0;95;14,75
2021-11-24 12:34:35;0;95;14,75
2021-11-24 12:34:40;0;95;14,75
2021-11-24 12:34:45;0;95;14,75
2021-11-24 12:34:50;0;95;14,75
2021-11-24 12:34:55;0;95;14,75
2021-11-24 12:35:00;0;95;14,75
2021-11-24 12:35:05;0;95;14,75
2021-11-24 12:35:10;0;95;14,75
2021-11-24 12:35:15;0;95;14,75
2021-11-24 12:35:20;0;95;14,75
2021-11-24 12:35:25;0;95;14,75
2021-11-24 12:35:30;0;95;14,75
2021-11-24 12:35:35;0;95;14,75
2021-11-24 12:35:40;0;95;14,75
2021-11-24 12:35:45;0;95;14,75
2021-11-24 12:35:50;0;95;14,75
2021-11-24 12:35:55;0;95;14,75
2021-11-24 12:36:00;0;95;14,75
2021-11-24 12:36:05;0;95;14,75
2021-11-24 12:36:10;0;95;14,75
2021-11-24 12:36:15;0;95;14,75
2021-11-24 12:36:20;0;95;14,75
2021-11-24 12:36:25;0;95;14,75
2021-11-24 12:36:30;0;95;14,75
2021-11-24 12:36:35;0;95;14,75
2021-11-24 12:36:40;0;95;14,75
2021-11-24 12:36:45;0;95;14,75
2021-11-24 12:36:50;0;95;14,75
2021-11-24 12:36:55;0;95;14,75
2021-11-24 12:37:00;0;95;14,75
2021-11-24 12:37:05;0;95;14,75
2021-11-24 12:37:10;0;95;14,75
2021-11-24 12:37:15;0;95;14,75
2021-11-24 12:37:20;0;95;14,75
2021-11-24 12:37:25;0;95;14,75
2021-11-24 12:37:30;0;95;14,75
2021-11-24 12:37:35;0;95;14,75
2021-11-24 12:37:40;0;95;14,75
2021-11-24 12:37:45;0;95;14,75
2021-11-24 12:37:50;0;95;14,75
2021-11-24 12:37:55;0;95;14,75
2021-11-24 12:38:00;0;95;14,75
2021-11-24 12:38:05;0;95;14,75
2021-11-24 12:38:10;0;95;14,75
2021-11-24 12:38:15;0;95;14,75
2021-11-24 12:38:20;0;95;14,75
2021-11-24 12:38:25;0;95;14,75
2021-11-24 12:38:30;0;95;14,75
2021-11-24 12:38:35;0;95;14,75
2021-11-24 12:38:40;0;95;14,75
2021-11-24 12:38:45;0;95;14,75
2021-11-24 12:38:50;0;95;14,75
2021-11-24 12:38:55;0;95;14,75
2021-11-24 12:39:00;0;95;14,75
2021-11-24 12:39:05;0;95;14,75
2021-11-24 12:39:10;0;95;14,75
2021-11-24 12:39:15;0;95;14,75
2021-11-24 12:39:20;0;95;14,75
2021-11-24 12:39:25;0;95;14,75
2021-11-24 12:39:30;0;95;14,75
2021-11-24 12:39:35;0;95;14,75
2021-11-24 12:39:40;0;95;14,75
2021-11-24 12:39:45;0;95;14,75
2021-11-24 12:39:50;0;95;14,75
2021-11-24 12:39:55;0;95;14,75
2021-11-24 12:40:00;0;95;14,75
2021-11-24 12:40:05;0;95;14,75
2021-11-24 12:40:10;0;95;14,75
2021-11-24 12:40:15;0;95;14,75
2021-11-24 12:40:20;0;95;14,75
2021-11-24 12:40:25;0;95;14,75
2021-11-24 12:40:30;0;95;14,75
2021-11-24 12:40:35;0;95;14,75
2021-11-24 12:40:40;0;95;14,75
2021-11-24 12:40:45;0;95;14,75
2021-11-24 12:40:50;0;95;14,75
2021-11-24 12:40:55;0;95;14,75
2021-11-24 12:41:00;0;95;14,75
2021-11-24 12:41:05;0;95;14,75
2021-11-24 12:41:10;0;95;14,75
2021-11-24 12:41:15;0;95;14,75
2021-11-24 12:41:20;0;95;14,75
2021-11-24 12:41:25;0;95;14,75
2021-11-24 12:41:30;0;95;14,75
2021-11-24 12:41:35;0;95;14,75
2021-11-24 12:41:40;0;95;14,75
2021-11-24 12:41:45;0;95;14,75
2021-11-24 12:41:50;0;95;14,75
2021-11-24 12:41:55;0;95;14,75
2021-11-24 12:42:00;0;95;14,75
2021-11-24 12:42:05;0;95;14,75
2021-11-24 12:42:10;0;95;14,75
2021-11-24 12:42:15;0;95;14,75
2021-11-24 12:42:20;0;95;14,75
2021-11-24 12:42:25;0;95;14,75
2021-11-24 12:42:30;0;95;14,75
2021-11-24 12:42:35;0;95;14,75
2021-11-24 12:42:40;0;95;14,75
2021-11-24 12:42:45;0;95;14,75
2021-11-24 12:42:50;0;95;14,75
2021-11-24 12:42:55;0;95;14,75
2021-11-24 12:43:00;0;95;14,75
2021-11-24 12:43:05;0;95;14,75
2021-11-24 12:43:10;0;95;14,75
2021-11-24 12:43:15;0;95;14,75
2021-11-24 12:43:20;0;95;14,75
2021-11-24 12:43:25;0;95;14,75
2021-11-24 12:43:30;0;95;14,75
2021-11-24 12:43:35;0;95;14,75
2021-11-24 12:43:40;0;95;14,75
2021-11-24 12:43:45;0;95;14,75
2021-11-24 12:43:50;0;95;14,75
2021-11-24 12:43:55;0;95;14,75
2021-11-24 12:44:00;0;95;14,75
2021-11-24 12:44:05;0;95;14,75
2021-11-24 12:44:10;0;95;14,75
2021-11-24 12:44:15;0;95;14,75
2021-11-24 12:44:20;0;95;14,75
2021-11-24 12:44:25;0;95;14,75
2021-11-24 12:44:30;0;95;14,75
2021-11-24 12:44:35;0;95;14,75
2021-11-24 12:44:40;0;95;14,75
2021-11-24 12:44:45;0;95;14,75
2021-11-24 12:44:50;0;95;14,75
2021-11-24 12:44:55;0;95;14,75
2021-11-24 12:45:00;0;95;14,75
2021-11-24 12:45:05;0;95;14,75
2021-11-24 12:45:10;0;95;14,75
2021-11-24 12:45:15;0;95;14,75
2021-11-24 12:45:20;0;95;14,75
2021-11-24 12:45:25;0;95;14,75
2021-11-24 12:45:30;0;95;14,75
2021-11-24 12:45:35;0;95;14,75
2021-11-24 12:45:40;0;95;14,75
2021-11-24 12:45:45;0;95;14,75
2021-11-24 12:45:50;0;95;14,75
2021-11-24 12:45:55;0;95;14,75
2021-11-24 12:46:00;0;95;14,75
2021-11-24 12:46:05;0;95;14,75
2021-11-24 12:46:10;0;95;14,75
2021-11-24 12:46:15;0;95;14,75
2021-11-24 12:46:20;0;95;14,75
2021-11-24 12:46:25;0;95;14,75
2021-11-24 12:46:30;0;95;14,75
2021-11-24 12:46:35;0;95;14,75
2021-11-24 12:46:40;0;95;14,75
2021-11-24 12:46:45;0;95;14,75
2021-11-24 12:46:50;0;95;14,75
2021-11-24 12:46:55;0;95;14,75
2021-11-24 12:47:00;0;95;14,75
2021-11-24 12:47:05;0;95;14,75
2021-11-24 12:47:10;0;95;14,75
2021-11-24 12:47:15;0;95;14,75
2021-11-24 12:47:20;0;95;14,75
2021-11-24 12:47:25;0;95;14,75
2021-11-24 12:47:30;0;95;14,75
2021-11-24 12:47:35;0;95;14,75
2021-11-24 12:47:40;0;95;14,75
2021-11-24 12:47:45;0;95;14,75
2021-11-24 12:47:50;0;95;14,75
2021-11-24 12:47:55;0;95;14,75
2021-11-24 12:48:00;0;95;14,75
2021-11-24 12:48:05;0;95;14,75
2021-11-24 12:48:10;0;95;14,75
2021-11-24 12:48:15;0;95;14,75
2021-11-24 12:48:20;0;95;14,75
2021-11-24 12:48:25;0;95;14,75
2021-11-24 12:48:30;0;95;14,75
2021-11-24 12:48:35;0;95;14,75
2021-11-24 12:48:40;0;95;14,75
2021-11-24 12:48:45;0;95;14,75
2021-11-24 12:48:50;0;95;14,75
2021-11-24 12:48:55;0;95;14,75
2021-11-24 12:49:00;0;95;14,75
2021-11-24 12:49:05;0;95;14,75
2021-11-24 12:49:10;0;95;14,75
2021-11-24 12:49:15;0;95;14,75
2021-11-24 12:49:20;0;95;14,75
2021-11-24 12:49:25;0;95;14,75
2021-11-24 12:49:30;0;95;14,75
2021-11-24 12:49:35;0;95;14,75
2021-11-24 12:49:40;0;95;14,75
2021-11-24 12:49:45;0;95;14,75
2021-11-24 12:49:50;0;95;14,75
2021-11-24 12:49:55;0;95;14,75
2021-11-24 12:50:00;0;95;14,75
2021-11-24 12:50:05;0;95;14,75
2021-11-24 12:50:10;0;95;14,75
2021-11-24 12:50:15;0;95;14,75
2021-11-24 12:50:20;0;95;14,75
2021-11-24 12:50:25;0;95;14,75
2021-11-24 12:50:30;0;95;14,75
2021-11-24 12:50:35;0;95;14,75
2021-11-24 12:50:40;0;95;14,75
2021-11-24 12:50:45;0;95;14,75
2021-11-24 12:50:50;0;95;14,75
2021-11-24 12:50:55;0;95;14,75
2021-11-24 12:51:00;0;95;14,75
2021-11-24 12:51:05;0;95;14,75
2021-11-24 12:51:10;0;95;14,75
2021-11-24 12:51:15;0;95;14,75
2021-11-24 12:51:20;0;95;14,75
2021-11-24 12:51:25;0;95;14,75
2021-11-24 12:51:30;0;95;14,75
2021-11-24 12:51:35;0;95;14,75
2021-11-24 12:51:40;0;95;14,75
2021-11-24 12:51:45;0;95;14,75
2021-11-24 12:51:50;0;95;14,75
2021-11-24 12:51:55;0;95;14,75
2021-11-24 12:52:00;0;95;14,75
2021-11-24 12:52:05;0;95;14,75
2021-11-24 12:52:10;0;95;14,75
2021-11-24 12:52:15;0;95;14,75
2021-11-24 12:52:20;0;95;14,75
2021-11-24 12:52:25;0;95;14,75
2021-11-24 12:52:30;0;95;14,75
2021-11-24 12:52:35;0;95;14,75
2021-11-24 12:52:40;0;95;14,75
2021-11-24 12:52:45;0;95;14,75
2021-11-24 12:52:50;0;95;14,75
2021-11-24 12:52:55;0;95;14,75
2021-11-24 12:53:00;0;95;14,75
2021-11-24 12:53:05;0;95;14,75
2021-11-24 12:53:10;0;95;14,75
2021-11-24 12:53:15;0;95;14,75
2021-11-24 12:53:20;0;95;14,75
2021-11-24 12:53:25;0;95;14,75
2021-11-24 12:53:30;0;95;14,75
2021-11-24 12:53:35;0;95;14,75
2021-11-24 12:53:40;0;95;14,75
2021-11-24 12:53:45;0;95;14,75
2021-11-24 12:53:50;0;95;14,75
2021-11-24 12:53:55;0;95;14,75
2021-11-24 12:54:00;0;95;14,75
2021-11-24 12:54:05;0;95;14,75
2021-11-24 12:54:10;0;95;14,75
2021-11-24 12:54:15;0;95;14,75
2021-11-24 12:54:20;0;95;14,75
2021-11-24 12:54:25;0;95;14,75
2021-11-24 12:54:30;0;95;14,75
2021-11-24 12:54:35;0;95;14,75
2021-11-24 12:54:40;0;95;14,75
2021-11-24 12:54:45;0;95;14,75
2021-11-24 12:54:50;0;95;14,75
2021-11-24 12:54:55;0;95;14,75
2021-11-24 12:55:00;0;95;14,75
2021-11-24 12:55:05;0;95;14,75
2021-11-24 12:55:10;0;95;14,75
2021-11-24 12:55:15;0;95;14,75
2021-11-24 12:55:20;0;95;14,75
2021-11-24 12:55:25;0;95;14,75
2021-11-24 12:55:30;0;95;14,75
2021-11-24 12:55:35;0;95;14,75
2021-11-24 12:55:40;0;95;14,75
2021-11-24 12:55:45;0;95;14,75
2021-11-24 12:55:50;0;95;14,75
2021-11-24 12:55:55;0;95;14,75
2021-11-24 12:56:00;0;95;14,75
2021-11-24 12:56:05;0;95;14,75
2021-11-24 12:56:10;0;95;14,75
2021-11-24 12:56:15;0;95;14,75
2021-11-24 12:56:20;0;95;14,75
2021-11-24 12:56:25;0;95;14,75
2021-11-24 12:56:30;0;95;14,75
2021-11-24 12:56:35;0;95;14,75
2021-11-24 12:56:40;0;95;14,75
2021-11-24 12:56:45;0;95;14,75
2021-11-24 12:56:50;0;95;14,75
2021-11-24 12:56:55;0;95;14,75
2021-11-24 12:57:00;0;95;14,75
2021-11-24 12:57:05;0;95;14,75
2021-11-24 12:57:10;0;95;14,75
2021-11-24 12:57:15;0;95;14,75
2021-11-24 12:57:20;0;95;14,75
2021-11-24 12:57:25;0;95;14,75
2021-11-24 12:57:30;0;95;14,75
2021-11-24 12:57:35;0;95;14,75
2021-11-24 12:57:40;0;95;14,75
2021-11-24 12:57:45;0;95;14,75
2021-11-24 12:57:50;0;95;14,75
2021-11-24 12:57:55;0;95;14,75
2021-11-24 12:58:00;0;95;14,75
2021-11-24 12:58:05;0;95;14,75
2021-11-24 12:58:10;0;95;14,75
2021-11-24 12:58:15;0;95;14,75
2021-11-24 12:58:20;0;95;14,75
2021-11-24 12:58:25;0;95;14,75
2021-11-24 12:58:30;0;95;14,75
2021-11-24 12:58:35;0;95;14,75
2021-11-24 12:58:40;0;95;14,75
2021-11-24 12:58:45;0;95;14,75
2021-11-24 12:58:50;0;95;14,75
2021-11-24 12:58:55;0;95;14,75
2021-11-24 12:59:00;0;95;14,75
2021-11-24 12:59:05;0;95;14,75
2021-11-24 12:59:10;0;95;14,75
2021-11-24 12:59:15;0;95;14,75
2021-11-24 12:59:20;0;95;14,75
2021-11-24 12:59:25;0;95;14,75
2021-11-24 12:59:30;0;95;14,75
2021-11-24 12:59:35;0;95;14,75
2021-11-24 12:59:40;0;95;14,75
2021-11-24 12:59:45;0;95;14,75
2021-11-24 12:59:50;0;95;14,75
2021-11-24 12:59:55;0;95;14,75
2021-11-24 13:00:00;0;95;14,75
2021-11-24 13:00:05;0;95;14,75
2021-11-24 13:00:10;0;95;14,75
2021-11-24 13:00:15;0;95;14,75
2021-11-24 13:00:20;0;95;14,75
2021-11-24 13:00:25;0;95;14,75
2021-11-24 13:00:30;0;95;14,75
2021-11-24 13:00:35;0;95;14,75
2021-11-24 13:00:40;0;95;14,75
2021-11-24 13:00:45;0;95;14,75
2021-11-24 13:00:50;0;95;14,75
2021-11-24 13:00:55;0;95;14,75
2021-11-24 13:01:00;0;95;14,75
2021-11-24 13:01:05;0;95;14,75
2021-11-24 13:01:10;0;95;14,75
2021-11-24 13:01:15;0;95;14,75
2021-11-24 13:01:20;0;95;14,75
2021-11-24 13:01:25;0;95;14,75
2021-11-24 13:01:30;0;95;14,75
2021-11-24 13:01:35;0;95;14,75
2021-11-24 13:01:40;0;95;14,75
2021-11-24 13:01:45;0;95;14,75
2021-11-24 13:01:50;0;95;14,75
2021-11-24 13:01:55;0;95;14,75
2021-11-24 13:02:00;0;95;14,75
2021-11-24 13:02:05;0;95;14,75
2021-11-24 13:02:10;0;95;14,75
2021-11-24 13:02:15;0;95;14,75
2021-11-24 13:02:20;0;95;14,75
2021-11-24 13:02:25;0;95;14,75
2021-11-24 13:02:30;0;95;14,75
2021-11-24 13:02:35;0;95;14,75
2021-11-24 13:02:40;0;95;14,75
2021-11-24 13:02:45;0;95;14,75
2021-11-24 13:02:50;0;95;14,75
2021-11-24 13:02:55;0;95;14,75
2021-11-24 13:03:00;0;95;14,75
2021-11-24 13:03:05;0;95;14,75
2021-11-24 13:03:10;0;95;14,75
2021-11-24 13:03:15;0;95;14,75
2021-11-24 13:03:20;0;95;14,75
2021-11-24 13:03:25;0;95;14,75
2021-11-24 13:03:30;0;95;14,75
2021-11-24 13:03:35;0;95;14,75
2021-11-24 13:03:40;0;95;14,75
2021-11-24 13:03:45;0;95;15,00
2021-11-24 13:03:50;0;95;15,00
2021-11-24 13:03:55;0;95;15,00
2021-11-24 13:04:00;0;95;15,25
2021-11-24 13:04:05;0;95;15,25
2021-11-24 13:04:10;0;95;15,50
2021-11-24 13:04:15;0;95;15,75
2021-11-24 13:04:20;0;95;16,00
2021-11-24 13:04:25;0;95;16,25
2021-11-24 13:04:30;0;95;16,25
2021-11-24 13:04:35;0;95;16,50
2021-11-24 13:04:40;0;95;16,75
2021-11-24 13:04:45;0;95;17,00
2021-11-24 13:04:50;0;95;17,25
2021-11-24 13:04:55;0;95;17,50
2021-11-24 13:05:00;0;95;17,75
2021-11-24 13:05:05;0;95;18,00
2021-11-24 13:05:10;0;95;18,25
2021-11-24 13:05:15;0;95;18,25
2021-11-24 13:05:20;0;95;18,50
2021-11-24 13:05:25;0;95;18,75
2021-11-24 13:05:30;0;95;19,00
2021-11-24 13:05:35;0;95;19,25
2021-11-24 13:05:40;0;95;19,50
2021-11-24 13:05:45;0;95;19,75
2021-11-24 13:05:50;0;95;20,00
2021-11-24 13:05:55;0;95;20,00
2021-11-24 13:06:00;0;95;20,25
2021-11-24 13:06:05;0;95;20,50
2021-11-24 13:06:10;0;95;20,75
2021-11-24 13:06:15;0;95;21,00
2021-11-24 13:06:20;0;95;21,25
2021-11-24 13:06:25;0;95;21,25
2021-11-24 13:06:30;0;95;21,50
2021-11-24 13:06:35;0;95;21,75
2021-11-24 13:06:40;0;95;22,00
2021-11-24 13:06:45;0;95;22,00
2021-11-24 13:06:50;0;95;22,25
2021-11-24 13:06:55;0;95;22,50
2021-11-24 13:07:00;0;95;22,50
2021-11-24 13:07:05;0;95;22,75
2021-11-24 13:07:10;0;95;23,00
2021-11-24 13:07:15;0;95;23,25
2021-11-24 13:07:20;0;95;23,50
2021-11-24 13:07:25;0;95;23,50
2021-11-24 13:07:30;0;95;23,75
2021-11-24 13:07:35;0;95;24,00
2021-11-24 13:07:40;0;95;24,00
2021-11-24 13:07:45;0;95;24,25
2021-11-24 13:07:50;0;95;24,50
2021-11-24 13:07:55;0;95;24,50
2021-11-24 13:08:00;0;95;24,75
2021-11-24 13:08:05;0;95;25,00
2021-11-24 13:08:10;0;95;25,00
2021-11-24 13:08:15;0;95;25,25
2021-11-24 13:08:20;0;95;25,25
2021-11-24 13:08:25;0;95;25,50
2021-11-24 13:08:30;0;95;25,75
2021-11-24 13:08:35;0;95;25,75
2021-11-24 13:08:40;0;95;26,00
2021-11-24 13:08:45;0;95;26,00
2021-11-24 13:08:50;0;95;26,25
2021-11-24 13:08:55;0;95;26,25
2021-11-24 13:09:00;0;95;26,50
2021-11-24 13:09:05;0;95;26,75
2021-11-24 13:09:10;0;95;26,75
2021-11-24 13:09:15;0;95;27,00
2021-11-24 13:09:20;0;95;27,00
2021-11-24 13:09:25;0;95;27,25
2021-11-24 13:09:30;0;95;27,25
2021-11-24 13:09:35;0;95;27,50
2021-11-24 13:09:40;0;95;27,50
2021-11-24 13:09:45;0;95;27,75
2021-11-24 13:09:50;0;95;27,75
2021-11-24 13:09:55;0;95;28,00
2021-11-24 13:10:00;0;95;28,00
2021-11-24 13:10:05;0;95;28,25
2021-11-24 13:10:10;0;95;28,25
2021-11-24 13:10:15;0;95;28,50
2021-11-24 13:10:20;0;95;28,50
2021-11-24 13:10:25;0;95;28,75
2021-11-24 13:10:30;0;95;28,75
2021-11-24 13:10:35;0;95;28,75
2021-11-24 13:10:40;0;95;29,00
2021-11-24 13:10:45;0;95;29,00
2021-11-24 13:10:50;0;95;29,25
2021-11-24 13:10:55;0;95;29,25
2021-11-24 13:11:00;0;95;29,50
2021-11-24 13:11:05;0;95;29,50
2021-11-24 13:11:10;0;95;29,50
2021-11-24 13:11:15;0;95;29,75
2021-11-24 13:11:20;0;95;29,75
2021-11-24 13:11:25;0;95;30,00
2021-11-24 13:11:30;0;95;30,00
2021-11-24 13:11:35;0;95;30,00
2021-11-24 13:11:40;0;95;30,25
2021-11-24 13:11:45;0;95;30,25
2021-11-24 13:11:50;0;95;30,25
2021-11-24 13:11:55;0;95;30,50
2021-11-24 13:12:00;0;95;30,50
2021-11-24 13:12:05;0;95;30,50
2021-11-24 13:12:10;0;95;30,75
2021-11-24 13:12:15;0;95;30,75
2021-11-24 13:12:20;0;95;30,75
2021-11-24 13:12:25;0;95;31,00
2021-11-24 13:12:30;0;95;31,00
2021-11-24 13:12:35;0;95;31,00
2021-11-24 13:12:40;0;95;31,25
2021-11-24 13:12:45;0;95;31,25
2021-11-24 13:12:50;0;95;31,25
2021-11-24 13:12:55;0;95;31,50
2021-11-24 13:13:00;0;95;31,50
2021-11-24 13:13:05;0;95;31,50
2021-11-24 13:13:10;0;95;31,50
2021-11-24 13:13:15;0;95;31,75
2021-11-24 13:13:20;0;95;31,75
2021-11-24 13:13:25;0;95;31,75
2021-11-24 13:13:30;0;95;31,75
2021-11-24 13:13:35;0;95;32,00
2021-11-24 13:13:40;0;95;32,00
2021-11-24 13:13:45;0;95;32,00
2021-11-24 13:13:50;0;95;32,25
2021-11-24 13:13:55;0;95;32,25
2021-11-24 13:14:00;0;95;32,25
2021-11-24 13:14:05;0;95;32,25
2021-11-24 13:14:10;0;95;32,25
2021-11-24 13:14:15;0;95;32,50
2021-11-24 13:14:20;0;95;32,50
2021-11-24 13:14:25;0;95;32,50
2021-11-24 13:14:30;0;95;32,50
2021-11-24 13:14:35;0;95;32,75
2021-11-24 13:14:40;0;95;32,75
2021-11-24 13:14:45;0;95;32,75
2021-11-24 13:14:50;0;95;32,75
2021-11-24 13:14:55;0;95;32,75
2021-11-24 13:15:00;0;95;33,00
2021-11-24 13:15:05;0;95;33,00
2021-11-24 13:15:10;0;95;33,00
2021-11-24 13:15:15;0;95;33,00
2021-11-24 13:15:20;0;95;33,25
2021-11-24 13:15:25;0;95;33,25
2021-11-24 13:15:30;0;95;33,25
2021-11-24 13:15:35;0;95;33,25
2021-11-24 13:15:40;0;95;33,25
2021-11-24 13:15:45;0;95;33,50
2021-11-24 13:15:50;0;95;33,50
2021-11-24 13:15:55;0;95;33,50
2021-11-24 13:16:00;0;95;33,50
2021-11-24 13:16:05;0;95;33,50
2021-11-24 13:16:10;0;95;33,50
2021-11-24 13:16:15;0;95;33,75
2021-11-24 13:16:20;0;95;33,75
2021-11-24 13:16:25;0;95;33,75
2021-11-24 13:16:30;0;95;33,75
2021-11-24 13:16:35;0;95;33,75
2021-11-24 13:16:40;0;95;33,75
2021-11-24 13:16:45;0;95;33,75
2021-11-24 13:16:50;0;95;34,00
2021-11-24 13:16:55;0;95;34,00
2021-11-24 13:17:00;0;95;34,00
2021-11-24 13:17:05;0;95;34,00
2021-11-24 13:17:10;0;95;34,00
2021-11-24 13:17:15;0;95;34,00
2021-11-24 13:17:20;0;95;34,25
2021-11-24 13:17:25;0;95;34,25
2021-11-24 13:17:30;0;95;34,25
2021-11-24 13:17:35;0;95;34,25
2021-11-24 13:17:40;0;95;34,25
2021-11-24 13:17:45;0;95;34,25
2021-11-24 13:17:50;0;95;34,25
2021-11-24 13:17:55;0;95;34,50
2021-11-24 13:18:00;0;95;34,50
2021-11-24 13:18:05;0;95;34,50
2021-11-24 13:18:10;0;95;34,50
2021-11-24 13:18:15;0;95;34,50
2021-11-24 13:18:20;0;95;34,50
2021-11-24 13:18:25;0;95;34,50
2021-11-24 13:18:30;0;95;34,50
2021-11-24 13:18:35;0;95;34,75
2021-11-24 13:18:40;0;95;34,75
2021-11-24 13:18:45;0;95;34,75
2021-11-24 13:18:50;0;95;34,75
2021-11-24 13:18:55;0;95;34,75
2021-11-24 13:19:00;0;95;34,75
2021-11-24 13:19:05;0;95;34,75
2021-11-24 13:19:10;0;95;34,75
2021-11-24 13:19:15;0;95;34,75
2021-11-24 13:19:20;0;95;35,00
2021-11-24 13:19:25;0;95;35,00
2021-11-24 13:19:30;0;95;35,00
2021-11-24 13:19:35;0;95;35,00
2021-11-24 13:19:40;0;95;35,00
2021-11-24 13:19:45;0;95;35,00
2021-11-24 13:19:50;0;95;35,00
2021-11-24 13:19:55;0;95;35,00
2021-11-24 13:20:00;0;95;35,00
2021-11-24 13:20:05;0;95;35,25
2021-11-24 13:20:10;0;95;35,25
2021-11-24 13:20:15;0;95;35,25
2021-11-24 13:20:20;0;95;35,25
2021-11-24 13:20:25;0;95;35,25
2021-11-24 13:20:30;0;95;35,25
2021-11-24 13:20:35;0;95;35,25
2021-11-24 13:20:40;0;95;35,25
2021-11-24 13:20:45;0;95;35,25
2021-11-24 13:20:50;0;95;35,25
2021-11-24 13:20:55;0;95;35,25
2021-11-24 13:21:00;0;95;35,50
2021-11-24 13:21:05;0;95;35,50
2021-11-24 13:21:10;0;95;35,50
2021-11-24 13:21:15;0;95;35,50
2021-11-24 13:21:20;0;95;35,50
2021-11-24 13:21:25;0;95;35,50
2021-11-24 13:21:30;0;95;35,50
2021-11-24 13:21:35;0;95;35,50
2021-11-24 13:21:40;0;95;35,50
2021-11-24 13:21:45;0;95;35,50
2021-11-24 13:21:50;0;95;35,50
2021-11-24 13:21:55;0;95;35,50
2021-11-24 13:22:00;0;95;35,50
2021-11-24 13:22:05;0;95;35,50
2021-11-24 13:22:10;0;95;35,50
2021-11-24 13:22:15;0;95;35,25
2021-11-24 13:22:20;0;95;35,25
2021-11-24 13:22:25;0;95;35,00
2021-11-24 13:22:30;0;95;35,00
2021-11-24 13:22:35;0;95;34,75
2021-11-24 13:22:40;0;95;34,50
2021-11-24 13:22:45;0;95;34,50
2021-11-24 13:22:50;0;95;34,25
2021-11-24 13:22:55;0;95;34,00
2021-11-24 13:23:00;0;95;34,00
2021-11-24 13:23:05;0;95;33,75
2021-11-24 13:23:10;0;95;33,50
2021-11-24 13:23:15;0;95;33,25
2021-11-24 13:23:20;0;95;33,25
2021-11-24 13:23:25;0;95;33,00
2021-11-24 13:23:30;0;95;32,75
2021-11-24 13:23:35;0;95;32,50
2021-11-24 13:23:40;0;95;32,50
2021-11-24 13:23:45;0;95;32,25
2021-11-24 13:23:50;0;95;32,00
2021-11-24 13:23:55;0;95;31,75
2021-11-24 13:24:00;0;95;31,75
2021-11-24 13:24:05;0;95;31,50
2021-11-24 13:24:10;0;95;31,25
2021-11-24 13:24:15;0;95;31,25
2021-11-24 13:24:20;0;95;31,00
2021-11-24 13:24:25;0;95;30,75
2021-11-24 13:24:30;0;95;30,75
2021-11-24 13:24:35;0;95;30,50
2021-11-24 13:24:40;0;95;30,25
2021-11-24 13:24:45;0;95;30,25
2021-11-24 13:24:50;0;95;30,00
2021-11-24 13:24:55;0;95;29,75
2021-11-24 13:25:00;0;95;29,75
2021-11-24 13:25:05;0;95;29,50
2021-11-24 13:25:10;0;95;29,50
2021-11-24 13:25:15;0;95;29,25
2021-11-24 13:25:20;0;95;29,00
2021-11-24 13:25:25;0;95;29,00
2021-11-24 13:25:30;0;95;28,75
2021-11-24 13:25:35;0;95;28,75
2021-11-24 13:25:40;0;95;28,50
2021-11-24 13:25:45;0;95;28,50
2021-11-24 13:25:50;0;95;28,25
2021-11-24 13:25:55;0;95;28,25
2021-11-24 13:26:00;0;95;28,00
2021-11-24 13:26:05;0;95;27,75
2021-11-24 13:26:10;0;95;27,75
2021-11-24 13:26:15;0;95;27,75
2021-11-24 13:26:20;0;95;27,50
2021-11-24 13:26:25;0;95;27,25
2021-11-24 13:26:30;0;95;27,25
2021-11-24 13:26:35;0;95;27,00
2021-11-24 13:26:40;0;95;27,00
2021-11-24 13:26:45;0;95;27,00
2021-11-24 13:26:50;0;95;26,75
2021-11-24 13:26:55;0;95;26,75
2021-11-24 13:27:00;0;95;26,50
2021-11-24 13:27:05;0;95;26,50
2021-11-24 13:27:10;0;95;26,25
2021-11-24 13:27:15;0;95;26,25
2021-11-24 13:27:20;0;95;26,00
2021-11-24 13:27:25;0;95;26,00
2021-11-24 13:27:30;0;95;26,00
2021-11-24 13:27:35;0;95;25,75
2021-11-24 13:27:40;0;95;25,75
2021-11-24 13:27:45;0;95;25,50
2021-11-24 13:27:50;0;95;25,50
2021-11-24 13:27:55;0;95;25,50
2021-11-24 13:28:00;0;95;25,25
2021-11-24 13:28:05;0;95;25,25
2021-11-24 13:28:10;0;95;25,00
2021-11-24 13:28:15;0;95;25,00
2021-11-24 13:28:20;0;95;25,00
2021-11-24 13:28:25;0;95;25,00
2021-11-24 13:28:30;0;95;24,75
2021-11-24 13:28:35;0;95;24,75
2021-11-24 13:28:40;0;95;24,50
2021-11-24 13:28:45;0;95;24,50
2021-11-24 13:28:50;0;95;24,50
2021-11-24 13:28:55;0;95;24,25
2021-11-24 13:29:00;0;95;24,25
2021-11-24 13:29:05;0;95;24,25
2021-11-24 13:29:10;0;95;24,00
2021-11-24 13:29:15;0;95;24,00
2021-11-24 13:29:20;0;95;24,00
2021-11-24 13:29:25;0;95;23,75
2021-11-24 13:29:30;0;95;23,75
2021-11-24 13:29:35;0;95;23,75
2021-11-24 13:29:40;0;95;23,75
2021-11-24 13:29:45;0;95;23,50
2021-11-24 13:29:50;0;95;23,50
2021-11-24 13:29:55;0;95;23,50
2021-11-24 13:30:00;0;95;23,25
2021-11-24 13:30:05;0;95;23,25
2021-11-24 13:30:10;0;95;23,25
2021-11-24 13:30:15;0;95;23,25
2021-11-24 13:30:20;0;95;23,00
2021-11-24 13:30:25;0;95;23,00
2021-11-24 13:30:30;0;95;23,00
2021-11-24 13:30:35;0;95;22,75
2021-11-24 13:30:40;0;95;22,75
2021-11-24 13:30:45;0;95;22,75
2021-11-24 13:30:50;0;95;22,75
2021-11-24 13:30:55;0;95;22,50
2021-11-24 13:31:00;0;95;22,50
2021-11-24 13:31:05;0;95;22,50
2021-11-24 13:31:10;0;95;22,50
2021-11-24 13:31:15;0;95;22,25
2021-11-24 13:31:20;0;95;22,25
2021-11-24 13:31:25;0;95;22,25
2021-11-24 13:31:30;0;95;22,25
2021-11-24 13:31:35;0;95;22,25
2021-11-24 13:31:40;0;95;22,00
2021-11-24 13:31:45;0;95;22,00
2021-11-24 13:31:50;0;95;22,00
2021-11-24 13:31:55;0;95;22,00
2021-11-24 13:32:00;0;95;22,00
2021-11-24 13:32:05;0;95;21,75
2021-11-24 13:32:10;0;95;21,75
2021-11-24 13:32:15;0;95;21,75
2021-11-24 13:32:20;0;95;21,75
2021-11-24 13:32:25;0;95;21,50
2021-11-24 13:32:30;0;95;21,50
2021-11-24 13:32:35;0;95;21,50
2021-11-24 13:32:40;0;95;21,50
2021-11-24 13:32:45;0;95;21,50
2021-11-24 13:32:50;0;95;21,25
2021-11-24 13:32:55;0;95;21,25
2021-11-24 13:33:00;0;95;21,25
2021-11-24 13:33:05;0;95;21,25
2021-11-24 13:33:10;0;95;21,25
2021-11-24 13:33:15;0;95;21,00
2021-11-24 13:33:20;0;95;21,00
2021-11-24 13:33:25;0;95;21,00
2021-11-24 13:33:30;0;95;21,00
2021-11-24 13:33:35;0;95;21,00
2021-11-24 13:33:40;0;95;21,00
2021-11-24 13:33:45;0;95;20,75
2021-11-24 13:33:50;0;95;20,75
2021-11-24 13:33:55;0;95;20,75
2021-11-24 13:34:00;0;95;20,75
2021-11-24 13:34:05;0;95;20,75
2021-11-24 13:34:10;0;95;20,50
2021-11-24 13:34:15;0;95;20,50
2021-11-24 13:34:20;0;95;20,50
2021-11-24 13:34:25;0;95;20,50
2021-11-24 13:34:30;0;95;20,50
2021-11-24 13:34:35;0;95;20,50
2021-11-24 13:34:40;0;95;20,50
2021-11-24 13:34:45;0;95;20,25
2021-11-24 13:34:50;0;95;20,25
2021-11-24 13:34:55;0;95;20,25
2021-11-24 13:35:00;0;95;20,25
2021-11-24 13:35:05;0;95;20,25
2021-11-24 13:35:10;0;95;20,25
2021-11-24 13:35:15;0;95;20,25
2021-11-24 13:35:20;0;95;20,00
2021-11-24 13:35:25;0;95;20,00
2021-11-24 13:35:30;0;95;20,00
2021-11-24 13:35:35;0;95;20,00
2021-11-24 13:35:40;0;95;20,00
2021-11-24 13:35:45;0;95;20,00
2021-11-24 13:35:50;0;95;20,00
2021-11-24 13:35:55;0;95;19,75
2021-11-24 13:36:00;0;95;19,75
2021-11-24 13:36:05;0;95;19,75
2021-11-24 13:36:10;0;95;19,75
2021-11-24 13:36:15;0;95;19,75
2021-11-24 13:36:20;0;95;19,75
2021-11-24 13:36:25;0;95;19,75
2021-11-24 13:36:30;0;95;19,75
2021-11-24 13:36:35;0;95;19,50
2021-11-24 13:36:40;0;95;19,50
2021-11-24 13:36:45;0;95;19,50
2021-11-24 13:36:50;0;95;19,50
2021-11-24 13:36:55;0;95;19,50
2021-11-24 13:37:00;0;95;19,50
2021-11-24 13:37:05;0;95;19,50
2021-11-24 13:37:10;0;95;19,50
2021-11-24 13:37:15;0;95;19,25
2021-11-24 13:37:20;0;95;19,25
2021-11-24 13:37:25;0;95;19,25
2021-11-24 13:37:30;0;95;19,25
2021-11-24 13:37:35;0;95;19,25
2021-11-24 13:37:40;0;95;19,25
2021-11-24 13:37:45;0;95;19,25
2021-11-24 13:37:50;0;95;19,25
2021-11-24 13:37:55;0;95;19,25
2021-11-24 13:38:00;0;95;19,00
2021-11-24 13:38:05;0;95;19,00
2021-11-24 13:38:10;0;95;19,00
2021-11-24 13:38:15;0;95;19,00
2021-11-24 13:38:20;0;95;19,00
2021-11-24 13:38:25;0;95;19,00
2021-11-24 13:38:30;0;95;19,00
2021-11-24 13:38:35;0;95;19,00
2021-11-24 13:38:40;0;95;19,00
2021-11-24 13:38:45;0;95;18,75
2021-11-24 13:38:50;0;95;18,75
2021-11-24 13:38:55;0;95;18,75
2021-11-24 13:39:00;0;95;18,75
2021-11-24 13:39:05;0;95;18,75
2021-11-24 13:39:10;0;95;18,75
2021-11-24 13:39:15;0;95;18,75
2021-11-24 13:39:20;0;95;18,75
2021-11-24 13:39:25;0;95;18,75
2021-11-24 13:39:30;0;95;18,75
2021-11-24 13:39:35;0;95;18,75
2021-11-24 13:39:40;0;95;18,50
2021-11-24 13:39:45;0;95;18,50
2021-11-24 13:39:50;0;95;18,50
2021-11-24 13:39:55;0;95;18,50
2021-11-24 13:40:00;0;95;18,50
2021-11-24 13:40:05;0;95;18,50
2021-11-24 13:40:10;0;95;18,50
2021-11-24 13:40:15;0;95;18,50
2021-11-24 13:40:20;0;95;18,50
2021-11-24 13:40:25;0;95;18,50
2021-11-24 13:40:30;0;95;18,50
2021-11-24 13:40:35;0;95;18,50
2021-11-24 13:40:40;0;95;18,50
2021-11-24 13:40:45;0;95;18,25
2021-11-24 13:40:50;0;95;18,25
2021-11-24 13:40:55;0;95;18,25
2021-11-24 13:41:00;0;95;18,25
2021-11-24 13:41:05;0;95;18,25
2021-11-24 13:41:10;0;95;18,25
2021-11-24 13:41:15;0;95;18,25
2021-11-24 13:41:20;0;95;18,25
2021-11-24 13:41:25;0;95;18,25
2021-11-24 13:41:30;0;95;18,25
2021-11-24 13:41:35;0;95;18,25
2021-11-24 13:41:40;0;95;18,25
2021-11-24 13:41:45;0;95;18,25
2021-11-24 13:41:50;0;95;18,00
2021-11-24 13:41:55;0;95;18,00
2021-11-24 13:42:00;0;95;18,00
2021-11-24 13:42:05;0;95;18,00
2021-11-24 13:42:10;0;95;18,00
2021-11-24 13:42:15;0;95;18,00
2021-11-24 13:42:20;0;95;18,00
2021-11-24 13:42:25;0;95;18,00
2021-11-24 13:42:30;0;95;18,00
2021-11-24 13:42:35;0;95;18,00
2021-11-24 13:42:40;0;95;18,00
2021-11-24 13:42:45;0;95;18,00
2021-11-24 13:42:50;0;95;18,00
2021-11-24 13:42:55;0;95;18,00
2021-11-24 13:43:00;0;95;17,75
2021-11-24 13:43:05;0;95;17,75
2021-11-24 13:43:10;0;95;17,75
2021-11-24 13:43:15;0;95;17,75
2021-11-24 13:43:20;0;95;17,75
2021-11-24 13:43:25;0;95;17,75
2021-11-24 13:43:30;0;95;17,75
2021-11-24 13:43:35;0;95;17,75
2021-11-24 13:43:40;0;95;17,75
2021-11-24 13:43:45;0;95;17,75
2021-11-24 13:43:50;0;95;17,75
2021-11-24 13:43:55;0;95;17,75
2021-11-24 13:44:00;0;95;17,75
2021-11-24 13:44:05;0;95;17,75
2021-11-24 13:44:10;0;95;17,75
2021-11-24 13:44:15;0;95;17,75
2021-11-24 13:44:20;0;95;17,75
2021-11-24 13:44:25;0;95;17,50
2021-11-24 13:44:30;0;95;17,50
2021-11-24 13:44:35;0;95;17,50
2021-11-24 13:44:40;0;95;17,50
2021-11-24 13:44:45;0;95;17,50
2021-11-24 13:44:50;0;95;17,50
2021-11-24 13:44:55;0;95;17,50
2021-11-24 13:45:00;0;95;17,50
2021-11-24 13:45:05;0;95;17,50
2021-11-24 13:45:10;0;95;17,50
2021-11-24 13:45:15;0;95;17,50
2021-11-24 13:45:20;0;95;17,50
2021-11-24 13:45:25;0;95;17,50
2021-11-24 13:45:30;0;95;17,50
2021-11-24 13:45:35;0;95;17,50
2021-11-24 13:45:40;0;95;17,50
2021-11-24 13:45:45;0;95;17,50
2021-11-24 13:45:50;0;95;17,50
2021-11-24 13:45:55;0;95;17,50
2021-11-24 13:46:00;0;95;17,50
2021-11-24 13:46:05;0;95;17,25
2021-11-24 13:46:10;0;95;17,25
2021-11-24 13:46:15;0;95;17,25
2021-11-24 13:46:20;0;95;17,25
2021-11-24 13:46:25;0;95;17,25
2021-11-24 13:46:30;0;95;17,25
2021-11-24 13:46:35;0;95;17,25
2021-11-24 13:46:40;0;95;17,25
2021-11-24 13:46:45;0;95;17,25
2021-11-24 13:46:50;0;95;17,25
2021-11-24 13:46:55;0;95;17,25
2021-11-24 13:47:00;0;95;17,25
2021-11-24 13:47:05;0;95;17,25
2021-11-24 13:47:10;0;95;17,25
2021-11-24 13:47:15;0;95;17,25
2021-11-24 13:47:20;0;95;17,25
2021-11-24 13:47:25;0;95;17,25
2021-11-24 13:47:30;0;95;17,25
2021-11-24 13:47:35;0;95;17,25
2021-11-24 13:47:40;0;95;17,00
2021-11-24 13:47:45;0;95;17,00
2021-11-24 13:47:50;0;95;17,00
2021-11-24 13:47:55;0;95;17,00
2021-11-24 13:48:00;0;95;17,00
2021-11-24 13:48:05;0;95;17,00
2021-11-24 13:48:10;0;95;17,00
2021-11-24 13:48:15;0;95;17,00
2021-11-24 13:48:20;0;95;17,00
2021-11-24 13:48:25;0;95;17,00
2021-11-24 13:48:30;0;95;17,00
2021-11-24 13:48:35;0;95;17,00
2021-11-24 13:48:40;0;95;17,00
2021-11-24 13:48:45;0;95;17,00
2021-11-24 13:48:50;0;95;17,00
2021-11-24 13:48:55;0;95;17,00
2021-11-24 13:49:00;0;95;17,00
2021-11-24 13:49:05;0;95;17,00
2021-11-24 13:49:10;0;95;17,00
2021-11-24 13:49:15;0;95;17,00
2021-11-24 13:49:20;0;95;17,00
2021-11-24 13:49:25;0;95;17,00
2021-11-24 13:49:30;0;95;17,00
2021-11-24 13:49:35;0;95;17,00
2021-11-24 13:49:40;0;95;17,00
2021-11-24 13:49:45;0;95;17,00
2021-11-24 13:49:50;0;95;16,75
2021-11-24 13:49:55;0;95;17,00
2021-11-24 13:50:00;0;95;16,75
2021-11-24 13:50:05;0;95;16,75
2021-11-24 13:50:10;0;95;16,75
2021-11-24 13:50:15;0;95;16,75
2021-11-24 13:50:20;0;95;16,75
2021-11-24 13:50:25;0;95;16,75
2021-11-24 13:50:30;0;95;16,75
2021-11-24 13:50:35;0;95;16,75
2021-11-24 13:50:40;0;95;16,75
2021-11-24 13:50:45;0;95;16,75
2021-11-24 13:50:50;0;95;16,75
2021-11-24 13:50:55;0;95;16,75
2021-11-24 13:51:00;0;95;16,75
2021-11-24 13:51:05;0;95;16,75
2021-11-24 13:51:10;0;95;16,75
2021-11-24 13:51:15;0;95;16,75
2021-11-24 13:51:20;0;95;16,75
2021-11-24 13:51:25;0;95;16,75
2021-11-24 13:51:30;0;95;16,75
2021-11-24 13:51:35;0;95;16,75
2021-11-24 13:51:40;0;95;16,75
2021-11-24 13:51:45;0;95;16,75
2021-11-24 13:51:50;0;95;16,75
2021-11-24 13:51:55;0;95;16,75
2021-11-24 13:52:00;0;95;16,75
2021-11-24 13:52:05;0;95;16,75
2021-11-24 13:52:10;0;95;16,75
2021-11-24 13:52:15;0;95;16,75
2021-11-24 13:52:20;0;95;16,75
2021-11-24 13:52:25;0;95;16,75
2021-11-24 13:52:30;0;95;16,50
2021-11-24 13:52:35;0;95;16,75
2021-11-24 13:52:40;0;95;16,50
2021-11-24 13:52:45;0;95;16,50
2021-11-24 13:52:50;0;95;16,50
2021-11-24 13:52:55;0;95;16,50
2021-11-24 13:53:00;0;95;16,50
2021-11-24 13:53:05;0;95;16,50
2021-11-24 13:53:10;0;95;16,50
2021-11-24 13:53:15;0;95;16,50
2021-11-24 13:53:20;0;95;16,50
2021-11-24 13:53:25;0;95;16,50
2021-11-24 13:53:30;0;95;16,50
2021-11-24 13:53:35;0;95;16,50
2021-11-24 13:53:40;0;95;16,50
2021-11-24 13:53:45;0;95;16,50
2021-11-24 13:53:50;0;95;16,50
2021-11-24 13:53:55;0;95;16,50
2021-11-24 13:54:00;0;95;16,50
2021-11-24 13:54:05;0;95;16,50
2021-11-24 13:54:10;0;95;16,50
2021-11-24 13:54:15;0;95;16,50
2021-11-24 13:54:20;0;95;16,50
2021-11-24 13:54:25;0;95;16,50
2021-11-24 13:54:30;0;95;16,50
2021-11-24 13:54:35;0;95;16,50
2021-11-24 13:54:40;0;95;16,50
2021-11-24 13:54:45;0;95;16,50
2021-11-24 13:54:50;0;95;16,50
2021-11-24 13:54:55;0;95;16,50
2021-11-24 13:55:00;0;95;16,50
2021-11-24 13:55:05;0;95;16,50
2021-11-24 13:55:10;0;95;16,50
2021-11-24 13:55:15;0;95;16,50
2021-11-24 13:55:20;0;95;16,50
2021-11-24 13:55:25;0;95;16,50
2021-11-24 13:55:30;0;95;16,50
2021-11-24 13:55:35;0;95;16,50
2021-11-24 13:55:40;0;95;16,50
2021-11-24 13:55:45;0;95;16,50
2021-11-24 13:55:50;0;95;16,50
2021-11-24 13:55:55;0;95;16,50
2021-11-24 13:56:00;0;95;16,50
2021-11-24 13:56:05;0;95;16,25
2021-11-24 13:56:10;0;95;16,25
2021-11-24 13:56:15;0;95;16,25
2021-11-24 13:56:20;0;95;16,25
2021-11-24 13:56:25;0;95;16,25
2021-11-24 13:56:30;0;95;16,25
2021-11-24 13:56:35;0;95;16,25
2021-11-24 13:56:40;0;95;16,25
2021-11-24 13:56:45;0;95;16,25
2021-11-24 13:56:50;0;95;16,25
2021-11-24 13:56:55;0;95;16,25
2021-11-24 13:57:00;0;95;16,25
2021-11-24 13:57:05;0;95;16,25
2021-11-24 13:57:10;0;95;16,25
2021-11-24 13:57:15;0;95;16,25
2021-11-24 13:57:20;0;95;16,25
2021-11-24 13:57:25;0;95;16,25
2021-11-24 13:57:30;0;95;16,25
2021-11-24 13:57:35;0;95;16,25
2021-11-24 13:57:40;0;95;16,25
2021-11-24 13:57:45;0;95;16,25
2021-11-24 13:57:50;0;95;16,25
2021-11-24 13:57:55;0;95;16,25
2021-11-24 13:58:00;0;95;16,25
2021-11-24 13:58:05;0;95;16,25
2021-11-24 13:58:10;0;95;16,25
2021-11-24 13:58:15;0;95;16,25
2021-11-24 13:58:20;0;95;16,25
2021-11-24 13:58:25;0;95;16,25
2021-11-24 13:58:30;0;95;16,25
2021-11-24 13:58:35;0;95;16,25
2021-11-24 13:58:40;0;95;16,25
2021-11-24 13:58:45;0;95;16,25
2021-11-24 13:58:50;0;95;16,25
2021-11-24 13:58:55;0;95;16,25
2021-11-24 13:59:00;0;95;16,25
2021-11-24 13:59:05;0;95;16,25
2021-11-24 13:59:10;0;95;16,25
2021-11-24 13:59:15;0;95;16,25
2021-11-24 13:59:20;0;95;16,25
2021-11-24 13:59:25;0;95;16,25
2021-11-24 13:59:30;0;95;16,25
2021-11-24 13:59:35;0;95;16,25
2021-11-24 13:59:40;0;95;16,25
2021-11-24 13:59:45;0;95;16,25
2021-11-24 13:59:50;0;95;16,25
2021-11-24 13:59:55;0;95;16,25
2021-11-24 14:00:00;0;95;16,25
2021-11-24 14:00:05;0;95;16,25
2021-11-24 14:00:10;0;95;16,00
2021-11-24 14:00:15;0;95;16,25
2021-11-24 14:00:20;0;95;16,00
2021-11-24 14:00:25;0;95;16,00
2021-11-24 14:00:30;0;95;16,00
2021-11-24 14:00:35;0;95;16,00
2021-11-24 14:00:40;0;95;16,00
2021-11-24 14:00:45;0;95;16,00
2021-11-24 14:00:50;0;95;16,00
2021-11-24 14:00:55;0;95;16,00
2021-11-24 14:01:00;0;95;16,00
2021-11-24 14:01:05;0;95;16,00
2021-11-24 14:01:10;0;95;16,00
2021-11-24 14:01:15;0;95;16,00
2021-11-24 14:01:20;0;95;16,00
2021-11-24 14:01:25;0;95;16,00
2021-11-24 14:01:30;0;95;16,00
2021-11-24 14:01:35;0;95;16,00
2021-11-24 14:01:40;0;95;16,00
2021-11-24 14:01:45;0;95;16,00
2021-11-24 14:01:50;0;95;16,00
2021-11-24 14:01:55;0;95;16,00
2021-11-24 14:02:00;0;95;16,00
2021-11-24 14:02:05;0;95;16,00
2021-11-24 14:02:10;0;95;16,00
2021-11-24 14:02:15;0;95;16,00
2021-11-24 14:02:20;0;95;16,00
2021-11-24 14:02:25;0;95;16,00
2021-11-24 14:02:30;0;95;16,00
2021-11-24 14:02:35;0;95;16,00
2021-11-24 14:02:40;0;95;16,00
2021-11-24 14:02:45;0;95;16,00
2021-11-24 14:02:50;0;95;16,00
2021-11-24 14:02:55;0;95;16,00
2021-11-24 14:03:00;0;95;16,00
2021-11-24 14:03:05;0;95;16,00
2021-11-24 14:03:10;0;95;16,00
2021-11-24 14:03:15;0;95;16,00
2021-11-24 14:03:20;0;95;16,00
2021-11-24 14:03:25;0;95;16,00
2021-11-24 14:03:30;0;95;16,00
2021-11-24 14:03:35;0;95;16,00
2021-11-24 14:03:40;0;95;16,00
2021-11-24 14:03:45;0;95;16,00
2021-11-24 14:03:50;0;95;16,00
2021-11-24 14:03:55;0;95;16,00
2021-11-24 14:04:00;0;95;16,00
2021-11-24 14:04:05;0;95;16,00
2021-11-24 14:04:10;0;95;16,00
2021-11-24 14:04:15;0;95;16,00
2021-11-24 14:04:20;0;95;16,00
2021-11-24 14:04:25;0;95;16,00
2021-11-24 14:04:30;0;95;16,00
2021-11-24 14:04:35;0;95;16,00
2021-11-24 14:04:40;0;95;16,00
2021-11-24 14:04:45;0;95;16,00
2021-11-24 14:04:50;0;95;16,00
2021-11-24 14:04:55;0;95;16,00
2021-11-24 14:05:00;0;95;16,00
2021-11-24 14:05:05;0;95;16,00
2021-11-24 14:05:10;0;95;16,00
2021-11-24 14:05:15;0;95;16,00
2021-11-24 14:05:20;0;95;16,00
2021-11-24 14:05:25;0;95;16,00
2021-11-24 14:05:30;0;95;16,00
2021-11-24 14:05:35;0;95;16,00
2021-11-24 14:05:40;0;95;16,00
2021-11-24 14:05:45;0;95;16,00
2021-11-24 14:05:50;0;95;16,00
2021-11-24 14:05:55;0;95;16,00
2021-11-24 14:06:00;0;95;16,00
2021-11-24 14:06:05;0;95;16,00
2021-11-24 14:06:10;0;95;16,00
2021-11-24 14:06:15;0;95;15,75
2021-11-24 14:06:20;0;95;15,75
2021-11-24 14:06:25;0;95;16,00
2021-11-24 14:06:30;0;95;15,75
2021-11-24 14:06:35;0;95;15,75
2021-11-24 14:06:40;0;95;15,75
2021-11-24 14:06:45;0;95;15,75
2021-11-24 14:06:50;0;95;15,75
2021-11-24 14:06:55;0;95;15,75
2021-11-24 14:07:00;0;95;15,75
2021-11-24 14:07:05;0;95;15,75
2021-11-24 14:07:10;0;95;15,75
2021-11-24 14:07:15;0;95;15,75
2021-11-24 14:07:20;0;95;15,75
2021-11-24 14:07:25;0;95;15,75
2021-11-24 14:07:30;0;95;15,75
2021-11-24 14:07:35;0;95;15,75
2021-11-24 14:07:40;0;95;15,75
2021-11-24 14:07:45;0;95;15,75
2021-11-24 14:07:50;0;95;15,75
2021-11-24 14:07:55;0;95;15,75
2021-11-24 14:08:00;0;95;15,75
2021-11-24 14:08:05;0;95;15,75
2021-11-24 14:08:10;0;95;15,75
2021-11-24 14:08:15;0;95;15,75
2021-11-24 14:08:20;0;95;15,75
2021-11-24 14:08:25;0;95;15,75
2021-11-24 14:08:30;0;95;15,75
2021-11-24 14:08:35;0;95;15,75
2021-11-24 14:08:40;0;95;15,75
2021-11-24 14:08:45;0;95;15,75
2021-11-24 14:08:50;0;95;15,75
2021-11-24 14:08:55;0;95;15,75
2021-11-24 14:09:00;0;95;15,75
2021-11-24 14:09:05;0;95;15,75
2021-11-24 14:09:10;0;95;15,75
2021-11-24 14:09:15;0;95;15,75
2021-11-24 14:09:20;0;95;15,75
2021-11-24 14:09:25;0;95;15,75
2021-11-24 14:09:30;0;95;15,75
2021-11-24 14:09:35;0;95;15,75
2021-11-24 14:09:40;0;95;15,75
2021-11-24 14:09:45;0;95;15,75
2021-11-24 14:09:50;0;95;15,75
2021-11-24 14:09:55;0;95;15,75
2021-11-24 14:10:00;0;95;15,75
2021-11-24 14:10:05;0;95;15,75
2021-11-24 14:10:10;0;95;15,75
2021-11-24 14:10:15;0;95;15,75
2021-11-24 14:10:20;0;95;15,75
2021-11-24 14:10:25;0;95;15,75
2021-11-24 14:10:30;0;95;15,75
2021-11-24 14:10:35;0;95;15,75
2021-11-24 14:10:40;0;95;15,75
2021-11-24 14:10:45;0;95;15,75
2021-11-24 14:10:50;0;95;15,75
2021-11-24 14:10:55;0;95;15,75
2021-11-24 14:11:00;0;95;15,75
2021-11-24 14:11:05;0;95;15,75
2021-11-24 14:11:10;0;95;15,75
2021-11-24 14:11:15;0;95;15,75
2021-11-24 14:11:20;0;95;15,75
2021-11-24 14:11:25;0;95;15,75
2021-11-24 14:11:30;0;95;15,75
2021-11-24 14:11:35;0;95;15,75
2021-11-24 14:11:40;0;95;15,75
2021-11-24 14:11:45;0;95;15,75
2021-11-24 14:11:50;0;95;15,75
2021-11-24 14:11:55;0;95;15,75
2021-11-24 14:12:00;0;95;15,75
2021-11-24 14:12:05;0;95;15,75
2021-11-24 14:12:10;0;95;15,75
2021-11-24 14:12:15;0;95;15,75
2021-11-24 14:12:20;0;95;15,75
2021-11-24 14:12:25;0;95;15,75
2021-11-24 14:12:30;0;95;15,75
2021-11-24 14:12:35;0;95;15,75
2021-11-24 14:12:40;0;95;15,75
2021-11-24 14:12:45;0;95;15,75
2021-11-24 14:12:50;0;95;15,75
2021-11-24 14:12:55;0;95;15,75
2021-11-24 14:13:00;0;95;15,75
2021-11-24 14:13:05;0;95;15,75
2021-11-24 14:13:10;0;95;15,75
2021-11-24 14:13:15;0;95;15,75
2021-11-24 14:13:20;0;95;15,75
2021-11-24 14:13:25;0;95;15,75
2021-11-24 14:13:30;0;95;15,75
2021-11-24 14:13:35;0;95;15,75
2021-11-24 14:13:40;0;95;15,75
2021-11-24 14:13:45;0;95;15,75
2021-11-24 14:13:50;0;95;15,75
2021-11-24 14:13:55;0;95;15,75
2021-11-24 14:14:00;0;95;15,75
2021-11-24 14:14:05;0;95;15,75
2021-11-24 14:14:10;0;95;15,75
2021-11-24 14:14:15;0;95;15,75
2021-11-24 14:14:20;0;95;15,75
2021-11-24 14:14:25;0;95;15,75
2021-11-24 14:14:30;0;95;15,75
2021-11-24 14:14:35;0;95;15,75
2021-11-24 14:14:40;0;95;15,75
2021-11-24 14:14:45;0;95;15,75
2021-11-24 14:14:50;0;95;15,75
2021-11-24 14:14:55;0;95;15,75
2021-11-24 14:15:00;0;95;15,75
2021-11-24 14:15:05;0;95;15,50
2021-11-24 14:15:10;0;95;15,75
2021-11-24 14:15:15;0;95;15,75
2021-11-24 14:15:20;0;95;15,75
2021-11-24 14:15:25;0;95;15,75
2021-11-24 14:15:30;0;95;15,75
2021-11-24 14:15:35;0;95;15,50
2021-11-24 14:15:40;0;95;15,75
2021-11-24 14:15:45;0;95;15,75
2021-11-24 14:15:50;0;95;15,75
2021-11-24 14:15:55;0;95;15,75
2021-11-24 14:16:00;0;95;15,75
2021-11-24 14:16:05;0;95;15,75
2021-11-24 14:16:10;0;95;15,75
2021-11-24 14:16:15;0;95;15,75
2021-11-24 14:16:20;0;95;15,50
2021-11-24 14:16:25;0;95;15,75
2021-11-24 14:16:30;0;95;15,75
2021-11-24 14:16:35;0;95;15,75
2021-11-24 14:16:40;0;95;15,75
2021-11-24 14:16:45;0;95;15,75
2021-11-24 14:16:50;0;95;15,75
2021-11-24 14:16:55;0;95;15,75
2021-11-24 14:17:00;0;95;15,75
2021-11-24 14:17:05;0;95;15,50
2021-11-24 14:17:10;0;95;15,75
2021-11-24 14:17:15;0;95;15,50
2021-11-24 14:17:20;0;95;15,50
2021-11-24 14:17:25;0;95;15,50
2021-11-24 14:17:30;0;95;15,50
2021-11-24 14:17:35;0;95;15,50
2021-11-24 14:17:40;0;95;15,50
2021-11-24 14:17:45;0;95;15,50
2021-11-24 14:17:50;0;95;15,50
2021-11-24 14:17:55;0;95;15,50
2021-11-24 14:18:00;0;95;15,50
2021-11-24 14:18:05;0;95;15,50
2021-11-24 14:18:10;0;95;15,50
2021-11-24 14:18:15;0;95;15,50
2021-11-24 14:18:20;0;95;15,50
2021-11-24 14:18:25;0;95;15,50
2021-11-24 14:18:30;0;95;15,50
2021-11-24 14:18:35;0;95;15,50
2021-11-24 14:18:40;0;95;15,50
2021-11-24 14:18:45;0;95;15,50
2021-11-24 14:18:50;0;95;15,50
2021-11-24 14:18:55;0;95;15,50
2021-11-24 14:19:00;0;95;15,50
2021-11-24 14:19:05;0;95;15,50
2021-11-24 14:19:10;0;95;15,50
2021-11-24 14:19:15;0;95;15,50
2021-11-24 14:19:20;0;95;15,50
2021-11-24 14:19:25;0;95;15,50
2021-11-24 14:19:30;0;95;15,50
2021-11-24 14:19:35;0;95;15,50
2021-11-24 14:19:40;0;95;15,50
2021-11-24 14:19:45;0;95;15,50
2021-11-24 14:19:50;0;95;15,50
2021-11-24 14:19:55;0;95;15,50
2021-11-24 14:20:00;0;95;15,50
2021-11-24 14:20:05;0;95;15,50
2021-11-24 14:20:10;0;95;15,50
2021-11-24 14:20:15;0;95;15,50
2021-11-24 14:20:20;0;95;15,50
2021-11-24 14:20:25;0;95;15,50
2021-11-24 14:20:30;0;95;15,50
2021-11-24 14:20:35;0;95;15,50
2021-11-24 14:20:40;0;95;15,50
2021-11-24 14:20:45;0;95;15,50
2021-11-24 14:20:50;0;95;15,50
2021-11-24 14:20:55;0;95;15,50
2021-11-24 14:21:00;0;95;15,50
2021-11-24 14:21:05;0;95;15,50
2021-11-24 14:21:10;0;95;15,50
2021-11-24 14:21:15;0;95;15,50
2021-11-24 14:21:20;0;95;15,50
2021-11-24 14:21:25;0;95;15,50
2021-11-24 14:21:30;0;95;15,50
2021-11-24 14:21:35;0;95;15,50
2021-11-24 14:21:40;0;95;15,50
2021-11-24 14:21:45;0;95;15,50
2021-11-24 14:21:50;0;95;15,50
2021-11-24 14:21:55;0;95;15,50
2021-11-24 14:22:00;0;95;15,50
2021-11-24 14:22:05;0;95;15,50
2021-11-24 14:22:10;0;95;15,50
2021-11-24 14:22:15;0;95;15,50
2021-11-24 14:22:20;0;95;15,50
2021-11-24 14:22:25;0;95;15,50
2021-11-24 14:22:30;0;95;15,50
2021-11-24 14:22:35;0;95;15,50
2021-11-24 14:22:40;0;95;15,50
2021-11-24 14:22:45;0;95;15,50
2021-11-24 14:22:50;0;95;15,50
2021-11-24 14:22:55;0;95;15,50
2021-11-24 14:23:00;0;95;15,50
2021-11-24 14:23:05;0;95;15,50
2021-11-24 14:23:10;0;95;15,50
2021-11-24 14:23:15;0;95;15,50
2021-11-24 14:23:20;0;95;15,50
2021-11-24 14:23:25;0;95;15,50
2021-11-24 14:23:30;0;95;15,50
2021-11-24 14:23:35;0;95;15,50
2021-11-24 14:23:40;0;95;15,50
2021-11-24 14:23:45;0;95;15,50
2021-11-24 14:23:50;0;95;15,50
2021-11-24 14:23:55;0;95;15,50
2021-11-24 14:24:00;0;95;15,50
2021-11-24 14:24:05;0;95;15,50
2021-11-24 14:24:10;0;95;15,50
2021-11-24 14:24:15;0;95;15,50
2021-11-24 14:24:20;0;95;15,50
2021-11-24 14:24:25;0;95;15,50
2021-11-24 14:24:30;0;95;15,50
2021-11-24 14:24:35;0;95;15,50
2021-11-24 14:24:40;0;95;15,50
2021-11-24 14:24:45;0;95;15,50
2021-11-24 14:24:50;0;95;15,50
2021-11-24 14:24:55;0;95;15,50
2021-11-24 14:25:00;0;95;15,50
2021-11-24 14:25:05;0;95;15,50
2021-11-24 14:25:10;0;95;15,50
2021-11-24 14:25:15;0;95;15,50
2021-11-24 14:25:20;0;95;15,50
2021-11-24 14:25:25;0;95;15,50
2021-11-24 14:25:30;0;95;15,50
2021-11-24 14:25:35;0;95;15,50
2021-11-24 14:25:40;0;95;15,50
2021-11-24 14:25:45;0;95;15,50
2021-11-24 14:25:50;0;95;15,50
2021-11-24 14:25:55;0;95;15,50
2021-11-24 14:26:00;0;95;15,50
2021-11-24 14:26:05;0;95;15,50
2021-11-24 14:26:10;0;95;15,50
2021-11-24 14:26:15;0;95;15,50
2021-11-24 14:26:20;0;95;15,50
2021-11-24 14:26:25;0;95;15,50
2021-11-24 14:26:30;0;95;15,50
2021-11-24 14:26:35;0;95;15,50
2021-11-24 14:26:40;0;95;15,50
2021-11-24 14:26:45;0;95;15,50
2021-11-24 14:26:50;0;95;15,50
2021-11-24 14:26:55;0;95;15,50
2021-11-24 14:27:00;0;95;15,50
2021-11-24 14:27:05;0;95;15,50
2021-11-24 14:27:10;0;95;15,50
2021-11-24 14:27:15;0;95;15,50
2021-11-24 14:27:20;0;95;15,50
2021-11-24 14:27:25;0;95;15,50
2021-11-24 14:27:30;0;95;15,50
2021-11-24 14:27:35;0;95;15,50
2021-11-24 14:27:40;0;95;15,50
2021-11-24 14:27:45;0;95;15,50
2021-11-24 14:27:50;0;95;15,50
2021-11-24 14:27:55;0;95;15,50
2021-11-24 14:28:00;0;95;15,50
2021-11-24 14:28:05;0;95;15,50
2021-11-24 14:28:10;0;95;15,50
2021-11-24 14:28:15;0;95;15,50
2021-11-24 14:28:20;0;95;15,50
2021-11-24 14:28:25;0;95;15,50
2021-11-24 14:28:30;0;95;15,50
2021-11-24 14:28:35;0;95;15,50
2021-11-24 14:28:40;0;95;15,50
2021-11-24 14:28:45;0;95;15,50
2021-11-24 14:28:50;0;95;15,50
2021-11-24 14:28:55;0;95;15,50
2021-11-24 14:29:00;0;95;15,50
2021-11-24 14:29:05;0;95;15,50
2021-11-24 14:29:10;0;95;15,50
2021-11-24 14:29:15;0;95;15,50
2021-11-24 14:29:20;0;95;15,50
2021-11-24 14:29:25;0;95;15,50
2021-11-24 14:29:30;0;95;15,50
2021-11-24 14:29:35;0;95;15,50
2021-11-24 14:29:40;0;95;15,50
2021-11-24 14:29:45;0;95;15,50
2021-11-24 14:29:50;0;95;15,50
2021-11-24 14:29:55;0;95;15,50
2021-11-24 14:30:00;0;95;15,50
2021-11-24 14:30:05;0;95;15,50
2021-11-24 14:30:10;0;95;15,50
2021-11-24 14:30:15;0;95;15,50
2021-11-24 14:30:20;0;95;15,50
2021-11-24 14:30:25;0;95;15,50
2021-11-24 14:30:30;0;95;15,50
2021-11-24 14:30:35;0;95;15,50
2021-11-24 14:30:40;0;95;15,50
2021-11-24 14:30:45;0;95;15,50
2021-11-24 14:30:50;0;95;15,50
2021-11-24 14:30:55;0;95;15,50
2021-11-24 14:31:00;0;95;15,50
2021-11-24 14:31:05;0;95;15,50
2021-11-24 14:31:10;0;95;15,50
2021-11-24 14:31:15;0;95;15,50
2021-11-24 14:31:20;0;95;15,50
2021-11-24 14:31:25;0;95;15,50
2021-11-24 14:31:30;0;95;15,50
2021-11-24 14:31:35;0;95;15,50
2021-11-24 14:31:40;0;95;15,50
2021-11-24 14:31:45;0;95;15,50
2021-11-24 14:31:50;0;95;15,50
2021-11-24 14:31:55;0;95;15,50
2021-11-24 14:32:00;0;95;15,50
2021-11-24 14:32:05;0;95;15,50
2021-11-24 14:32:10;0;95;15,50
2021-11-24 14:32:15;0;95;15,50
2021-11-24 14:32:20;0;95;15,50
2021-11-24 14:32:25;0;95;15,50
2021-11-24 14:32:30;0;95;15,50
2021-11-24 14:32:35;0;95;15,50
2021-11-24 14:32:40;0;95;15,50
2021-11-24 14:32:45;0;95;15,50
2021-11-24 14:32:50;0;95;15,50
2021-11-24 14:32:55;0;95;15,25
2021-11-24 14:33:00;0;95;15,50
2021-11-24 14:33:05;0;95;15,50
2021-11-24 14:33:10;0;95;15,50
2021-11-24 14:33:15;0;95;15,50
2021-11-24 14:33:20;0;95;15,50
2021-11-24 14:33:25;0;95;15,50
2021-11-24 14:33:30;0;95;15,50
2021-11-24 14:33:35;0;95;15,50
2021-11-24 14:33:40;0;95;15,50
2021-11-24 14:33:45;0;95;15,50
2021-11-24 14:33:50;0;95;15,50
2021-11-24 14:33:55;0;95;15,50
2021-11-24 14:34:00;0;95;15,50
2021-11-24 14:34:05;0;95;15,50
2021-11-24 14:34:10;0;95;15,50
2021-11-24 14:34:15;0;95;15,50
2021-11-24 14:34:20;0;95;15,50
2021-11-24 14:34:25;0;95;15,50
2021-11-24 14:34:30;0;95;15,50
2021-11-24 14:34:35;0;95;15,50
2021-11-24 14:34:40;0;95;15,50
2021-11-24 14:34:45;0;95;15,50
2021-11-24 14:34:50;0;95;15,50
2021-11-24 14:34:55;0;95;15,50
2021-11-24 14:35:00;0;95;15,50
2021-11-24 14:35:05;0;95;15,50
2021-11-24 14:35:10;0;95;15,50
2021-11-24 14:35:15;0;95;15,50
2021-11-24 14:35:20;0;95;15,50
2021-11-24 14:35:25;0;95;15,50
2021-11-24 14:35:30;0;95;15,50
2021-11-24 14:35:35;0;95;15,50
2021-11-24 14:35:40;0;95;15,50
2021-11-24 14:35:45;0;95;15,50
2021-11-24 14:35:50;0;95;15,25
2021-11-24 14:35:55;0;95;15,25
2021-11-24 14:36:00;0;95;15,50
2021-11-24 14:36:05;0;95;15,50
2021-11-24 14:36:10;0;95;15,25
2021-11-24 14:36:15;0;95;15,25
2021-11-24 14:36:20;0;95;15,50
2021-11-24 14:36:25;0;95;15,25
2021-11-24 14:36:30;0;95;15,50
2021-11-24 14:36:35;0;95;15,25
2021-11-24 14:36:40;0;95;15,50
2021-11-24 14:36:45;0;95;15,50
2021-11-24 14:36:50;0;95;15,50
2021-11-24 14:36:55;0;95;15,25
2021-11-24 14:37:00;0;95;15,25
2021-11-24 14:37:05;0;95;15,50
2021-11-24 14:37:10;0;95;15,50
2021-11-24 14:37:15;0;95;15,25
2021-11-24 14:37:20;0;95;15,25
2021-11-24 14:37:25;0;95;15,50
2021-11-24 14:37:30;0;95;15,50
2021-11-24 14:37:35;0;95;15,50
2021-11-24 14:37:40;0;95;15,25
2021-11-24 14:37:45;0;95;15,25
2021-11-24 14:37:50;0;95;15,25
2021-11-24 14:37:55;0;95;15,25
2021-11-24 14:38:00;0;95;15,50
2021-11-24 14:38:05;0;95;15,25
2021-11-24 14:38:10;0;95;15,25
2021-11-24 14:38:15;0;95;15,25
2021-11-24 14:38:20;0;95;15,25
2021-11-24 14:38:25;0;95;15,25
2021-11-24 14:38:30;0;95;15,25
2021-11-24 14:38:35;0;95;15,25
2021-11-24 14:38:40;0;95;15,25
2021-11-24 14:38:45;0;95;15,25
2021-11-24 14:38:50;0;95;15,25
2021-11-24 14:38:55;0;95;15,25
2021-11-24 14:39:00;0;95;15,25
2021-11-24 14:39:05;0;95;15,25
2021-11-24 14:39:10;0;95;15,25
2021-11-24 14:39:15;0;95;15,25
2021-11-24 14:39:20;0;95;15,25
2021-11-24 14:39:25;0;95;15,25
2021-11-24 14:39:30;0;95;15,25
2021-11-24 14:39:35;0;95;15,25
2021-11-24 14:39:40;0;95;15,25
2021-11-24 14:39:45;0;95;15,25
2021-11-24 14:39:50;0;95;15,25
2021-11-24 14:39:55;0;95;15,25
2021-11-24 14:40:00;0;95;15,25
2021-11-24 14:40:05;0;95;15,25
2021-11-24 14:40:10;0;95;15,25
2021-11-24 14:40:15;0;95;15,25
2021-11-24 14:40:20;0;95;15,25
2021-11-24 14:40:25;0;95;15,25
2021-11-24 14:40:30;0;95;15,25
2021-11-24 14:40:35;0;95;15,25
2021-11-24 14:40:40;0;95;15,25
2021-11-24 14:40:45;0;95;15,25
2021-11-24 14:40:50;0;95;15,25
2021-11-24 14:40:55;0;95;15,25
2021-11-24 14:41:00;0;95;15,25
2021-11-24 14:41:05;0;95;15,25
2021-11-24 14:41:10;0;95;15,25
2021-11-24 14:41:15;0;95;15,25
2021-11-24 14:41:20;0;95;15,25
2021-11-24 14:41:25;0;95;15,25
2021-11-24 14:41:30;0;95;15,25
2021-11-24 14:41:35;0;95;15,25
2021-11-24 14:41:40;0;95;15,25
2021-11-24 14:41:45;0;95;15,25
2021-11-24 14:41:50;0;95;15,25
2021-11-24 14:41:55;0;95;15,25
2021-11-24 14:42:00;0;95;15,25
2021-11-24 14:42:05;0;95;15,25
2021-11-24 14:42:10;0;95;15,25
2021-11-24 14:42:15;0;95;15,25
2021-11-24 14:42:20;0;95;15,25
2021-11-24 14:42:25;0;95;15,25
2021-11-24 14:42:30;0;95;15,25
2021-11-24 14:42:35;0;95;15,25
2021-11-24 14:42:40;0;95;15,25
2021-11-24 14:42:45;0;95;15,25
2021-11-24 14:42:50;0;95;15,25
2021-11-24 14:42:55;0;95;15,25
2021-11-24 14:43:00;0;95;15,25
2021-11-24 14:43:05;0;95;15,25
2021-11-24 14:43:10;0;95;15,25
2021-11-24 14:43:15;0;95;15,25
2021-11-24 14:43:20;0;95;15,25
2021-11-24 14:43:25;0;95;15,25
2021-11-24 14:43:30;0;95;15,25
2021-11-24 14:43:35;0;95;15,25
2021-11-24 14:43:40;0;95;15,25
2021-11-24 14:43:45;0;95;15,25
2021-11-24 14:43:50;0;95;15,25
2021-11-24 14:43:55;0;95;15,25
2021-11-24 14:44:00;0;95;15,25
2021-11-24 14:44:05;0;95;15,25
2021-11-24 14:44:10;0;95;15,25
2021-11-24 14:44:15;0;95;15,25
2021-11-24 14:44:20;0;95;15,25
2021-11-24 14:44:25;0;95;15,25
2021-11-24 14:44:30;0;95;15,25
2021-11-24 14:44:35;0;95;15,25
2021-11-24 14:44:40;0;95;15,25
2021-11-24 14:44:45;0;95;15,25
2021-11-24 14:44:50;0;95;15,25
2021-11-24 14:44:55;0;95;15,25
2021-11-24 14:45:00;0;95;15,25
2021-11-24 14:45:05;0;95;15,25
2021-11-24 14:45:10;0;95;15,25
2021-11-24 14:45:15;0;95;15,25
2021-11-24 14:45:20;0;95;15,25
2021-11-24 14:45:25;0;95;15,25
2021-11-24 14:45:30;0;95;15,25
2021-11-24 14:45:35;0;95;15,25
2021-11-24 14:45:40;0;95;15,25
2021-11-24 14:45:45;0;95;15,25
2021-11-24 14:45:50;0;95;15,25
2021-11-24 14:45:55;0;95;15,25
2021-11-24 14:46:00;0;95;15,25
2021-11-24 14:46:05;0;95;15,25
2021-11-24 14:46:10;0;95;15,25
2021-11-24 14:46:15;0;95;15,25
2021-11-24 14:46:20;0;95;15,25
2021-11-24 14:46:25;0;95;15,25
2021-11-24 14:46:30;0;95;15,25
2021-11-24 14:46:35;0;95;15,25
2021-11-24 14:46:40;0;95;15,25
2021-11-24 14:46:45;0;95;15,25
2021-11-24 14:46:50;0;95;15,25
2021-11-24 14:46:55;0;95;15,25
2021-11-24 14:47:00;0;95;15,25
2021-11-24 14:47:05;0;95;15,25
2021-11-24 14:47:10;0;95;15,25
2021-11-24 14:47:15;0;95;15,25
2021-11-24 14:47:20;0;95;15,25
2021-11-24 14:47:25;0;95;15,25
2021-11-24 14:47:30;0;95;15,25
2021-11-24 14:47:35;0;95;15,25
2021-11-24 14:47:40;0;95;15,25
2021-11-24 14:47:45;0;95;15,25
2021-11-24 14:47:50;0;95;15,25
2021-11-24 14:47:55;0;95;15,25
2021-11-24 14:48:00;0;95;15,25
2021-11-24 14:48:05;0;95;15,25
2021-11-24 14:48:10;0;95;15,25
2021-11-24 14:48:15;0;95;15,25
2021-11-24 14:48:20;0;95;15,25
2021-11-24 14:48:25;0;95;15,25
2021-11-24 14:48:30;0;95;15,25
2021-11-24 14:48:35;0;95;15,25
2021-11-24 14:48:40;0;95;15,25
2021-11-24 14:48:45;0;95;15,25
2021-11-24 14:48:50;0;95;15,25
2021-11-24 14:48:55;0;95;15,25
2021-11-24 14:49:00;0;95;15,25
2021-11-24 14:49:05;0;95;15,25
2021-11-24 14:49:10;0;95;15,25
2021-11-24 14:49:15;0;95;15,25
2021-11-24 14:49:20;0;95;15,25
2021-11-24 14:49:25;0;95;15,25
2021-11-24 14:49:30;0;95;15,25
2021-11-24 14:49:35;0;95;15,25
2021-11-24 14:49:40;0;95;15,25
2021-11-24 14:49:45;0;95;15,25
2021-11-24 14:49:50;0;95;15,25
2021-11-24 14:49:55;0;95;15,25
2021-11-24 14:50:00;0;95;15,25
2021-11-24 14:50:05;0;95;15,25
2021-11-24 14:50:10;0;95;15,25
2021-11-24 14:50:15;0;95;15,25
2021-11-24 14:50:20;0;95;15,25
2021-11-24 14:50:25;0;95;15,25
2021-11-24 14:50:30;0;95;15,25
2021-11-24 14:50:35;0;95;15,25
2021-11-24 14:50:40;0;95;15,25
2021-11-24 14:50:45;0;95;15,25
2021-11-24 14:50:50;0;95;15,25
2021-11-24 14:50:55;0;95;15,25
2021-11-24 14:51:00;0;95;15,25
2021-11-24 14:51:05;0;95;15,25
2021-11-24 14:51:10;0;95;15,25
2021-11-24 14:51:15;0;95;15,25
2021-11-24 14:51:20;0;95;15,25
2021-11-24 14:51:25;0;95;15,25
2021-11-24 14:51:30;0;95;15,25
2021-11-24 14:51:35;0;95;15,25
2021-11-24 14:51:40;0;95;15,25
2021-11-24 14:51:45;0;95;15,25
2021-11-24 14:51:50;0;95;15,25
2021-11-24 14:51:55;0;95;15,25
2021-11-24 14:52:00;0;95;15,25
2021-11-24 14:52:05;0;95;15,25
2021-11-24 14:52:10;0;95;15,25
2021-11-24 14:52:15;0;95;15,25
2021-11-24 14:52:20;0;95;15,25
2021-11-24 14:52:25;0;95;15,25
2021-11-24 14:52:30;0;95;15,25
2021-11-24 14:52:35;0;95;15,25
2021-11-24 14:52:40;0;95;15,25
2021-11-24 14:52:45;0;95;15,25
2021-11-24 14:52:50;0;95;15,25
2021-11-24 14:52:55;0;95;15,25
2021-11-24 14:53:00;0;95;15,25
2021-11-24 14:53:05;0;95;15,25
2021-11-24 14:53:10;0;95;15,25
2021-11-24 14:53:15;0;95;15,25
2021-11-24 14:53:20;0;95;15,25
2021-11-24 14:53:25;0;95;15,25
2021-11-24 14:53:30;0;95;15,25
2021-11-24 14:53:35;0;95;15,25
2021-11-24 14:53:40;0;95;15,25
2021-11-24 14:53:45;0;95;15,25
2021-11-24 14:53:50;0;95;15,25
2021-11-24 14:53:55;0;95;15,25
2021-11-24 14:54:00;0;95;15,25
2021-11-24 14:54:05;0;95;15,25
2021-11-24 14:54:10;0;95;15,25
2021-11-24 14:54:15;0;95;15,25
2021-11-24 14:54:20;0;95;15,25
2021-11-24 14:54:25;0;95;15,25
2021-11-24 14:54:30;0;95;15,25
2021-11-24 14:54:35;0;95;15,25
2021-11-24 14:54:40;0;95;15,25
2021-11-24 14:54:45;0;95;15,25
2021-11-24 14:54:50;0;95;15,25
2021-11-24 14:54:55;0;95;15,25
2021-11-24 14:55:00;0;95;15,25
2021-11-24 14:55:05;0;95;15,25
2021-11-24 14:55:10;0;95;15,25
2021-11-24 14:55:15;0;95;15,25
2021-11-24 14:55:20;0;95;15,25
2021-11-24 14:55:25;0;95;15,25
2021-11-24 14:55:30;0;95;15,25
2021-11-24 14:55:35;0;95;15,25
2021-11-24 14:55:40;0;95;15,25
2021-11-24 14:55:45;0;95;15,25
2021-11-24 14:55:50;0;95;15,25
2021-11-24 14:55:55;0;95;15,25
2021-11-24 14:56:00;0;95;15,25
2021-11-24 14:56:05;0;95;15,25
2021-11-24 14:56:10;0;95;15,25
2021-11-24 14:56:15;0;95;15,25
2021-11-24 14:56:20;0;95;15,25
2021-11-24 14:56:25;0;95;15,25
2021-11-24 14:56:30;0;95;15,25
2021-11-24 14:56:35;0;95;15,25
2021-11-24 14:56:40;0;95;15,25
2021-11-24 14:56:45;0;95;15,25
2021-11-24 14:56:50;0;95;15,25
2021-11-24 14:56:55;0;95;15,25
2021-11-24 14:57:00;0;95;15,25
2021-11-24 14:57:05;0;95;15,25
2021-11-24 14:57:10;0;95;15,25
2021-11-24 14:57:15;0;95;15,25
2021-11-24 14:57:20;0;95;15,25
2021-11-24 14:57:25;0;95;15,25
2021-11-24 14:57:30;0;95;15,25
2021-11-24 14:57:35;0;95;15,25
2021-11-24 14:57:40;0;95;15,25
2021-11-24 14:57:45;0;95;15,25
2021-11-24 14:57:50;0;95;15,25
2021-11-24 14:57:55;0;95;15,25
2021-11-24 14:58:00;0;95;15,25
2021-11-24 14:58:05;0;95;15,25
2021-11-24 14:58:10;0;95;15,25
2021-11-24 14:58:15;0;95;15,25
2021-11-24 14:58:20;0;95;15,25
2021-11-24 14:58:25;0;95;15,25
2021-11-24 14:58:30;0;95;15,25
2021-11-24 14:58:35;0;95;15,25
2021-11-24 14:58:40;0;95;15,25
2021-11-24 14:58:45;0;95;15,25
2021-11-24 14:58:50;0;95;15,25
2021-11-24 14:58:55;0;95;15,25
2021-11-24 14:59:00;0;95;15,25
2021-11-24 14:59:05;0;95;15,25
2021-11-24 14:59:10;0;95;15,25
2021-11-24 14:59:15;0;95;15,25
2021-11-24 14:59:20;0;95;15,25
2021-11-24 14:59:25;0;95;15,25
2021-11-24 14:59:30;0;95;15,25
2021-11-24 14:59:35;0;95;15,25
2021-11-24 14:59:40;0;95;15,25
2021-11-24 14:59:45;0;95;15,25
2021-11-24 14:59:50;0;95;15,25
2021-11-24 14:59:55;0;95;15,25
2021-11-24 15:00:00;0;95;15,25
2021-11-24 15:00:05;0;95;15,25
2021-11-24 15:00:10;0;95;15,25
2021-11-24 15:00:15;0;95;15,25
2021-11-24 15:00:20;0;95;15,25
2021-11-24 15:00:25;0;95;15,25
2021-11-24 15:00:30;0;95;15,25
2021-11-24 15:00:35;0;95;15,25
2021-11-24 15:00:40;0;95;15,25
2021-11-24 15:00:45;0;95;15,25
2021-11-24 15:00:50;0;95;15,25
2021-11-24 15:00:55;0;95;15,25
2021-11-24 15:01:00;0;95;15,25
2021-11-24 15:01:05;0;95;15,25
2021-11-24 15:01:10;0;95;15,25
2021-11-24 15:01:15;0;95;15,25
2021-11-24 15:01:20;0;95;15,25
2021-11-24 15:01:25;0;95;15,25
2021-11-24 15:01:30;0;95;15,25
2021-11-24 15:01:35;0;95;15,25
2021-11-24 15:01:40;0;95;15,25
2021-11-24 15:01:45;0;95;15,25
2021-11-24 15:01:50;0;95;15,25
2021-11-24 15:01:55;0;95;15,25
2021-11-24 15:02:00;0;95;15,25
2021-11-24 15:02:05;0;95;15,25
2021-11-24 15:02:10;0;95;15,25
2021-11-24 15:02:15;0;95;15,25
2021-11-24 15:02:20;0;95;15,25
2021-11-24 15:02:25;0;95;15,25
2021-11-24 15:02:30;0;95;15,25
2021-11-24 15:02:35;0;95;15,25
2021-11-24 15:02:40;0;95;15,25
2021-11-24 15:02:45;0;95;15,25
2021-11-24 15:02:50;0;95;15,25
2021-11-24 15:02:55;0;95;15,25
2021-11-24 15:03:00;0;95;15,25
2021-11-24 15:03:05;0;95;15,25
2021-11-24 15:03:10;0;95;15,25
2021-11-24 15:03:15;0;95;15,25
2021-11-24 15:03:20;0;95;15,25
2021-11-24 15:03:25;0;95;15,25
2021-11-24 15:03:30;0;95;15,25
2021-11-24 15:03:35;0;95;15,25
2021-11-24 15:03:40;0;95;15,25
2021-11-24 15:03:45;0;95;15,25
2021-11-24 15:03:50;0;95;15,25
2021-11-24 15:03:55;0;95;15,25
2021-11-24 15:04:00;0;95;15,25
2021-11-24 15:04:05;0;95;15,25
2021-11-24 15:04:10;0;95;15,25
2021-11-24 15:04:15;0;95;15,25
2021-11-24 15:04:20;0;95;15,25
2021-11-24 15:04:25;0;95;15,25
2021-11-24 15:04:30;0;95;15,25
2021-11-24 15:04:35;0;95;15,25
2021-11-24 15:04:40;0;95;15,25
2021-11-24 15:04:45;0;95;15,25
2021-11-24 15:04:50;0;95;15,25
2021-11-24 15:04:55;0;95;15,25
2021-11-24 15:05:00;0;95;15,25
2021-11-24 15:05:05;0;95;15,25
2021-11-24 15:05:10;0;95;15,25
2021-11-24 15:05:15;0;95;15,25
2021-11-24 15:05:20;0;95;15,25
2021-11-24 15:05:25;0;95;15,25
2021-11-24 15:05:30;0;95;15,25
2021-11-24 15:05:35;0;95;15,25
2021-11-24 15:05:40;0;95;15,25
2021-11-24 15:05:45;0;95;15,25
2021-11-24 15:05:50;0;95;15,25
2021-11-24 15:05:55;0;95;15,25
2021-11-24 15:06:00;0;95;15,25
2021-11-24 15:06:05;0;95;15,25
2021-11-24 15:06:10;0;95;15,25
2021-11-24 15:06:15;0;95;15,25
2021-11-24 15:06:20;0;95;15,25
2021-11-24 15:06:25;0;95;15,25
2021-11-24 15:06:30;0;95;15,25
2021-11-24 15:06:35;0;95;15,25
2021-11-24 15:06:40;0;95;15,25
2021-11-24 15:06:45;0;95;15,25
2021-11-24 15:06:50;0;95;15,25
2021-11-24 15:06:55;0;95;15,25
2021-11-24 15:07:00;0;95;15,25
2021-11-24 15:07:05;0;95;15,25
2021-11-24 15:07:10;0;95;15,25
2021-11-24 15:07:15;0;95;15,25
2021-11-24 15:07:20;0;95;15,25
2021-11-24 15:07:25;0;95;15,25
2021-11-24 15:07:30;0;95;15,25
2021-11-24 15:07:35;0;95;15,25
2021-11-24 15:07:40;0;95;15,25
2021-11-24 15:07:45;0;95;15,25
2021-11-24 15:07:50;0;95;15,25
2021-11-24 15:07:55;0;95;15,25
2021-11-24 15:08:00;0;95;15,25
2021-11-24 15:08:05;0;95;15,25
2021-11-24 15:08:10;0;95;15,25
2021-11-24 15:08:15;0;95;15,25
2021-11-24 15:08:20;0;95;15,25
2021-11-24 15:08:25;0;95;15,25
2021-11-24 15:08:30;0;95;15,25
2021-11-24 15:08:35;0;95;15,25
2021-11-24 15:08:40;0;95;15,25
2021-11-24 15:08:45;0;95;15,25
2021-11-24 15:08:50;0;95;15,25
2021-11-24 15:08:55;0;95;15,25
2021-11-24 15:09:00;0;95;15,25
2021-11-24 15:09:05;0;95;15,25
2021-11-24 15:09:10;0;95;15,25
2021-11-24 15:09:15;0;95;15,25
2021-11-24 15:09:20;0;95;15,25
2021-11-24 15:09:25;0;95;15,25
2021-11-24 15:09:30;0;95;15,25
2021-11-24 15:09:35;0;95;15,25
2021-11-24 15:09:40;0;95;15,25
2021-11-24 15:09:45;0;95;15,25
2021-11-24 15:09:50;0;95;15,25
2021-11-24 15:09:55;0;95;15,25
2021-11-24 15:10:00;0;95;15,25
2021-11-24 15:10:05;0;95;15,25
2021-11-24 15:10:10;0;95;15,25
2021-11-24 15:10:15;0;95;15,25
2021-11-24 15:10:20;0;95;15,25
2021-11-24 15:10:25;0;95;15,25
2021-11-24 15:10:30;0;95;15,25
2021-11-24 15:10:35;0;95;15,25
2021-11-24 15:10:40;0;95;15,25
2021-11-24 15:10:45;0;95;15,25
2021-11-24 15:10:50;0;95;15,25
2021-11-24 15:10:55;0;95;15,25
2021-11-24 15:11:00;0;95;15,25
2021-11-24 15:11:05;0;95;15,25
2021-11-24 15:11:10;0;95;15,25
2021-11-24 15:11:15;0;95;15,25
2021-11-24 15:11:20;0;95;15,25
2021-11-24 15:11:25;0;95;15,25
2021-11-24 15:11:30;0;95;15,25
2021-11-24 15:11:35;0;95;15,25
2021-11-24 15:11:40;0;95;15,25
2021-11-24 15:11:45;0;95;15,25
2021-11-24 15:11:50;0;95;15,25
2021-11-24 15:11:55;0;95;15,25
2021-11-24 15:12:00;0;95;15,25
2021-11-24 15:12:05;0;95;15,25
2021-11-24 15:12:10;0;95;15,25
2021-11-24 15:12:15;0;95;15,25
2021-11-24 15:12:20;0;95;15,25
2021-11-24 15:12:25;0;95;15,25
2021-11-24 15:12:30;0;95;15,25
2021-11-24 15:12:35;0;95;15,25
2021-11-24 15:12:40;0;95;15,25
2021-11-24 15:12:45;0;95;15,25
2021-11-24 15:12:50;0;95;15,25
2021-11-24 15:12:55;0;95;15,25
2021-11-24 15:13:00;0;95;15,25
2021-11-24 15:13:05;0;95;15,25
2021-11-24 15:13:10;0;95;15,25
2021-11-24 15:13:15;0;95;15,00
2021-11-24 15:13:20;0;95;15,25
2021-11-24 15:13:25;0;95;15,25
2021-11-24 15:13:30;0;95;15,25
2021-11-24 15:13:35;0;95;15,25
2021-11-24 15:13:40;0;95;15,25
2021-11-24 15:13:45;0;95;15,25
2021-11-24 15:13:50;0;95;15,25
2021-11-24 15:13:55;0;95;15,25
2021-11-24 15:14:00;0;95;15,25
2021-11-24 15:14:05;0;95;15,25
2021-11-24 15:14:10;0;95;15,25
2021-11-24 15:14:15;0;95;15,25
2021-11-24 15:14:20;0;95;15,25
2021-11-24 15:14:25;0;95;15,25
2021-11-24 15:14:30;0;95;15,25
2021-11-24 15:14:35;0;95;15,25
2021-11-24 15:14:40;0;95;15,25
2021-11-24 15:14:45;0;95;15,25
2021-11-24 15:14:50;0;95;15,25
2021-11-24 15:14:55;0;95;15,00
2021-11-24 15:15:00;0;95;15,25
2021-11-24 15:15:05;0;95;15,25
2021-11-24 15:15:10;0;95;15,25
2021-11-24 15:15:15;0;95;15,25
2021-11-24 15:15:20;0;95;15,25
2021-11-24 15:15:25;0;95;15,25
2021-11-24 15:15:30;0;95;15,25
2021-11-24 15:15:35;0;95;15,25
2021-11-24 15:15:40;0;95;15,00
2021-11-24 15:15:45;0;95;15,25
2021-11-24 15:15:50;0;95;15,25
2021-11-24 15:15:55;0;95;15,25
2021-11-24 15:16:00;0;95;15,25
2021-11-24 15:16:05;0;95;15,25
2021-11-24 15:16:10;0;95;15,25
2021-11-24 15:16:15;0;95;15,25
2021-11-24 15:16:20;0;95;15,25
2021-11-24 15:16:25;0;95;15,25
2021-11-24 15:16:30;0;95;15,25
2021-11-24 15:16:35;0;95;15,25
2021-11-24 15:16:40;0;95;15,25
2021-11-24 15:16:45;0;95;15,25
2021-11-24 15:16:50;0;95;15,25
2021-11-24 15:16:55;0;95;15,25
2021-11-24 15:17:00;0;95;15,25
2021-11-24 15:17:05;0;95;15,25
2021-11-24 15:17:10;0;95;15,25
2021-11-24 15:17:15;0;95;15,25
2021-11-24 15:17:20;0;95;15,25
2021-11-24 15:17:25;0;95;15,25
2021-11-24 15:17:30;0;95;15,00
2021-11-24 15:17:35;0;95;15,00
2021-11-24 15:17:40;0;95;15,25
2021-11-24 15:17:45;0;95;15,25
2021-11-24 15:17:50;0;95;15,25
2021-11-24 15:17:55;0;95;15,25
2021-11-24 15:18:00;0;95;15,00
2021-11-24 15:18:05;0;95;15,25
2021-11-24 15:18:10;0;95;15,00
2021-11-24 15:18:15;0;95;15,25
2021-11-24 15:18:20;0;95;15,00
2021-11-24 15:18:25;0;95;15,00
2021-11-24 15:18:30;0;95;15,00
2021-11-24 15:18:35;0;95;15,25
2021-11-24 15:18:40;0;95;15,25
2021-11-24 15:18:45;0;95;15,25
2021-11-24 15:18:50;0;95;15,25
2021-11-24 15:18:55;0;95;15,00
2021-11-24 15:19:00;0;95;15,00
2021-11-24 15:19:05;0;95;15,00
2021-11-24 15:19:10;0;95;15,00
2021-11-24 15:19:15;0;95;15,25
2021-11-24 15:19:20;0;95;15,25
2021-11-24 15:19:25;0;95;15,25
2021-11-24 15:19:30;0;95;15,00
2021-11-24 15:19:35;0;95;15,00
2021-11-24 15:19:40;0;95;15,00
2021-11-24 15:19:45;0;95;15,25
2021-11-24 15:19:50;0;95;15,25
2021-11-24 15:19:55;0;95;15,00
2021-11-24 15:20:00;0;95;15,00
2021-11-24 15:20:05;0;95;15,25
2021-11-24 15:20:10;0;95;15,25
2021-11-24 15:20:15;0;95;15,00
2021-11-24 15:20:20;0;95;15,00
2021-11-24 15:20:25;0;95;15,00
2021-11-24 15:20:30;0;95;15,00
2021-11-24 15:20:35;0;95;15,00
2021-11-24 15:20:40;0;95;15,00
2021-11-24 15:20:45;0;95;15,25
2021-11-24 15:20:50;0;95;15,00
2021-11-24 15:20:55;0;95;15,25
2021-11-24 15:21:00;0;95;15,00
2021-11-24 15:21:05;0;95;15,00
2021-11-24 15:21:10;0;95;15,00
2021-11-24 15:21:15;0;95;15,00
2021-11-24 15:21:20;0;95;15,25
2021-11-24 15:21:25;0;95;15,00
2021-11-24 15:21:30;0;95;15,00
2021-11-24 15:21:35;0;95;15,00
2021-11-24 15:21:40;0;95;15,00
2021-11-24 15:21:45;0;95;15,25
2021-11-24 15:21:50;0;95;15,25
2021-11-24 15:21:55;0;95;15,00
2021-11-24 15:22:00;0;95;15,00
2021-11-24 15:22:05;0;95;15,00
2021-11-24 15:22:10;0;95;15,00
2021-11-24 15:22:15;0;95;15,00
2021-11-24 15:22:20;0;95;15,00
2021-11-24 15:22:25;0;95;15,00
2021-11-24 15:22:30;0;95;15,00
2021-11-24 15:22:35;0;95;15,00
2021-11-24 15:22:40;0;95;15,00
2021-11-24 15:22:45;0;95;15,00
2021-11-24 15:22:50;0;95;15,00
2021-11-24 15:22:55;0;95;15,25
2021-11-24 15:23:00;0;95;15,00
2021-11-24 15:23:05;0;95;15,00
2021-11-24 15:23:10;0;95;15,00
2021-11-24 15:23:15;0;95;15,00
2021-11-24 15:23:20;0;95;15,00
2021-11-24 15:23:25;0;95;15,00
2021-11-24 15:23:30;0;95;15,00
2021-11-24 15:23:35;0;95;15,25
2021-11-24 15:23:40;0;95;15,00
2021-11-24 15:23:45;0;95;15,00
2021-11-24 15:23:50;0;95;15,25
2021-11-24 15:23:55;0;95;15,00
2021-11-24 15:24:00;0;95;15,00
2021-11-24 15:24:05;0;95;15,00
2021-11-24 15:24:10;0;95;15,00
2021-11-24 15:24:15;0;95;15,00
2021-11-24 15:24:20;0;95;15,00
2021-11-24 15:24:25;0;95;15,00
2021-11-24 15:24:30;0;95;15,00
2021-11-24 15:24:35;0;95;15,00
2021-11-24 15:24:40;0;95;15,00
2021-11-24 15:24:45;0;95;15,00
2021-11-24 15:24:50;0;95;15,00
2021-11-24 15:24:55;0;95;15,00
2021-11-24 15:25:00;0;95;15,00
2021-11-24 15:25:05;0;95;15,00
2021-11-24 15:25:10;0;95;15,00
2021-11-24 15:25:15;0;95;15,00
2021-11-24 15:25:20;0;95;15,00
2021-11-24 15:25:25;0;95;15,00
2021-11-24 15:25:30;0;95;15,00
2021-11-24 15:25:35;0;95;15,00
2021-11-24 15:25:40;0;95;15,00
2021-11-24 15:25:45;0;95;15,00
2021-11-24 15:25:50;0;95;15,00
2021-11-24 15:25:55;0;95;15,00
2021-11-24 15:26:00;0;95;15,00
2021-11-24 15:26:05;0;95;15,00
2021-11-24 15:26:10;0;95;15,00
2021-11-24 15:26:15;0;95;15,00
2021-11-24 15:26:20;0;95;15,00
2021-11-24 15:26:25;0;95;15,00
2021-11-24 15:26:30;0;95;15,00
2021-11-24 15:26:35;0;95;15,00
2021-11-24 15:26:40;0;95;15,00
2021-11-24 15:26:45;0;95;15,00
2021-11-24 15:26:50;0;95;15,00
2021-11-24 15:26:55;0;95;15,00
2021-11-24 15:27:00;0;95;15,00
2021-11-24 15:27:05;0;95;15,00
2021-11-24 15:27:10;0;95;15,00
2021-11-24 15:27:15;0;95;15,00
2021-11-24 15:27:20;0;95;15,00
2021-11-24 15:27:25;0;95;15,00
2021-11-24 15:27:30;0;95;15,00
2021-11-24 15:27:35;0;95;15,00
2021-11-24 15:27:40;0;95;15,00
2021-11-24 15:27:45;0;95;15,00
2021-11-24 15:27:50;0;95;15,00
2021-11-24 15:27:55;0;95;15,00
2021-11-24 15:28:00;0;95;15,00
2021-11-24 15:28:05;0;95;15,00
2021-11-24 15:28:10;0;95;15,00
2021-11-24 15:28:15;0;95;15,00
2021-11-24 15:28:20;0;95;15,00
2021-11-24 15:28:25;0;95;15,00
2021-11-24 15:28:30;0;95;15,00
2021-11-24 15:28:35;0;95;15,00
2021-11-24 15:28:40;0;95;15,00
2021-11-24 15:28:45;0;95;15,00
2021-11-24 15:28:50;0;95;15,00
2021-11-24 15:28:55;0;95;15,00
2021-11-24 15:29:00;0;95;15,00
2021-11-24 15:29:05;0;95;15,00
2021-11-24 15:29:10;0;95;15,00
2021-11-24 15:29:15;0;95;15,00
2021-11-24 15:29:20;0;95;15,00
2021-11-24 15:29:25;0;95;15,00
2021-11-24 15:29:30;0;95;15,00
2021-11-24 15:29:35;0;95;15,00
2021-11-24 15:29:40;0;95;15,00
2021-11-24 15:29:45;0;95;15,00
2021-11-24 15:29:50;0;95;15,00
2021-11-24 15:29:55;0;95;15,00
2021-11-24 15:30:00;0;95;15,00
2021-11-24 15:30:05;0;95;15,00
2021-11-24 15:30:10;0;95;15,00
2021-11-24 15:30:15;0;95;15,00
2021-11-24 15:30:20;0;95;15,00
2021-11-24 15:30:25;0;95;15,00
2021-11-24 15:30:30;0;95;15,00
2021-11-24 15:30:35;0;95;15,00
2021-11-24 15:30:40;0;95;15,00
2021-11-24 15:30:45;0;95;15,00
2021-11-24 15:30:50;0;95;15,00
2021-11-24 15:30:55;0;95;15,00
2021-11-24 15:31:00;0;95;15,00
2021-11-24 15:31:05;0;95;15,00
2021-11-24 15:31:10;0;95;15,00
2021-11-24 15:31:15;0;95;15,00
2021-11-24 15:31:20;0;95;15,00
2021-11-24 15:31:25;0;95;15,00
2021-11-24 15:31:30;380;92;15,00
2021-11-24 15:31:35;420;89;15,00
2021-11-24 15:31:40;440;86;15,00
2021-11-24 15:31:45;440;83;15,00
2021-11-24 15:31:50;450;80;15,00
2021-11-24 15:31:55;460;76;15,00
2021-11-24 15:32:00;0;75;15,00
2021-11-24 15:32:05;0;78;15,00
2021-11-24 15:32:10;0;89;15,00
2021-11-24 15:32:15;0;95;15,00
2021-11-24 15:32:20;0;95;15,00
2021-11-24 15:32:25;0;95;15,00
2021-11-24 15:32:30;0;95;15,00
2021-11-24 15:32:35;0;95;15,00
2021-11-24 15:32:40;0;95;15,00
2021-11-24 15:32:45;0;95;15,00
2021-11-24 15:32:50;0;95;15,00
2021-11-24 15:32:55;0;95;15,00
2021-11-24 15:33:00;0;95;15,00
2021-11-24 15:33:05;0;95;15,00
2021-11-24 15:33:10;0;95;15,00
2021-11-24 15:33:15;0;95;15,00
2021-11-24 15:33:20;0;95;15,00
2021-11-24 15:33:25;0;95;15,00
2021-11-24 15:33:30;0;95;15,00
2021-11-24 15:33:35;0;95;15,00
2021-11-24 15:33:40;0;95;15,00
2021-11-24 15:33:45;0;95;15,00
2021-11-24 15:33:50;0;95;15,00
2021-11-24 15:33:55;0;95;15,00
2021-11-24 15:34:00;0;95;15,00
2021-11-24 15:34:05;0;95;15,00
2021-11-24 15:34:10;0;95;15,00
2021-11-24 15:34:15;0;95;15,00
2021-11-24 15:34:20;0;95;15,00
2021-11-24 15:34:25;0;95;15,00
2021-11-24 15:34:30;0;95;15,00
2021-11-24 15:34:35;0;95;15,00
2021-11-24 15:34:40;0;95;15,00
2021-11-24 15:34:45;0;95;15,00
2021-11-24 15:34:50;0;95;15,00
2021-11-24 15:34:55;0;95;15,00
2021-11-24 15:35:00;0;95;15,00
2021-11-24 15:35:05;0;95;15,00
2021-11-24 15:35:10;0;95;15,00
2021-11-24 15:35:15;0;95;15,00
2021-11-24 15:35:20;0;95;15,00
2021-11-24 15:35:25;0;95;15,00
2021-11-24 15:35:30;0;95;15,00
2021-11-24 15:35:35;0;95;15,00
2021-11-24 15:35:40;0;95;15,00
2021-11-24 15:35:45;0;95;15,00
2021-11-24 15:35:50;0;95;15,00
2021-11-24 15:35:55;0;95;15,00
2021-11-24 15:36:00;0;95;15,00
2021-11-24 15:36:05;0;95;15,00
2021-11-24 15:36:10;0;95;15,00
2021-11-24 15:36:15;0;95;15,00
2021-11-24 15:36:20;0;95;15,00
2021-11-24 15:36:25;0;95;15,00
2021-11-24 15:36:30;0;95;15,00
2021-11-24 15:36:35;0;95;15,00
2021-11-24 15:36:40;0;95;15,00
2021-11-24 15:36:45;0;95;15,00
2021-11-24 15:36:50;0;95;15,00
2021-11-24 15:36:55;0;95;15,00
2021-11-24 15:37:00;0;95;15,00
2021-11-24 15:37:05;0;95;15,00
2021-11-24 15:37:10;0;95;15,00
2021-11-24 15:37:15;0;95;15,00
2021-11-24 15:37:20;0;95;15,00
2021-11-24 15:37:25;0;95;15,00
2021-11-24 15:37:30;0;95;15,00
2021-11-24 15:37:35;0;95;15,00
2021-11-24 15:37:40;0;95;15,00
2021-11-24 15:37:45;0;95;15,00
2021-11-24 15:37:50;0;95;15,00
2021-11-24 15:37:55;0;95;15,00
2021-11-24 15:38:00;0;95;15,00
2021-11-24 15:38:05;0;95;15,00
2021-11-24 15:38:10;0;95;15,00
2021-11-24 15:38:15;0;95;15,00
2021-11-24 15:38:20;0;95;15,00
2021-11-24 15:38:25;0;95;15,00
2021-11-24 15:38:30;0;95;15,00
2021-11-24 15:38:35;0;95;15,00
2021-11-24 15:38:40;0;95;15,00
2021-11-24 15:38:45;0;95;15,00
2021-11-24 15:38:50;0;95;15,00
2021-11-24 15:38:55;0;95;15,00
2021-11-24 15:39:00;0;95;15,00
2021-11-24 15:39:05;0;95;15,00
2021-11-24 15:39:10;0;95;15,00
2021-11-24 15:39:15;0;95;15,00
2021-11-24 15:39:20;0;95;15,00
2021-11-24 15:39:25;0;95;15,00
2021-11-24 15:39:30;0;95;15,00
2021-11-24 15:39:35;0;95;15,00
2021-11-24 15:39:40;0;95;15,00
2021-11-24 15:39:45;0;95;15,00
2021-11-24 15:39:50;0;95;15,00
2021-11-24 15:39:55;0;95;15,00
2021-11-24 15:40:00;0;95;15,00
2021-11-24 15:40:05;0;95;15,00
2021-11-24 15:40:10;0;95;15,00
2021-11-24 15:40:15;0;95;15,00
2021-11-24 15:40:20;0;95;15,00
2021-11-24 15:40:25;0;95;15,00
2021-11-24 15:40:30;0;95;15,00
2021-11-24 15:40:35;0;95;15,00
2021-11-24 15:40:40;0;95;15,00
2021-11-24 15:40:45;0;95;15,00
2021-11-24 15:40:50;0;95;15,00
2021-11-24 15:40:55;0;95;15,00
2021-11-24 15:41:00;0;95;15,00
2021-11-24 15:41:05;0;95;15,00
2021-11-24 15:41:10;0;95;15,00
2021-11-24 15:41:15;0;95;15,00
2021-11-24 15:41:20;0;95;15,00
2021-11-24 15:41:25;0;95;15,00
2021-11-24 15:41:30;490;93;15,00
2021-11-24 15:41:35;560;90;15,00
2021-11-24 15:41:40;560;87;15,00
2021-11-24 15:41:45;570;84;15,00
2021-11-24 15:41:50;590;80;15,00
2021-11-24 15:41:55;590;77;15,00
2021-11-24 15:42:00;0;76;15,00
2021-11-24 15:42:05;0;79;15,00
2021-11-24 15:42:10;0;95;15,00
2021-11-24 15:42:15;280;94;15,00
2021-11-24 15:42:20;280;91;15,00
2021-11-24 15:42:25;280;88;15,00
2021-11-24 15:42:30;280;85;15,00
2021-11-24 15:42:35;280;81;15,00
2021-11-24 15:42:40;280;78;15,00
2021-11-24 15:42:45;280;75;15,00
2021-11-24 15:42:50;290;72;15,00
2021-11-24 15:42:55;290;69;15,00
2021-11-24 15:43:00;280;65;15,00
2021-11-24 15:43:05;290;62;15,00
2021-11-24 15:43:10;290;59;15,00
2021-11-24 15:43:15;290;56;15,00
2021-11-24 15:43:20;290;53;15,00
2021-11-24 15:43:25;290;49;15,00
2021-11-24 15:43:30;300;46;15,00
2021-11-24 15:43:35;300;43;15,00
2021-11-24 15:43:40;300;40;15,00
2021-11-24 15:43:45;310;36;15,00
2021-11-24 15:43:50;300;33;15,00
2021-11-24 15:43:55;300;30;15,00
2021-11-24 15:44:00;300;27;15,00
2021-11-24 15:44:05;300;24;15,00
2021-11-24 15:44:10;310;20;15,00
2021-11-24 15:44:15;300;17;15,00
2021-11-24 15:44:20;300;14;15,00
2021-11-24 15:44:25;310;11;15,00
2021-11-24 15:44:30;300;8;15,00
2021-11-24 15:44:35;300;4;15,00
2021-11-24 15:44:40;300;1;15,00
2021-11-24 15:44:45;310;0;15,00
2021-11-24 15:44:50;300;0;15,00
2021-11-24 15:44:55;300;0;15,00
2021-11-24 15:45:00;310;0;15,00
2021-11-24 15:45:05;300;0;15,00
2021-11-24 15:45:10;300;0;15,00
2021-11-24 15:45:15;290;0;15,00
2021-11-24 15:45:20;300;0;15,00
2021-11-24 15:45:25;300;0;15,00
2021-11-24 15:45:30;300;0;15,00
2021-11-24 15:45:35;300;0;15,00
2021-11-24 15:45:40;300;0;15,00
2021-11-24 15:45:45;310;0;15,00
2021-11-24 15:45:50;310;0;15,00
2021-11-24 15:45:55;310;0;15,00
2021-11-24 15:46:00;310;0;15,00
2021-11-24 15:46:05;310;0;15,00
2021-11-24 15:46:10;310;0;15,00
2021-11-24 15:46:15;310;0;15,00
2021-11-24 15:46:20;310;0;15,00
2021-11-24 15:46:25;310;0;15,00
2021-11-24 15:46:30;300;0;15,00
2021-11-24 15:46:35;310;0;15,00
2021-11-24 15:46:40;310;0;15,00
2021-11-24 15:46:45;320;0;15,00
2021-11-24 15:46:50;320;0;15,00
2021-11-24 15:46:55;310;0;15,00
2021-11-24 15:47:00;310;0;15,00
2021-11-24 15:47:05;310;0;15,00
2021-11-24 15:47:10;310;0;15,00
2021-11-24 15:47:15;310;0;15,00
2021-11-24 15:47:20;310;0;15,00
2021-11-24 15:47:25;320;0;15,00
2021-11-24 15:47:30;310;0;15,00
2021-11-24 15:47:35;320;0;15,00
2021-11-24 15:47:40;320;0;15,00
2021-11-24 15:47:45;320;0;15,00
2021-11-24 15:47:50;320;0;15,00
2021-11-24 15:47:55;310;0;15,00
2021-11-24 15:48:00;310;0;15,00
2021-11-24 15:48:05;320;0;15,00
2021-11-24 15:48:10;320;0;15,00
2021-11-24 15:48:15;320;0;15,00
2021-11-24 15:48:20;310;0;15,00
2021-11-24 15:48:25;320;0;15,00
2021-11-24 15:48:30;310;0;15,00
2021-11-24 15:48:35;320;0;15,00
2021-11-24 15:48:40;320;0;15,00
2021-11-24 15:48:45;320;0;15,00
2021-11-24 15:48:50;320;0;15,00
2021-11-24 15:48:55;340;0;15,00
2021-11-24 15:49:00;340;0;15,00
2021-11-24 15:49:05;330;0;15,00
2021-11-24 15:49:10;320;0;15,00
2021-11-24 15:49:15;320;0;15,00
2021-11-24 15:49:20;330;0;15,00
2021-11-24 15:49:25;330;0;15,00
2021-11-24 15:49:30;330;0;15,00
2021-11-24 15:49:35;330;0;15,00
2021-11-24 15:49:40;350;0;15,00
2021-11-24 15:49:45;340;0;15,00
2021-11-24 15:49:50;330;0;15,00
2021-11-24 15:49:55;330;0;15,00
2021-11-24 15:50:00;330;0;15,00
2021-11-24 15:50:05;320;0;15,00
2021-11-24 15:50:10;320;0;15,00
2021-11-24 15:50:15;320;0;15,00
2021-11-24 15:50:20;330;0;15,00
2021-11-24 15:50:25;330;0;15,00
2021-11-24 15:50:30;330;0;15,00
2021-11-24 15:50:35;330;0;15,00
2021-11-24 15:50:40;340;0;15,00
2021-11-24 15:50:45;340;0;15,00
2021-11-24 15:50:50;340;0;15,00
2021-11-24 15:50:55;340;0;15,00
2021-11-24 15:51:00;340;0;15,00
2021-11-24 15:51:05;350;0;15,00
2021-11-24 15:51:10;340;0;15,00
2021-11-24 15:51:15;340;0;15,00
2021-11-24 15:51:20;340;0;15,00
2021-11-24 15:51:25;340;0;15,00
2021-11-24 15:51:30;680;0;15,00
2021-11-24 15:51:35;720;0;15,00
2021-11-24 15:51:40;730;0;15,00
2021-11-24 15:51:45;730;0;15,00
2021-11-24 15:51:50;730;0;15,00
2021-11-24 15:51:55;730;0;15,00
2021-11-24 15:52:00;350;0;15,00
2021-11-24 15:52:05;350;0;15,00
2021-11-24 15:52:10;350;0;15,00
2021-11-24 15:52:15;340;0;15,00
2021-11-24 15:52:20;350;0;15,00
2021-11-24 15:52:25;350;0;15,00
2021-11-24 15:52:30;350;0;15,00
2021-11-24 15:52:35;350;0;15,00
2021-11-24 15:52:40;350;0;15,00
2021-11-24 15:52:45;350;0;15,00
2021-11-24 15:52:50;350;0;15,00
2021-11-24 15:52:55;350;0;15,00
2021-11-24 15:53:00;350;0;15,00
2021-11-24 15:53:05;360;0;15,00
2021-11-24 15:53:10;360;0;15,00
2021-11-24 15:53:15;360;0;15,00
2021-11-24 15:53:20;360;0;15,00
2021-11-24 15:53:25;360;0;15,00
2021-11-24 15:53:30;360;0;15,00
2021-11-24 15:53:35;360;0;15,00
2021-11-24 15:53:40;370;0;15,00
2021-11-24 15:53:45;370;0;15,00
2021-11-24 15:53:50;360;0;15,00
2021-11-24 15:53:55;360;0;15,00
2021-11-24 15:54:00;360;0;15,00
2021-11-24 15:54:05;360;0;15,00
2021-11-24 15:54:10;360;0;15,00
2021-11-24 15:54:15;360;0;15,00
2021-11-24 15:54:20;370;0;15,00
2021-11-24 15:54:25;370;0;15,00
2021-11-24 15:54:30;370;0;15,00
2021-11-24 15:54:35;370;0;15,00
2021-11-24 15:54:40;370;0;15,00
2021-11-24 15:54:45;370;0;15,00
2021-11-24 15:54:50;370;0;15,00
2021-11-24 15:54:55;370;0;15,00
2021-11-24 15:55:00;370;0;15,00
2021-11-24 15:55:05;370;0;15,00
2021-11-24 15:55:10;370;0;15,00
2021-11-24 15:55:15;360;0;15,00
2021-11-24 15:55:20;370;0;15,00
2021-11-24 15:55:25;360;0;15,00
2021-11-24 15:55:30;370;0;15,00
2021-11-24 15:55:35;370;0;15,00
2021-11-24 15:55:40;370;0;15,00
2021-11-24 15:55:45;370;0;15,00
2021-11-24 15:55:50;370;0;15,00
2021-11-24 15:55:55;370;0;15,00
2021-11-24 15:56:00;370;0;15,00
2021-11-24 15:56:05;360;0;15,00
2021-11-24 15:56:10;370;0;15,00
2021-11-24 15:56:15;370;0;15,00
2021-11-24 15:56:20;370;0;15,00
2021-11-24 15:56:25;370;0;15,00
2021-11-24 15:56:30;360;0;15,00
2021-11-24 15:56:35;360;0;15,00
2021-11-24 15:56:40;360;0;15,00
2021-11-24 15:56:45;360;0;15,00
2021-11-24 15:56:50;360;0;15,00
2021-11-24 15:56:55;360;0;15,00
2021-11-24 15:57:00;370;0;15,00
2021-11-24 15:57:05;360;0;15,00
2021-11-24 15:57:10;360;0;15,00
2021-11-24 15:57:15;360;0;15,00
2021-11-24 15:57:20;360;0;15,00
2021-11-24 15:57:25;360;0;15,00
2021-11-24 15:57:30;360;0;15,00
2021-11-24 15:57:35;360;0;15,00
2021-11-24 15:57:40;370;0;15,00
2021-11-24 15:57:45;370;0;15,00
2021-11-24 15:57:50;370;0;15,00
2021-11-24 15:57:55;370;0;15,00
2021-11-24 15:58:00;360;0;15,00
2021-11-24 15:58:05;360;0;15,00
2021-11-24 15:58:10;360;0;15,00
2021-11-24 15:58:15;360;0;15,00
2021-11-24 15:58:20;370;0;15,00
2021-11-24 15:58:25;370;0;15,00
2021-11-24 15:58:30;370;0;15,00
2021-11-24 15:58:35;360;0;15,00
2021-11-24 15:58:40;370;0;15,00
2021-11-24 15:58:45;370;0;15,00
2021-11-24 15:58:50;370;0;15,00
2021-11-24 15:58:55;360;0;15,00
2021-11-24 15:59:00;370;0;15,00
2021-11-24 15:59:05;380;0;15,00
2021-11-24 15:59:10;370;0;15,00
2021-11-24 15:59:15;370;0;15,00
2021-11-24 15:59:20;380;0;15,00
2021-11-24 15:59:25;370;0;15,00
2021-11-24 15:59:30;370;0;15,00
2021-11-24 15:59:35;370;0;15,00
2021-11-24 15:59:40;370;0;15,00
2021-11-24 15:59:45;370;0;15,00
2021-11-24 15:59:50;360;0;15,00
2021-11-24 15:59:55;360;0;15,00
2021-11-24 16:00:00;370;0;15,00
2021-11-24 16:00:05;370;0;15,00
2021-11-24 16:00:10;360;0;15,00
2021-11-24 16:00:15;360;0;15,00
2021-11-24 16:00:20;370;0;15,00
2021-11-24 16:00:25;370;0;15,00
2021-11-24 16:00:30;370;0;15,00
2021-11-24 16:00:35;370;0;15,00
2021-11-24 16:00:40;370;0;15,00
2021-11-24 16:00:45;370;0;15,00
2021-11-24 16:00:50;370;0;15,00
2021-11-24 16:00:55;370;0;15,00
2021-11-24 16:01:00;370;0;15,00
2021-11-24 16:01:05;370;0;15,00
2021-11-24 16:01:10;370;0;15,00
2021-11-24 16:01:15;370;0;15,00
2021-11-24 16:01:20;370;0;15,00
2021-11-24 16:01:25;590;0;15,00
2021-11-24 16:01:30;680;0;15,00
2021-11-24 16:01:35;710;0;15,00
2021-11-24 16:01:40;700;0;15,00
2021-11-24 16:01:45;710;0;15,00
2021-11-24 16:01:50;710;0;15,00
2021-11-24 16:01:55;700;0;15,00
2021-11-24 16:02:00;360;0;15,00
2021-11-24 16:02:05;360;0;15,00
2021-11-24 16:02:10;360;0;15,00
2021-11-24 16:02:15;360;0;15,00
2021-11-24 16:02:20;360;0;15,00
2021-11-24 16:02:25;360;0;15,00
2021-11-24 16:02:30;360;0;15,00
2021-11-24 16:02:35;360;0;15,00
2021-11-24 16:02:40;370;0;15,00
2021-11-24 16:02:45;370;0;15,00
2021-11-24 16:02:50;370;0;15,00
2021-11-24 16:02:55;370;0;15,00
2021-11-24 16:03:00;370;0;15,00
2021-11-24 16:03:05;370;0;15,00
2021-11-24 16:03:10;370;0;15,00
2021-11-24 16:03:15;370;0;15,00
2021-11-24 16:03:20;370;0;15,00
2021-11-24 16:03:25;370;0;15,00
2021-11-24 16:03:30;360;0;15,00
2021-11-24 16:03:35;360;0;15,00
2021-11-24 16:03:40;380;0;15,00
2021-11-24 16:03:45;370;0;15,00
2021-11-24 16:03:50;370;0;15,00
2021-11-24 16:03:55;370;0;15,00
2021-11-24 16:04:00;380;0;15,00
2021-11-24 16:04:05;370;0;15,00
2021-11-24 16:04:10;370;0;15,00
2021-11-24 16:04:15;370;0;15,00
2021-11-24 16:04:20;380;0;15,00
2021-11-24 16:04:25;380;0;15,00
2021-11-24 16:04:30;380;0;15,00
2021-11-24 16:04:35;380;0;15,00
2021-11-24 16:04:40;380;0;15,00
2021-11-24 16:04:45;380;0;15,00
2021-11-24 16:04:50;380;0;15,00
2021-11-24 16:04:55;380;0;15,00
2021-11-24 16:05:00;380;0;15,00
2021-11-24 16:05:05;380;0;15,00
2021-11-24 16:05:10;380;0;15,00
2021-11-24 16:05:15;380;0;15,00
2021-11-24 16:05:20;380;0;15,00
2021-11-24 16:05:25;380;0;15,00
2021-11-24 16:05:30;380;0;15,00
2021-11-24 16:05:35;380;0;15,00
2021-11-24 16:05:40;380;0;15,00
2021-11-24 16:05:45;380;0;15,00
2021-11-24 16:05:50;380;0;15,00
2021-11-24 16:05:55;380;0;15,00
2021-11-24 16:06:00;380;0;15,00
2021-11-24 16:06:05;380;0;15,00
2021-11-24 16:06:10;380;0;15,00
2021-11-24 16:06:15;380;0;15,00
2021-11-24 16:06:20;380;0;15,00
2021-11-24 16:06:25;380;0;15,00
2021-11-24 16:06:30;380;0;15,00
2021-11-24 16:06:35;380;0;15,00
2021-11-24 16:06:40;380;0;15,00
2021-11-24 16:06:45;390;0;15,00
2021-11-24 16:06:50;380;0;15,00
2021-11-24 16:06:55;390;0;15,00
2021-11-24 16:07:00;390;0;15,00
2021-11-24 16:07:05;390;0;15,00
2021-11-24 16:07:10;390;0;15,00
2021-11-24 16:07:15;390;0;15,00
2021-11-24 16:07:20;390;0;15,00
2021-11-24 16:07:25;390;0;15,00
2021-11-24 16:07:30;390;0;15,00
2021-11-24 16:07:35;390;0;15,00
2021-11-24 16:07:40;390;0;15,00
2021-11-24 16:07:45;390;0;15,00
2021-11-24 16:07:50;390;0;15,00
2021-11-24 16:07:55;390;0;15,00
2021-11-24 16:08:00;390;0;15,00
2021-11-24 16:08:05;390;0;15,00
2021-11-24 16:08:10;390;0;15,00
2021-11-24 16:08:15;390;0;15,00
2021-11-24 16:08:20;390;0;15,00
2021-11-24 16:08:25;390;0;15,00
2021-11-24 16:08:30;390;0;15,00
2021-11-24 16:08:35;400;0;15,00
2021-11-24 16:08:40;400;0;15,00
2021-11-24 16:08:45;390;0;15,00
2021-11-24 16:08:50;390;0;15,00
2021-11-24 16:08:55;400;0;15,00
2021-11-24 16:09:00;390;0;15,00
2021-11-24 16:09:05;390;0;15,00
2021-11-24 16:09:10;390;0;15,00
2021-11-24 16:09:15;400;0;15,00
2021-11-24 16:09:20;390;0;15,00
2021-11-24 16:09:25;390;0;15,00
2021-11-24 16:09:30;400;0;15,00
2021-11-24 16:09:35;400;0;15,00
2021-11-24 16:09:40;400;0;15,00
2021-11-24 16:09:45;400;0;15,00
2021-11-24 16:09:50;400;0;15,00
2021-11-24 16:09:55;400;0;15,00
2021-11-24 16:10:00;390;0;15,00
2021-11-24 16:10:05;390;0;15,00
2021-11-24 16:10:10;390;0;15,00
2021-11-24 16:10:15;400;0;15,00
2021-11-24 16:10:20;400;0;15,00
2021-11-24 16:10:25;390;0;15,00
2021-11-24 16:10:30;390;0;15,00
2021-11-24 16:10:35;400;0;15,00
2021-11-24 16:10:40;400;0;14,75
2021-11-24 16:10:45;390;0;15,00
2021-11-24 16:10:50;400;0;15,00
2021-11-24 16:10:55;400;0;15,00
2021-11-24 16:11:00;400;0;15,00
2021-11-24 16:11:05;400;0;15,00
2021-11-24 16:11:10;390;0;15,00
2021-11-24 16:11:15;390;0;15,00
2021-11-24 16:11:20;400;0;15,00
2021-11-24 16:11:25;660;0;15,00
2021-11-24 16:11:30;740;0;15,00
2021-11-24 16:11:35;740;0;15,00
2021-11-24 16:11:40;740;0;15,00
2021-11-24 16:11:45;740;0;15,00
2021-11-24 16:11:50;740;0;15,00
2021-11-24 16:11:55;400;0;15,00
2021-11-24 16:12:00;400;0;15,00
2021-11-24 16:12:05;400;0;15,00
2021-11-24 16:12:10;400;0;15,00
2021-11-24 16:12:15;400;0;15,00
2021-11-24 16:12:20;400;0;15,00
2021-11-24 16:12:25;400;0;15,00
2021-11-24 16:12:30;400;0;15,00
2021-11-24 16:12:35;400;0;15,00
2021-11-24 16:12:40;400;0;15,00
2021-11-24 16:12:45;400;0;15,00
2021-11-24 16:12:50;400;0;15,00
2021-11-24 16:12:55;410;0;15,00
2021-11-24 16:13:00;400;0;15,00
2021-11-24 16:13:05;400;0;15,00
2021-11-24 16:13:10;400;0;15,00
2021-11-24 16:13:15;400;0;15,00
2021-11-24 16:13:20;400;0;15,00
2021-11-24 16:13:25;400;0;15,00
2021-11-24 16:13:30;400;0;14,75
2021-11-24 16:13:35;400;0;15,00
2021-11-24 16:13:40;410;0;14,75
2021-11-24 16:13:45;410;0;14,75
2021-11-24 16:13:50;410;0;15,00
2021-11-24 16:13:55;410;0;14,75
2021-11-24 16:14:00;410;0;15,00
2021-11-24 16:14:05;410;0;15,00
2021-11-24 16:14:10;410;0;14,75
2021-11-24 16:14:15;410;0;15,00
2021-11-24 16:14:20;410;0;15,00
2021-11-24 16:14:25;400;0;15,00
2021-11-24 16:14:30;410;0;15,00
2021-11-24 16:14:35;410;0;14,75
2021-11-24 16:14:40;410;0;14,75
2021-11-24 16:14:45;410;0;15,00
2021-11-24 16:14:50;410;0;15,00
2021-11-24 16:14:55;410;0;14,75
2021-11-24 16:15:00;410;0;15,00
2021-11-24 16:15:05;420;0;15,00
2021-11-24 16:15:10;420;0;14,75
2021-11-24 16:15:15;420;0;15,00
2021-11-24 16:15:20;420;0;15,00
2021-11-24 16:15:25;420;0;15,00
2021-11-24 16:15:30;420;0;15,00
2021-11-24 16:15:35;420;0;15,00
2021-11-24 16:15:40;420;0;15,00
2021-11-24 16:15:45;420;0;15,00
2021-11-24 16:15:50;420;0;15,00
2021-11-24 16:15:55;420;0;14,75
2021-11-24 16:16:00;420;0;15,00
2021-11-24 16:16:05;410;0;14,75
2021-11-24 16:16:10;420;0;15,00
2021-11-24 16:16:15;420;0;15,00
2021-11-24 16:16:20;420;0;15,00
2021-11-24 16:16:25;420;0;15,00
2021-11-24 16:16:30;420;0;15,00
2021-11-24 16:16:35;420;0;15,00
2021-11-24 16:16:40;420;0;15,00
2021-11-24 16:16:45;420;0;14,75
2021-11-24 16:16:50;420;0;15,00
2021-11-24 16:16:55;420;0;15,00
2021-11-24 16:17:00;410;0;14,75
2021-11-24 16:17:05;410;0;14,75
2021-11-24 16:17:10;410;0;15,00
2021-11-24 16:17:15;410;0;14,75
2021-11-24 16:17:20;410;0;15,00
2021-11-24 16:17:25;410;0;15,00
2021-11-24 16:17:30;420;0;14,75
2021-11-24 16:17:35;410;0;14,75
2021-11-24 16:17:40;410;0;14,75
2021-11-24 16:17:45;410;0;15,00
2021-11-24 16:17:50;420;0;15,00
2021-11-24 16:17:55;410;0;14,75
2021-11-24 16:18:00;410;0;14,75
2021-11-24 16:18:05;410;0;14,75
2021-11-24 16:18:10;410;0;14,75
2021-11-24 16:18:15;410;0;14,75
2021-11-24 16:18:20;410;0;14,75
2021-11-24 16:18:25;410;0;14,75
2021-11-24 16:18:30;410;0;14,75
2021-11-24 16:18:35;410;0;14,75
2021-11-24 16:18:40;410;0;14,75
2021-11-24 16:18:45;410;0;15,00
2021-11-24 16:18:50;410;0;15,00
2021-11-24 16:18:55;410;0;14,75
2021-11-24 16:19:00;410;0;14,75
2021-11-24 16:19:05;410;0;14,75
2021-11-24 16:19:10;420;0;14,75
2021-11-24 16:19:15;420;0;14,75
2021-11-24 16:19:20;420;0;14,75
2021-11-24 16:19:25;420;0;14,75
2021-11-24 16:19:30;430;0;14,75
2021-11-24 16:19:35;430;0;14,75
2021-11-24 16:19:40;430;0;14,75
2021-11-24 16:19:45;430;0;14,75
2021-11-24 16:19:50;430;0;14,75
2021-11-24 16:19:55;420;0;14,75
2021-11-24 16:20:00;420;0;14,75
2021-11-24 16:20:05;420;0;14,75
2021-11-24 16:20:10;420;0;14,75
2021-11-24 16:20:15;420;0;14,75
2021-11-24 16:20:20;420;0;14,75
2021-11-24 16:20:25;420;0;14,75
2021-11-24 16:20:30;420;0;14,75
2021-11-24 16:20:35;420;0;14,75
2021-11-24 16:20:40;420;0;14,75
2021-11-24 16:20:45;420;0;14,75
2021-11-24 16:20:50;420;0;14,75
2021-11-24 16:20:55;420;0;14,75
2021-11-24 16:21:00;420;0;14,75
2021-11-24 16:21:05;420;0;14,75
2021-11-24 16:21:10;410;0;14,75
2021-11-24 16:21:15;410;0;14,75
2021-11-24 16:21:20;410;0;14,75
2021-11-24 16:21:25;720;0;14,75
2021-11-24 16:21:30;760;0;14,75
2021-11-24 16:21:35;760;0;14,75
2021-11-24 16:21:40;760;0;14,75
2021-11-24 16:21:45;760;0;14,75
2021-11-24 16:21:50;760;0;14,75
2021-11-24 16:21:55;420;0;14,75
2021-11-24 16:22:00;420;0;14,75
2021-11-24 16:22:05;420;0;14,75
2021-11-24 16:22:10;420;0;14,75
2021-11-24 16:22:15;420;0;14,75
2021-11-24 16:22:20;420;0;14,75
2021-11-24 16:22:25;420;0;14,75
2021-11-24 16:22:30;420;0;14,75
2021-11-24 16:22:35;420;0;14,75
2021-11-24 16:22:40;420;0;14,75
2021-11-24 16:22:45;420;0;14,75
2021-11-24 16:22:50;420;0;14,75
2021-11-24 16:22:55;420;0;14,75
2021-11-24 16:23:00;420;0;14,75
2021-11-24 16:23:05;420;0;14,75
2021-11-24 16:23:10;430;0;14,75
2021-11-24 16:23:15;420;0;14,75
2021-11-24 16:23:20;420;0;14,75
2021-11-24 16:23:25;420;0;14,75
2021-11-24 16:23:30;430;0;14,75
2021-11-24 16:23:35;430;0;14,75
2021-11-24 16:23:40;430;0;14,75
2021-11-24 16:23:45;430;0;14,75
2021-11-24 16:23:50;430;0;14,75
2021-11-24 16:23:55;430;0;14,75
2021-11-24 16:24:00;430;0;14,75
2021-11-24 16:24:05;430;0;14,75
2021-11-24 16:24:10;430;0;14,75
2021-11-24 16:24:15;420;0;14,75
2021-11-24 16:24:20;420;0;14,75
2021-11-24 16:24:25;420;0;14,75
2021-11-24 16:24:30;430;0;14,75
2021-11-24 16:24:35;420;0;14,75
2021-11-24 16:24:40;420;0;14,75
2021-11-24 16:24:45;420;0;14,75
2021-11-24 16:24:50;420;0;14,75
2021-11-24 16:24:55;430;0;14,75
2021-11-24 16:25:00;420;0;14,75
2021-11-24 16:25:05;420;0;14,75
2021-11-24 16:25:10;420;0;14,75
2021-11-24 16:25:15;420;0;14,75
2021-11-24 16:25:20;420;0;14,75
2021-11-24 16:25:25;420;0;14,75
2021-11-24 16:25:30;420;0;14,75
2021-11-24 16:25:35;420;0;14,75
2021-11-24 16:25:40;420;0;14,75
2021-11-24 16:25:45;420;0;14,75
2021-11-24 16:25:50;420;0;14,75
2021-11-24 16:25:55;420;0;14,75
2021-11-24 16:26:00;420;0;14,75
2021-11-24 16:26:05;420;0;14,75
2021-11-24 16:26:10;420;0;14,75
2021-11-24 16:26:15;430;0;14,75
2021-11-24 16:26:20;430;0;14,75
2021-11-24 16:26:25;430;0;14,75
2021-11-24 16:26:30;430;0;14,75
2021-11-24 16:26:35;430;0;14,75
2021-11-24 16:26:40;430;0;14,75
2021-11-24 16:26:45;430;0;14,75
2021-11-24 16:26:50;430;0;14,75
2021-11-24 16:26:55;420;0;14,75
2021-11-24 16:27:00;420;0;14,75
2021-11-24 16:27:05;420;0;14,75
2021-11-24 16:27:10;420;0;14,75
2021-11-24 16:27:15;420;0;14,75
2021-11-24 16:27:20;420;0;14,75
2021-11-24 16:27:25;420;0;14,75
2021-11-24 16:27:30;430;0;14,75
2021-11-24 16:27:35;420;0;14,75
2021-11-24 16:27:40;420;0;14,75
2021-11-24 16:27:45;420;0;14,75
2021-11-24 16:27:50;420;0;14,75
2021-11-24 16:27:55;420;0;14,75
2021-11-24 16:28:00;420;0;14,75
2021-11-24 16:28:05;420;0;14,75
2021-11-24 16:28:10;420;0;14,75
2021-11-24 16:28:15;420;0;14,75
2021-11-24 16:28:20;420;0;14,75
2021-11-24 16:28:25;420;0;14,75
2021-11-24 16:28:30;420;0;14,75
2021-11-24 16:28:35;420;0;14,75
2021-11-24 16:28:40;420;0;14,75
2021-11-24 16:28:45;430;0;14,75
2021-11-24 16:28:50;430;0;14,75
2021-11-24 16:28:55;430;0;14,75
2021-11-24 16:29:00;430;0;14,75
2021-11-24 16:29:05;430;0;14,75
2021-11-24 16:29:10;430;0;14,75
2021-11-24 16:29:15;430;0;14,75
2021-11-24 16:29:20;430;0;14,75
2021-11-24 16:29:25;430;0;14,75
2021-11-24 16:29:30;420;0;14,75
2021-11-24 16:29:35;420;0;14,75
2021-11-24 16:29:40;430;0;14,75
2021-11-24 16:29:45;430;0;14,75
2021-11-24 16:29:50;430;0;14,75
2021-11-24 16:29:55;430;0;14,75
2021-11-24 16:30:00;430;0;14,75
2021-11-24 16:30:05;430;0;14,75
2021-11-24 16:30:10;430;0;14,75
2021-11-24 16:30:15;430;0;14,75
2021-11-24 16:30:20;430;0;14,75
2021-11-24 16:30:25;430;0;14,75
2021-11-24 16:30:30;430;0;14,75
2021-11-24 16:30:35;430;0;14,75
2021-11-24 16:30:40;430;0;14,75
2021-11-24 16:30:45;430;0;14,75
2021-11-24 16:30:50;430;0;14,75
2021-11-24 16:30:55;420;0;14,75
2021-11-24 16:31:00;430;0;14,75
2021-11-24 16:31:05;430;0;14,75
2021-11-24 16:31:10;420;0;14,75
2021-11-24 16:31:15;420;0;14,75
2021-11-24 16:31:20;420;0;14,75
2021-11-24 16:31:25;650;0;14,75
2021-11-24 16:31:30;730;0;14,75
2021-11-24 16:31:35;760;0;14,75
2021-11-24 16:31:40;760;0;14,75
2021-11-24 16:31:45;760;0;14,75
2021-11-24 16:31:50;760;0;14,75
2021-11-24 16:31:55;420;0;14,75
2021-11-24 16:32:00;430;0;14,75
2021-11-24 16:32:05;440;0;14,75
2021-11-24 16:32:10;440;0;14,75
2021-11-24 16:32:15;440;0;14,75
2021-11-24 16:32:20;440;0;14,75
2021-11-24 16:32:25;450;0;14,75
2021-11-24 16:32:30;440;0;14,75
2021-11-24 16:32:35;450;0;14,75
2021-11-24 16:32:40;450;0;14,75
2021-11-24 16:32:45;460;0;14,75
2021-11-24 16:32:50;460;0;14,75
2021-11-24 16:32:55;460;0;14,75
2021-11-24 16:33:00;450;0;14,75
2021-11-24 16:33:05;460;0;14,75
2021-11-24 16:33:10;450;0;14,75
2021-11-24 16:33:15;460;0;14,75
2021-11-24 16:33:20;460;0;14,75
2021-11-24 16:33:25;460;0;14,75
2021-11-24 16:33:30;450;0;14,75
2021-11-24 16:33:35;450;0;14,75
2021-11-24 16:33:40;420;0;14,75
2021-11-24 16:33:45;420;0;14,75
2021-11-24 16:33:50;430;0;14,75
2021-11-24 16:33:55;420;0;14,75
2021-11-24 16:34:00;420;0;14,75
2021-11-24 16:34:05;420;0;14,75
2021-11-24 16:34:10;420;0;14,75
2021-11-24 16:34:15;420;0;14,75
2021-11-24 16:34:20;420;0;14,75
2021-11-24 16:34:25;420;0;14,75
2021-11-24 16:34:30;420;0;14,75
2021-11-24 16:34:35;420;0;14,75
2021-11-24 16:34:40;420;0;14,75
2021-11-24 16:34:45;420;0;14,75
2021-11-24 16:34:50;420;0;14,75
2021-11-24 16:34:55;410;0;14,75
2021-11-24 16:35:00;410;0;14,75
2021-11-24 16:35:05;420;0;14,75
2021-11-24 16:35:10;420;0;14,75
2021-11-24 16:35:15;420;0;14,75
2021-11-24 16:35:20;420;0;14,75
2021-11-24 16:35:25;420;0;14,75
2021-11-24 16:35:30;420;0;14,75
2021-11-24 16:35:35;420;0;14,75
2021-11-24 16:35:40;420;0;14,75
2021-11-24 16:35:45;420;0;14,75
2021-11-24 16:35:50;430;0;14,75
2021-11-24 16:35:55;410;0;14,75
2021-11-24 16:36:00;420;0;14,75
2021-11-24 16:36:05;420;0;14,75
2021-11-24 16:36:10;420;0;14,75
2021-11-24 16:36:15;410;0;14,75
2021-11-24 16:36:20;420;0;14,75
2021-11-24 16:36:25;420;0;14,75
2021-11-24 16:36:30;420;0;14,75
2021-11-24 16:36:35;410;0;14,75
2021-11-24 16:36:40;420;0;14,75
2021-11-24 16:36:45;420;0;14,75
2021-11-24 16:36:50;410;0;14,75
2021-11-24 16:36:55;420;0;14,75
2021-11-24 16:37:00;420;0;14,75
2021-11-24 16:37:05;420;0;14,75
2021-11-24 16:37:10;420;0;14,75
2021-11-24 16:37:15;410;0;14,75
2021-11-24 16:37:20;410;0;14,75
2021-11-24 16:37:25;410;0;14,75
2021-11-24 16:37:30;410;0;14,75
2021-11-24 16:37:35;410;0;14,75
2021-11-24 16:37:40;410;0;14,75
2021-11-24 16:37:45;410;0;14,75
2021-11-24 16:37:50;410;0;14,75
2021-11-24 16:37:55;410;0;14,75
2021-11-24 16:38:00;420;0;14,75
2021-11-24 16:38:05;420;0;14,75
2021-11-24 16:38:10;410;0;14,75
2021-11-24 16:38:15;410;0;14,75
2021-11-24 16:38:20;420;0;14,75
2021-11-24 16:38:25;420;0;14,75
2021-11-24 16:38:30;410;0;14,75
2021-11-24 16:38:35;410;0;14,75
2021-11-24 16:38:40;410;0;14,75
2021-11-24 16:38:45;410;0;14,75
2021-11-24 16:38:50;410;0;14,75
2021-11-24 16:38:55;410;0;14,75
2021-11-24 16:39:00;410;0;14,75
2021-11-24 16:39:05;420;0;14,75
2021-11-24 16:39:10;410;0;14,75
2021-11-24 16:39:15;410;0;14,75
2021-11-24 16:39:20;420;0;14,75
2021-11-24 16:39:25;410;0;14,75
2021-11-24 16:39:30;410;0;14,75
2021-11-24 16:39:35;410;0;14,75
2021-11-24 16:39:40;420;0;14,75
2021-11-24 16:39:45;420;0;14,75
2021-11-24 16:39:50;410;0;14,75
2021-11-24 16:39:55;420;0;14,75
2021-11-24 16:40:00;420;0;14,75
2021-11-24 16:40:05;420;0;14,75
2021-11-24 16:40:10;410;0;14,75
2021-11-24 16:40:15;410;0;14,75
2021-11-24 16:40:20;410;0;14,75
2021-11-24 16:40:25;410;0;14,75
2021-11-24 16:40:30;410;0;14,75
2021-11-24 16:40:35;410;0;14,75
2021-11-24 16:40:40;410;0;14,75
2021-11-24 16:40:45;420;0;14,75
2021-11-24 16:40:50;450;0;14,75
2021-11-24 16:40:55;450;0;14,75
2021-11-24 16:41:00;460;0;14,75
2021-11-24 16:41:05;460;0;14,75
2021-11-24 16:41:10;450;0;14,75
2021-11-24 16:41:15;450;0;14,75
2021-11-24 16:41:20;450;0;14,75
2021-11-24 16:41:25;830;0;14,75
2021-11-24 16:41:30;890;0;14,75
2021-11-24 16:41:35;880;0;14,75
2021-11-24 16:41:40;880;0;14,75
2021-11-24 16:41:45;880;0;14,75
2021-11-24 16:41:50;860;0;14,75
2021-11-24 16:41:55;490;0;14,75
2021-11-24 16:42:00;450;0;14,75
2021-11-24 16:42:05;440;0;14,75
2021-11-24 16:42:10;440;0;14,75
2021-11-24 16:42:15;440;0;14,75
2021-11-24 16:42:20;440;0;14,75
2021-11-24 16:42:25;450;0;14,75
2021-11-24 16:42:30;440;0;14,75
2021-11-24 16:42:35;440;0;14,75
2021-11-24 16:42:40;440;0;14,75
2021-11-24 16:42:45;450;0;14,75
2021-11-24 16:42:50;440;0;14,75
2021-11-24 16:42:55;440;0;14,75
2021-11-24 16:43:00;450;0;14,75
2021-11-24 16:43:05;450;0;14,75
2021-11-24 16:43:10;440;0;14,75
2021-11-24 16:43:15;440;0;14,75
2021-11-24 16:43:20;440;0;14,75
2021-11-24 16:43:25;440;0;14,75
2021-11-24 16:43:30;440;0;14,75
2021-11-24 16:43:35;440;0;14,75
2021-11-24 16:43:40;460;0;14,75
2021-11-24 16:43:45;450;0;14,75
2021-11-24 16:43:50;450;0;14,75
2021-11-24 16:43:55;450;0;14,75
2021-11-24 16:44:00;450;0;14,75
2021-11-24 16:44:05;450;0;14,75
2021-11-24 16:44:10;450;0;14,75
2021-11-24 16:44:15;450;0;14,75
2021-11-24 16:44:20;450;0;14,75
2021-11-24 16:44:25;450;0;14,75
2021-11-24 16:44:30;450;0;14,75
2021-11-24 16:44:35;450;0;14,75
2021-11-24 16:44:40;450;0;14,75
2021-11-24 16:44:45;450;0;14,75
2021-11-24 16:44:50;450;0;14,75
2021-11-24 16:44:55;450;0;14,75
2021-11-24 16:45:00;450;0;14,75
2021-11-24 16:45:05;450;0;14,75
2021-11-24 16:45:10;450;0;14,75
2021-11-24 16:45:15;450;0;14,75
2021-11-24 16:45:20;450;0;14,75
2021-11-24 16:45:25;490;0;14,75
2021-11-24 16:45:30;490;0;14,75
2021-11-24 16:45:35;490;0;14,75
2021-11-24 16:45:40;490;0;14,75
2021-11-24 16:45:45;490;0;14,75
2021-11-24 16:45:50;490;0;14,75
2021-11-24 16:45:55;490;0;14,75
2021-11-24 16:46:00;500;0;14,75
2021-11-24 16:46:05;490;0;14,75
2021-11-24 16:46:10;490;0;14,75
2021-11-24 16:46:15;490;0;14,75
2021-11-24 16:46:20;490;0;14,75
2021-11-24 16:46:25;490;0;14,75
2021-11-24 16:46:30;490;0;14,75
2021-11-24 16:46:35;480;0;14,75
2021-11-24 16:46:40;490;0;14,75
2021-11-24 16:46:45;480;0;14,75
2021-11-24 16:46:50;490;0;14,75
2021-11-24 16:46:55;490;0;14,75
2021-11-24 16:47:00;490;0;14,75
2021-11-24 16:47:05;490;0;14,75
2021-11-24 16:47:10;480;0;14,75
2021-11-24 16:47:15;480;0;14,75
2021-11-24 16:47:20;490;0;14,75
2021-11-24 16:47:25;480;0;14,75
2021-11-24 16:47:30;480;0;14,75
2021-11-24 16:47:35;480;0;14,75
2021-11-24 16:47:40;490;0;14,75
2021-11-24 16:47:45;490;0;14,75
2021-11-24 16:47:50;490;0;14,75
2021-11-24 16:47:55;490;0;14,75
2021-11-24 16:48:00;480;0;14,75
2021-11-24 16:48:05;490;0;14,75
2021-11-24 16:48:10;510;0;14,75
2021-11-24 16:48:15;510;0;14,75
2021-11-24 16:48:20;510;0;14,75
2021-11-24 16:48:25;510;0;14,75
2021-11-24 16:48:30;510;0;14,75
2021-11-24 16:48:35;510;0;14,75
2021-11-24 16:48:40;510;0;14,75
2021-11-24 16:48:45;510;0;14,75
2021-11-24 16:48:50;520;0;14,75
2021-11-24 16:48:55;510;0;14,75
2021-11-24 16:49:00;510;0;14,75
2021-11-24 16:49:05;510;0;14,75
2021-11-24 16:49:10;510;0;14,75
2021-11-24 16:49:15;510;0;14,75
2021-11-24 16:49:20;510;0;14,75
2021-11-24 16:49:25;510;0;14,75
2021-11-24 16:49:30;510;0;14,75
2021-11-24 16:49:35;510;0;14,75
2021-11-24 16:49:40;510;0;14,75
2021-11-24 16:49:45;500;0;14,75
2021-11-24 16:49:50;490;0;14,75
2021-11-24 16:49:55;490;0;14,75
2021-11-24 16:50:00;490;0;14,75
2021-11-24 16:50:05;490;0;14,75
2021-11-24 16:50:10;490;0;14,75
2021-11-24 16:50:15;490;0;14,75
2021-11-24 16:50:20;490;0;14,75
2021-11-24 16:50:25;480;0;14,75
2021-11-24 16:50:30;490;0;14,75
2021-11-24 16:50:35;490;0;14,75
2021-11-24 16:50:40;480;0;14,75
2021-11-24 16:50:45;480;0;14,75
2021-11-24 16:50:50;480;0;14,75
2021-11-24 16:50:55;490;0;14,75
2021-11-24 16:51:00;480;0;14,75
2021-11-24 16:51:05;480;0;14,75
2021-11-24 16:51:10;480;0;14,75
2021-11-24 16:51:15;480;0;14,75
2021-11-24 16:51:20;480;0;14,75
2021-11-24 16:51:25;800;0;14,75
2021-11-24 16:51:30;910;0;14,75
2021-11-24 16:51:35;940;0;14,75
2021-11-24 16:51:40;940;0;14,75
2021-11-24 16:51:45;940;0;14,75
2021-11-24 16:51:50;930;0;14,75
2021-11-24 16:51:55;750;0;14,75
2021-11-24 16:52:00;490;0;14,75
2021-11-24 16:52:05;490;0;14,75
2021-11-24 16:52:10;490;0;14,75
2021-11-24 16:52:15;490;0;14,75
2021-11-24 16:52:20;490;0;14,75
2021-11-24 16:52:25;480;0;14,75
2021-11-24 16:52:30;490;0;14,75
2021-11-24 16:52:35;490;0;14,75
2021-11-24 16:52:40;480;0;14,75
2021-11-24 16:52:45;480;0;14,75
2021-11-24 16:52:50;490;0;14,75
2021-11-24 16:52:55;480;0;14,75
2021-11-24 16:53:00;490;0;14,75
2021-11-24 16:53:05;480;0;14,75
2021-11-24 16:53:10;490;0;14,75
2021-11-24 16:53:15;490;0;14,75
2021-11-24 16:53:20;490;0;14,75
2021-11-24 16:53:25;490;0;14,75
2021-11-24 16:53:30;480;0;14,75
2021-11-24 16:53:35;480;0;14,75
2021-11-24 16:53:40;490;0;14,75
2021-11-24 16:53:45;490;0;14,75
2021-11-24 16:53:50;490;0;14,75
2021-11-24 16:53:55;490;0;14,75
2021-11-24 16:54:00;490;0;14,75
2021-11-24 16:54:05;490;0;14,75
2021-11-24 16:54:10;490;0;14,75
2021-11-24 16:54:15;490;0;14,75
2021-11-24 16:54:20;490;0;14,75
2021-11-24 16:54:25;490;0;14,75
2021-11-24 16:54:30;490;0;14,75
2021-11-24 16:54:35;490;0;14,75
2021-11-24 16:54:40;490;0;14,75
2021-11-24 16:54:45;490;0;14,75
2021-11-24 16:54:50;490;0;14,75
2021-11-24 16:54:55;490;0;14,75
2021-11-24 16:55:00;490;0;14,75
2021-11-24 16:55:05;490;0;14,75
2021-11-24 16:55:10;490;0;14,75
2021-11-24 16:55:15;490;0;14,75
2021-11-24 16:55:20;490;0;14,75
2021-11-24 16:55:25;490;0;14,75
2021-11-24 16:55:30;490;0;14,75
2021-11-24 16:55:35;490;0;14,75
2021-11-24 16:55:40;490;0;14,75
2021-11-24 16:55:45;490;0;14,75
2021-11-24 16:55:50;490;0;14,75
2021-11-24 16:55:55;490;0;14,75
2021-11-24 16:56:00;490;0;14,75
2021-11-24 16:56:05;490;0;14,75
2021-11-24 16:56:10;490;0;14,75
2021-11-24 16:56:15;490;0;14,75
2021-11-24 16:56:20;490;0;14,75
2021-11-24 16:56:25;490;0;14,75
2021-11-24 16:56:30;490;0;14,75
2021-11-24 16:56:35;490;0;14,75
2021-11-24 16:56:40;490;0;14,75
2021-11-24 16:56:45;490;0;14,75
2021-11-24 16:56:50;480;0;14,75
2021-11-24 16:56:55;490;0;14,75
2021-11-24 16:57:00;480;0;14,75
2021-11-24 16:57:05;490;0;14,75
2021-11-24 16:57:10;480;0;14,75
2021-11-24 16:57:15;490;0;14,75
2021-11-24 16:57:20;490;0;14,75
2021-11-24 16:57:25;480;0;14,75
2021-11-24 16:57:30;480;0;14,75
2021-11-24 16:57:35;490;0;14,75
2021-11-24 16:57:40;490;0;14,75
2021-11-24 16:57:45;490;0;14,75
2021-11-24 16:57:50;490;0;14,75
2021-11-24 16:57:55;490;0;14,75
2021-11-24 16:58:00;490;0;14,75
2021-11-24 16:58:05;480;0;14,75
2021-11-24 16:58:10;450;0;14,75
2021-11-24 16:58:15;450;0;14,75
2021-11-24 16:58:20;450;0;14,75
2021-11-24 16:58:25;450;0;14,75
2021-11-24 16:58:30;410;0;14,75
2021-11-24 16:58:35;420;0;14,75
2021-11-24 16:58:40;420;0;14,50
2021-11-24 16:58:45;420;0;14,75
2021-11-24 16:58:50;410;0;14,75
2021-11-24 16:58:55;410;0;14,75
2021-11-24 16:59:00;420;0;14,75
2021-11-24 16:59:05;420;0;14,75
2021-11-24 16:59:10;410;0;14,75
2021-11-24 16:59:15;410;0;14,75
2021-11-24 16:59:20;410;0;14,50
2021-11-24 16:59:25;420;0;14,50
2021-11-24 16:59:30;410;0;14,75
2021-11-24 16:59:35;410;0;14,75
2021-11-24 16:59:40;410;0;14,75
2021-11-24 16:59:45;410;0;14,75
2021-11-24 16:59:50;410;0;14,50
2021-11-24 16:59:55;410;0;14,50
2021-11-24 17:00:00;420;0;14,75
2021-11-24 17:00:05;410;0;14,75
2021-11-24 17:00:10;410;0;14,75
2021-11-24 17:00:15;420;0;14,75
2021-11-24 17:00:20;420;0;14,75
2021-11-24 17:00:25;410;0;14,50
2021-11-24 17:00:30;420;0;14,75
2021-11-24 17:00:35;420;0;14,75
2021-11-24 17:00:40;410;0;14,75
2021-11-24 17:00:45;410;0;14,50
2021-11-24 17:00:50;410;0;14,50
2021-11-24 17:00:55;410;0;14,75
2021-11-24 17:01:00;410;0;14,75
2021-11-24 17:01:05;410;0;14,50
2021-11-24 17:01:10;410;0;14,50
2021-11-24 17:01:15;410;0;14,50
2021-11-24 17:01:20;410;0;14,75
2021-11-24 17:01:25;410;0;14,50
2021-11-24 17:01:30;720;0;14,75
2021-11-24 17:01:35;800;0;14,50
2021-11-24 17:01:40;800;0;14,50
2021-11-24 17:01:45;800;0;14,50
2021-11-24 17:01:50;800;0;14,50
2021-11-24 17:01:55;810;0;14,50
2021-11-24 17:02:00;420;0;14,50
2021-11-24 17:02:05;410;0;14,50
2021-11-24 17:02:10;410;0;14,50
2021-11-24 17:02:15;410;0;14,50
2021-11-24 17:02:20;410;0;14,50
2021-11-24 17:02:25;410;0;14,50
2021-11-24 17:02:30;420;0;14,50
2021-11-24 17:02:35;410;0;14,75
2021-11-24 17:02:40;410;0;14,50
2021-11-24 17:02:45;410;0;14,50
2021-11-24 17:02:50;410;0;14,50
2021-11-24 17:02:55;410;0;14,75
2021-11-24 17:03:00;410;0;14,50
2021-11-24 17:03:05;410;0;14,50
2021-11-24 17:03:10;410;0;14,50
2021-11-24 17:03:15;410;0;14,50
2021-11-24 17:03:20;410;0;14,50
2021-11-24 17:03:25;410;0;14,50
2021-11-24 17:03:30;410;0;14,50
2021-11-24 17:03:35;410;0;14,50
2021-11-24 17:03:40;410;0;14,50
2021-11-24 17:03:45;410;0;14,75
2021-11-24 17:03:50;410;0;14,50
2021-11-24 17:03:55;410;0;14,50
2021-11-24 17:04:00;410;0;14,50
2021-11-24 17:04:05;410;0;14,50
2021-11-24 17:04:10;410;0;14,50
2021-11-24 17:04:15;410;0;14,50
2021-11-24 17:04:20;410;0;14,50
2021-11-24 17:04:25;410;0;14,50
2021-11-24 17:04:30;420;0;14,50
2021-11-24 17:04:35;410;0;14,50
2021-11-24 17:04:40;410;0;14,50
2021-11-24 17:04:45;410;0;14,50
2021-11-24 17:04:50;410;0;14,50
2021-11-24 17:04:55;410;0;14,50
2021-11-24 17:05:00;410;0;14,50
2021-11-24 17:05:05;410;0;14,50
2021-11-24 17:05:10;420;0;14,50
2021-11-24 17:05:15;410;0;14,50
2021-11-24 17:05:20;410;0;14,50
2021-11-24 17:05:25;410;0;14,50
2021-11-24 17:05:30;410;0;14,50
2021-11-24 17:05:35;410;0;14,50
2021-11-24 17:05:40;410;0;14,50
2021-11-24 17:05:45;410;0;14,50
2021-11-24 17:05:50;410;0;14,50
2021-11-24 17:05:55;420;0;14,50
2021-11-24 17:06:00;410;0;14,50
2021-11-24 17:06:05;410;0;14,50
2021-11-24 17:06:10;410;0;14,75
2021-11-24 17:06:15;410;0;14,50
2021-11-24 17:06:20;410;0;14,50
2021-11-24 17:06:25;410;0;14,50
2021-11-24 17:06:30;410;0;14,50
2021-11-24 17:06:35;410;0;14,50
2021-11-24 17:06:40;410;0;14,50
2021-11-24 17:06:45;410;0;14,50
2021-11-24 17:06:50;410;0;14,50
2021-11-24 17:06:55;410;0;14,50
2021-11-24 17:07:00;410;0;14,50
2021-11-24 17:07:05;410;0;14,50
2021-11-24 17:07:10;410;0;14,50
2021-11-24 17:07:15;410;0;14,50
2021-11-24 17:07:20;400;0;14,50
2021-11-24 17:07:25;410;0;14,50
2021-11-24 17:07:30;410;0;14,50
2021-11-24 17:07:35;410;0;14,50
2021-11-24 17:07:40;410;0;14,50
2021-11-24 17:07:45;410;0;14,50
2021-11-24 17:07:50;410;0;14,50
2021-11-24 17:07:55;410;0;14,50
2021-11-24 17:08:00;410;0;14,50
2021-11-24 17:08:05;410;0;14,50
2021-11-24 17:08:10;410;0;14,50
2021-11-24 17:08:15;410;0;14,50
2021-11-24 17:08:20;410;0;14,50
2021-11-24 17:08:25;410;0;14,50
2021-11-24 17:08:30;410;0;14,50
2021-11-24 17:08:35;410;0;14,50
2021-11-24 17:08:40;410;0;14,50
2021-11-24 17:08:45;410;0;14,50
2021-11-24 17:08:50;410;0;14,50
2021-11-24 17:08:55;410;0;14,50
2021-11-24 17:09:00;410;0;14,50
2021-11-24 17:09:05;400;0;14,50
2021-11-24 17:09:10;410;0;14,50
2021-11-24 17:09:15;410;0;14,50
2021-11-24 17:09:20;410;0;14,50
2021-11-24 17:09:25;410;0;14,50
2021-11-24 17:09:30;410;0;14,50
2021-11-24 17:09:35;410;0;14,50
2021-11-24 17:09:40;410;0;14,50
2021-11-24 17:09:45;410;0;14,50
2021-11-24 17:09:50;410;0;14,50
2021-11-24 17:09:55;410;0;14,50
2021-11-24 17:10:00;410;0;14,50
2021-11-24 17:10:05;410;0;14,50
2021-11-24 17:10:10;410;0;14,50
2021-11-24 17:10:15;420;0;14,50
2021-11-24 17:10:20;410;0;14,50
2021-11-24 17:10:25;410;0;14,50
2021-11-24 17:10:30;410;0;14,50
2021-11-24 17:10:35;410;0;14,50
2021-11-24 17:10:40;400;0;14,50
2021-11-24 17:10:45;400;0;14,50
2021-11-24 17:10:50;410;0;14,50
2021-11-24 17:10:55;410;0;14,50
2021-11-24 17:11:00;410;0;14,50
2021-11-24 17:11:05;410;0;14,50
2021-11-24 17:11:10;410;0;14,50
2021-11-24 17:11:15;410;0;14,50
2021-11-24 17:11:20;410;0;14,50
2021-11-24 17:11:25;410;0;14,50
2021-11-24 17:11:30;690;0;14,50
2021-11-24 17:11:35;770;0;14,50
2021-11-24 17:11:40;800;0;14,50
2021-11-24 17:11:45;810;0;14,50
2021-11-24 17:11:50;800;0;14,50
2021-11-24 17:11:55;800;0;14,50
2021-11-24 17:12:00;410;0;14,50
2021-11-24 17:12:05;410;0;14,50
2021-11-24 17:12:10;410;0;14,50
2021-11-24 17:12:15;410;0;14,50
2021-11-24 17:12:20;410;0;14,50
2021-11-24 17:12:25;410;0;14,50
2021-11-24 17:12:30;410;0;14,50
2021-11-24 17:12:35;410;0;14,50
2021-11-24 17:12:40;410;0;14,50
2021-11-24 17:12:45;410;0;14,50
2021-11-24 17:12:50;410;0;14,50
2021-11-24 17:12:55;410;0;14,50
2021-11-24 17:13:00;410;0;14,50
2021-11-24 17:13:05;410;0;14,50
2021-11-24 17:13:10;400;0;14,50
2021-11-24 17:13:15;410;0;14,50
2021-11-24 17:13:20;400;0;14,50
2021-11-24 17:13:25;400;0;14,50
2021-11-24 17:13:30;410;0;14,50
2021-11-24 17:13:35;410;0;14,50
2021-11-24 17:13:40;410;0;14,50
2021-11-24 17:13:45;410;0;14,50
2021-11-24 17:13:50;420;0;14,50
2021-11-24 17:13:55;410;0;14,50
2021-11-24 17:14:00;410;0;14,50
2021-11-24 17:14:05;410;0;14,50
2021-11-24 17:14:10;410;0;14,50
2021-11-24 17:14:15;410;0;14,50
2021-11-24 17:14:20;410;0;14,50
2021-11-24 17:14:25;410;0;14,50
2021-11-24 17:14:30;410;0;14,50
2021-11-24 17:14:35;420;0;14,50
2021-11-24 17:14:40;410;0;14,50
2021-11-24 17:14:45;420;0;14,50
2021-11-24 17:14:50;410;0;14,50
2021-11-24 17:14:55;410;0;14,50
2021-11-24 17:15:00;410;0;14,50
2021-11-24 17:15:05;420;0;14,50
2021-11-24 17:15:10;410;0;14,50
2021-11-24 17:15:15;410;0;14,50
2021-11-24 17:15:20;410;0;14,50
2021-11-24 17:15:25;410;0;14,50
2021-11-24 17:15:30;410;0;14,50
2021-11-24 17:15:35;410;0;14,50
2021-11-24 17:15:40;410;0;14,50
2021-11-24 17:15:45;410;0;14,50
2021-11-24 17:15:50;410;0;14,50
2021-11-24 17:15:55;410;0;14,50
2021-11-24 17:16:00;410;0;14,50
2021-11-24 17:16:05;410;0;14,50
2021-11-24 17:16:10;410;0;14,50
2021-11-24 17:16:15;410;0;14,50
2021-11-24 17:16:20;410;0;14,50
2021-11-24 17:16:25;410;0;14,50
2021-11-24 17:16:30;410;0;14,50
2021-11-24 17:16:35;410;0;14,50
2021-11-24 17:16:40;410;0;14,50
2021-11-24 17:16:45;410;0;14,50
2021-11-24 17:16:50;410;0;14,50
2021-11-24 17:16:55;410;0;14,50
2021-11-24 17:17:00;410;0;14,50
2021-11-24 17:17:05;410;0;14,50
2021-11-24 17:17:10;410;0;14,50
2021-11-24 17:17:15;410;0;14,50
2021-11-24 17:17:20;410;0;14,50
2021-11-24 17:17:25;410;0;14,50
2021-11-24 17:17:30;410;0;14,50
2021-11-24 17:17:35;410;0;14,50
2021-11-24 17:17:40;410;0;14,50
2021-11-24 17:17:45;410;0;14,50
2021-11-24 17:17:50;410;0;14,50
2021-11-24 17:17:55;420;0;14,50
2021-11-24 17:18:00;420;0;14,50
2021-11-24 17:18:05;410;0;14,50
2021-11-24 17:18:10;410;0;14,50
2021-11-24 17:18:15;410;0;14,50
2021-11-24 17:18:20;410;0;14,50
2021-11-24 17:18:25;410;0;14,50
2021-11-24 17:18:30;410;0;14,50
2021-11-24 17:18:35;410;0;14,50
2021-11-24 17:18:40;410;0;14,50
2021-11-24 17:18:45;410;0;14,50
2021-11-24 17:18:50;410;0;14,50
2021-11-24 17:18:55;410;0;14,50
2021-11-24 17:19:00;410;0;14,50
2021-11-24 17:19:05;410;0;14,50
2021-11-24 17:19:10;410;0;14,50
2021-11-24 17:19:15;410;0;14,50
2021-11-24 17:19:20;410;0;14,50
2021-11-24 17:19:25;410;0;14,50
2021-11-24 17:19:30;410;0;14,50
2021-11-24 17:19:35;410;0;14,50
2021-11-24 17:19:40;410;0;14,50
2021-11-24 17:19:45;410;0;14,50
2021-11-24 17:19:50;410;0;14,50
2021-11-24 17:19:55;410;0;14,50
2021-11-24 17:20:00;410;0;14,50
2021-11-24 17:20:05;410;0;14,50
2021-11-24 17:20:10;410;0;14,50
2021-11-24 17:20:15;410;0;14,50
2021-11-24 17:20:20;410;0;14,50
2021-11-24 17:20:25;410;0;14,50
2021-11-24 17:20:30;410;0;14,50
2021-11-24 17:20:35;400;0;14,50
2021-11-24 17:20:40;410;0;14,50
2021-11-24 17:20:45;410;0;14,50
2021-11-24 17:20:50;410;0;14,50
2021-11-24 17:20:55;410;0;14,50
2021-11-24 17:21:00;400;0;14,50
2021-11-24 17:21:05;410;0;14,50
2021-11-24 17:21:10;410;0;14,50
2021-11-24 17:21:15;410;0;14,50
2021-11-24 17:21:20;410;0;14,50
2021-11-24 17:21:25;410;0;14,50
2021-11-24 17:21:30;680;0;14,50
2021-11-24 17:21:35;750;0;14,50
2021-11-24 17:21:40;800;0;14,50
2021-11-24 17:21:45;800;0;14,50
2021-11-24 17:21:50;810;0;14,50
2021-11-24 17:21:55;800;0;14,50
2021-11-24 17:22:00;640;0;14,50
2021-11-24 17:22:05;410;0;14,50
2021-11-24 17:22:10;410;0;14,50
2021-11-24 17:22:15;400;0;14,50
2021-11-24 17:22:20;410;0;14,50
2021-11-24 17:22:25;410;0;14,50
2021-11-24 17:22:30;410;0;14,50
2021-11-24 17:22:35;410;0;14,50
2021-11-24 17:22:40;410;0;14,50
2021-11-24 17:22:45;410;0;14,50
2021-11-24 17:22:50;410;0;14,50
2021-11-24 17:22:55;400;0;14,50
2021-11-24 17:23:00;410;0;14,50
2021-11-24 17:23:05;410;0;14,50
2021-11-24 17:23:10;400;0;14,50
2021-11-24 17:23:15;400;0;14,50
2021-11-24 17:23:20;400;0;14,50
2021-11-24 17:23:25;410;0;14,50
2021-11-24 17:23:30;410;0;14,50
2021-11-24 17:23:35;400;0;14,50
2021-11-24 17:23:40;400;0;14,50
2021-11-24 17:23:45;400;0;14,50
2021-11-24 17:23:50;400;0;14,50
2021-11-24 17:23:55;400;0;14,50
2021-11-24 17:24:00;400;0;14,50
2021-11-24 17:24:05;410;0;14,50
2021-11-24 17:24:10;410;0;14,50
2021-11-24 17:24:15;400;0;14,50
2021-11-24 17:24:20;400;0;14,50
2021-11-24 17:24:25;410;0;14,50
2021-11-24 17:24:30;410;0;14,50
2021-11-24 17:24:35;410;0;14,50
2021-11-24 17:24:40;410;0;14,50
2021-11-24 17:24:45;410;0;14,50
2021-11-24 17:24:50;410;0;14,50
2021-11-24 17:24:55;410;0;14,50
2021-11-24 17:25:00;410;0;14,50
2021-11-24 17:25:05;410;0;14,50
2021-11-24 17:25:10;410;0;14,50
2021-11-24 17:25:15;410;0;14,50
2021-11-24 17:25:20;410;0;14,50
2021-11-24 17:25:25;410;0;14,50
2021-11-24 17:25:30;410;0;14,50
2021-11-24 17:25:35;410;0;14,50
2021-11-24 17:25:40;410;0;14,50
2021-11-24 17:25:45;410;0;14,50
2021-11-24 17:25:50;410;0;14,50
2021-11-24 17:25:55;410;0;14,50
2021-11-24 17:26:00;410;0;14,50
2021-11-24 17:26:05;410;0;14,50
2021-11-24 17:26:10;420;0;14,50
2021-11-24 17:26:15;410;0;14,50
2021-11-24 17:26:20;410;0;14,50
2021-11-24 17:26:25;410;0;14,50
2021-11-24 17:26:30;410;0;14,50
2021-11-24 17:26:35;410;0;14,50
2021-11-24 17:26:40;410;0;14,50
2021-11-24 17:26:45;410;0;14,50
2021-11-24 17:26:50;410;0;14,50
2021-11-24 17:26:55;410;0;14,50
2021-11-24 17:27:00;410;0;14,50
2021-11-24 17:27:05;410;0;14,50
2021-11-24 17:27:10;410;0;14,50
2021-11-24 17:27:15;410;0;14,50
2021-11-24 17:27:20;410;0;14,50
2021-11-24 17:27:25;410;0;14,50
2021-11-24 17:27:30;410;0;14,50
2021-11-24 17:27:35;410;0;14,50
2021-11-24 17:27:40;410;0;14,50
2021-11-24 17:27:45;410;0;14,50
2021-11-24 17:27:50;410;0;14,50
2021-11-24 17:27:55;410;0;14,50
2021-11-24 17:28:00;410;0;14,50
2021-11-24 17:28:05;410;0;14,50
2021-11-24 17:28:10;410;0;14,50
2021-11-24 17:28:15;410;0;14,50
2021-11-24 17:28:20;410;0;14,50
2021-11-24 17:28:25;410;0;14,50
2021-11-24 17:28:30;410;0;14,50
2021-11-24 17:28:35;410;0;14,50
2021-11-24 17:28:40;410;0;14,50
2021-11-24 17:28:45;410;0;14,50
2021-11-24 17:28:50;400;0;14,50
2021-11-24 17:28:55;410;0;14,50
2021-11-24 17:29:00;410;0;14,50
2021-11-24 17:29:05;410;0;14,50
2021-11-24 17:29:10;410;0;14,50
2021-11-24 17:29:15;410;0;14,50
2021-11-24 17:29:20;410;0;14,50
2021-11-24 17:29:25;410;0;14,50
2021-11-24 17:29:30;410;0;14,50
2021-11-24 17:29:35;410;0;14,50
2021-11-24 17:29:40;410;0;14,50
2021-11-24 17:29:45;410;0;14,50
2021-11-24 17:29:50;410;0;14,50
2021-11-24 17:29:55;410;0;14,50
2021-11-24 17:30:00;420;0;14,50
2021-11-24 17:30:05;410;0;14,50
2021-11-24 17:30:10;410;0;14,50
2021-11-24 17:30:15;410;0;14,50
2021-11-24 17:30:20;410;0;14,50
2021-11-24 17:30:25;410;0;14,50
2021-11-24 17:30:30;410;0;14,50
2021-11-24 17:30:35;410;0;14,50
2021-11-24 17:30:40;410;0;14,50
2021-11-24 17:30:45;410;0;14,50
2021-11-24 17:30:50;410;0;14,50
2021-11-24 17:30:55;400;0;14,50
2021-11-24 17:31:00;410;0;14,50
2021-11-24 17:31:05;410;0;14,50
2021-11-24 17:31:10;400;0;14,50
2021-11-24 17:31:15;400;0;14,50
2021-11-24 17:31:20;410;0;14,50
2021-11-24 17:31:25;410;0;14,50
2021-11-24 17:31:30;410;0;14,50
2021-11-24 17:31:35;760;0;14,50
2021-11-24 17:31:40;800;0;14,50
2021-11-24 17:31:45;790;0;14,50
2021-11-24 17:31:50;800;0;14,50
2021-11-24 17:31:55;790;0;14,50
2021-11-24 17:32:00;790;0;14,50
2021-11-24 17:32:05;410;0;14,50
2021-11-24 17:32:10;410;0;14,50
2021-11-24 17:32:15;400;0;14,50
2021-11-24 17:32:20;400;0;14,50
2021-11-24 17:32:25;400;0;14,50
2021-11-24 17:32:30;400;0;14,50
2021-11-24 17:32:35;410;0;14,50
2021-11-24 17:32:40;400;0;14,50
2021-11-24 17:32:45;400;0;14,50
2021-11-24 17:32:50;410;0;14,50
2021-11-24 17:32:55;410;0;14,50
2021-11-24 17:33:00;410;0;14,50
2021-11-24 17:33:05;410;0;14,50
2021-11-24 17:33:10;400;0;14,50
2021-11-24 17:33:15;400;0;14,50
2021-11-24 17:33:20;400;0;14,50
2021-11-24 17:33:25;400;0;14,50
2021-11-24 17:33:30;420;0;14,50
2021-11-24 17:33:35;400;0;14,50
2021-11-24 17:33:40;400;0;14,50
2021-11-24 17:33:45;400;0;14,50
2021-11-24 17:33:50;410;0;14,50
2021-11-24 17:33:55;400;0;14,50
2021-11-24 17:34:00;400;0;14,50
2021-11-24 17:34:05;410;0;14,50
2021-11-24 17:34:10;410;0;14,50
2021-11-24 17:34:15;410;0;14,50
2021-11-24 17:34:20;410;0;14,50
2021-11-24 17:34:25;410;0;14,50
2021-11-24 17:34:30;410;0;14,50
2021-11-24 17:34:35;410;0;14,50
2021-11-24 17:34:40;410;0;14,50
2021-11-24 17:34:45;410;0;14,50
2021-11-24 17:34:50;400;0;14,50
2021-11-24 17:34:55;410;0;14,50
2021-11-24 17:35:00;410;0;14,50
2021-11-24 17:35:05;410;0;14,50
2021-11-24 17:35:10;410;0;14,50
2021-11-24 17:35:15;410;0;14,50
2021-11-24 17:35:20;410;0;14,50
2021-11-24 17:35:25;410;0;14,50
2021-11-24 17:35:30;400;0;14,50
2021-11-24 17:35:35;410;0;14,50
2021-11-24 17:35:40;410;0;14,50
2021-11-24 17:35:45;410;0;14,50
2021-11-24 17:35:50;410;0;14,50
2021-11-24 17:35:55;410;0;14,50
2021-11-24 17:36:00;410;0;14,50
2021-11-24 17:36:05;410;0;14,50
2021-11-24 17:36:10;410;0;14,50
2021-11-24 17:36:15;410;0;14,50
2021-11-24 17:36:20;400;0;14,50
2021-11-24 17:36:25;410;0;14,50
2021-11-24 17:36:30;400;0;14,50
2021-11-24 17:36:35;410;0;14,50
2021-11-24 17:36:40;410;0;14,50
2021-11-24 17:36:45;410;0;14,50
2021-11-24 17:36:50;400;0;14,50
2021-11-24 17:36:55;410;0;14,50
2021-11-24 17:37:00;410;0;14,50
2021-11-24 17:37:05;410;0;14,50
2021-11-24 17:37:10;410;0;14,50
2021-11-24 17:37:15;400;0;14,50
2021-11-24 17:37:20;400;0;14,50
2021-11-24 17:37:25;410;0;14,50
2021-11-24 17:37:30;400;0;14,50
2021-11-24 17:37:35;400;0;14,50
2021-11-24 17:37:40;400;0;14,50
2021-11-24 17:37:45;400;0;14,50
2021-11-24 17:37:50;400;0;14,50
2021-11-24 17:37:55;400;0;14,50
2021-11-24 17:38:00;400;0;14,50
2021-11-24 17:38:05;400;0;14,50
2021-11-24 17:38:10;400;0;14,50
2021-11-24 17:38:15;400;0;14,50
2021-11-24 17:38:20;400;0;14,50
2021-11-24 17:38:25;400;0;14,50
2021-11-24 17:38:30;400;0;14,50
2021-11-24 17:38:35;420;0;14,50
2021-11-24 17:38:40;400;0;14,50
2021-11-24 17:38:45;400;0;14,50
2021-11-24 17:38:50;400;0;14,50
2021-11-24 17:38:55;400;0;14,50
2021-11-24 17:39:00;400;0;14,50
2021-11-24 17:39:05;400;0;14,50
2021-11-24 17:39:10;400;0;14,50
2021-11-24 17:39:15;400;0;14,50
2021-11-24 17:39:20;400;0;14,50
2021-11-24 17:39:25;410;0;14,50
2021-11-24 17:39:30;400;0;14,50
2021-11-24 17:39:35;400;0;14,50
2021-11-24 17:39:40;400;0;14,50
2021-11-24 17:39:45;400;0;14,50
2021-11-24 17:39:50;400;0;14,50
2021-11-24 17:39:55;400;0;14,50
2021-11-24 17:40:00;400;0;14,50
2021-11-24 17:40:05;400;0;14,50
2021-11-24 17:40:10;400;0;14,50
2021-11-24 17:40:15;400;0;14,50
2021-11-24 17:40:20;400;0;14,50
2021-11-24 17:40:25;400;0;14,50
2021-11-24 17:40:30;400;0;14,50
2021-11-24 17:40:35;400;0;14,50
2021-11-24 17:40:40;400;0;14,50
2021-11-24 17:40:45;400;0;14,50
2021-11-24 17:40:50;400;0;14,50
2021-11-24 17:40:55;400;0;14,50
2021-11-24 17:41:00;410;0;14,50
2021-11-24 17:41:05;400;0;14,50
2021-11-24 17:41:10;400;0;14,50
2021-11-24 17:41:15;400;0;14,50
2021-11-24 17:41:20;400;0;14,50
2021-11-24 17:41:25;400;0;14,50
2021-11-24 17:41:30;400;0;14,50
2021-11-24 17:41:35;750;0;14,50
2021-11-24 17:41:40;790;0;14,50
2021-11-24 17:41:45;790;0;14,50
2021-11-24 17:41:50;780;0;14,50
2021-11-24 17:41:55;780;0;14,50
2021-11-24 17:42:00;790;0;14,50
2021-11-24 17:42:05;400;0;14,50
2021-11-24 17:42:10;400;0;14,50
2021-11-24 17:42:15;400;0;14,50
2021-11-24 17:42:20;400;0;14,50
2021-11-24 17:42:25;400;0;14,50
2021-11-24 17:42:30;420;0;14,50
2021-11-24 17:42:35;410;0;14,50
2021-11-24 17:42:40;400;0;14,50
2021-11-24 17:42:45;410;0;14,50
2021-11-24 17:42:50;400;0;14,50
2021-11-24 17:42:55;410;0;14,50
2021-11-24 17:43:00;400;0;14,50
2021-11-24 17:43:05;410;0;14,50
2021-11-24 17:43:10;400;0;14,50
2021-11-24 17:43:15;410;0;14,50
2021-11-24 17:43:20;410;0;14,50
2021-11-24 17:43:25;400;0;14,50
2021-11-24 17:43:30;410;0;14,50
2021-11-24 17:43:35;440;0;14,50
2021-11-24 17:43:40;450;0;14,50
2021-11-24 17:43:45;460;0;14,50
2021-11-24 17:43:50;450;0;14,50
2021-11-24 17:43:55;450;0;14,50
2021-11-24 17:44:00;450;0;14,50
2021-11-24 17:44:05;440;0;14,50
2021-11-24 17:44:10;440;0;14,50
2021-11-24 17:44:15;460;0;14,50
2021-11-24 17:44:20;460;0;14,50
2021-11-24 17:44:25;460;0;14,50
2021-11-24 17:44:30;440;0;14,50
2021-11-24 17:44:35;440;0;14,50
2021-11-24 17:44:40;430;0;14,50
2021-11-24 17:44:45;430;0;14,50
2021-11-24 17:44:50;430;0;14,50
2021-11-24 17:44:55;440;0;14,50
2021-11-24 17:45:00;430;0;14,50
2021-11-24 17:45:05;440;0;14,50
2021-11-24 17:45:10;440;0;14,50
2021-11-24 17:45:15;440;0;14,50
2021-11-24 17:45:20;450;0;14,50
2021-11-24 17:45:25;440;0;14,50
2021-11-24 17:45:30;450;0;14,50
2021-11-24 17:45:35;440;0;14,50
2021-11-24 17:45:40;440;0;14,50
2021-11-24 17:45:45;440;0;14,50
2021-11-24 17:45:50;450;0;14,50
2021-11-24 17:45:55;440;0;14,50
2021-11-24 17:46:00;450;0;14,50
2021-11-24 17:46:05;440;0;14,50
2021-11-24 17:46:10;440;0;14,50
2021-11-24 17:46:15;440;0;14,50
2021-11-24 17:46:20;440;0;14,50
2021-11-24 17:46:25;440;0;14,50
2021-11-24 17:46:30;440;0;14,50
2021-11-24 17:46:35;430;0;14,50
2021-11-24 17:46:40;440;0;14,50
2021-11-24 17:46:45;440;0;14,50
2021-11-24 17:46:50;440;0;14,50
2021-11-24 17:46:55;440;0;14,50
2021-11-24 17:47:00;440;0;14,50
2021-11-24 17:47:05;440;0;14,50
2021-11-24 17:47:10;430;0;14,50
2021-11-24 17:47:15;440;0;14,50
2021-11-24 17:47:20;430;0;14,50
2021-11-24 17:47:25;430;0;14,50
2021-11-24 17:47:30;440;0;14,50
2021-11-24 17:47:35;430;0;14,50
2021-11-24 17:47:40;440;0;14,50
2021-11-24 17:47:45;430;0;14,50
2021-11-24 17:47:50;440;0;14,50
2021-11-24 17:47:55;440;0;14,50
2021-11-24 17:48:00;440;0;14,50
2021-11-24 17:48:05;440;0;14,50
2021-11-24 17:48:10;440;0;14,50
2021-11-24 17:48:15;440;0;14,50
2021-11-24 17:48:20;440;0;14,50
2021-11-24 17:48:25;430;0;14,50
2021-11-24 17:48:30;430;0;14,50
2021-11-24 17:48:35;440;0;14,50
2021-11-24 17:48:40;430;0;14,50
2021-11-24 17:48:45;430;0;14,50
2021-11-24 17:48:50;440;0;14,50
2021-11-24 17:48:55;430;0;14,50
2021-11-24 17:49:00;440;0;14,50
2021-11-24 17:49:05;430;0;14,50
2021-11-24 17:49:10;430;0;14,50
2021-11-24 17:49:15;440;0;14,50
2021-11-24 17:49:20;440;0;14,50
2021-11-24 17:49:25;430;0;14,50
2021-11-24 17:49:30;440;0;14,50
2021-11-24 17:49:35;430;0;14,50
2021-11-24 17:49:40;430;0;14,50
2021-11-24 17:49:45;430;0;14,50
2021-11-24 17:49:50;430;0;14,50
2021-11-24 17:49:55;440;0;14,50
2021-11-24 17:50:00;430;0;14,50
2021-11-24 17:50:05;430;0;14,50
2021-11-24 17:50:10;430;0;14,50
2021-11-24 17:50:15;430;0;14,50
2021-11-24 17:50:20;430;0;14,50
2021-11-24 17:50:25;430;0;14,50
2021-11-24 17:50:30;430;0;14,50
2021-11-24 17:50:35;430;0;14,50
2021-11-24 17:50:40;430;0;14,50
2021-11-24 17:50:45;430;0;14,50
2021-11-24 17:50:50;430;0;14,50
2021-11-24 17:50:55;430;0;14,50
2021-11-24 17:51:00;430;0;14,50
2021-11-24 17:51:05;430;0;14,50
2021-11-24 17:51:10;430;0;14,25
2021-11-24 17:51:15;430;0;14,50
2021-11-24 17:51:20;430;0;14,50
2021-11-24 17:51:25;430;0;14,50
2021-11-24 17:51:30;430;0;14,50
2021-11-24 17:51:35;780;0;14,50
2021-11-24 17:51:40;860;0;14,50
2021-11-24 17:51:45;1000;0;14,50
2021-11-24 17:51:50;940;0;14,50
2021-11-24 17:51:55;960;0;14,50
2021-11-24 17:52:00;960;0;14,50
2021-11-24 17:52:05;520;0;14,50
2021-11-24 17:52:10;440;0;14,50
2021-11-24 17:52:15;440;0;14,50
2021-11-24 17:52:20;430;0;14,50
2021-11-24 17:52:25;430;0;14,50
2021-11-24 17:52:30;440;0;14,50
2021-11-24 17:52:35;440;0;14,50
2021-11-24 17:52:40;440;0;14,50
2021-11-24 17:52:45;430;0;14,50
2021-11-24 17:52:50;430;0;14,50
2021-11-24 17:52:55;440;0;14,50
2021-11-24 17:53:00;430;0;14,50
2021-11-24 17:53:05;430;0;14,50
2021-11-24 17:53:10;440;0;14,50
2021-11-24 17:53:15;440;0;14,50
2021-11-24 17:53:20;440;0;14,50
2021-11-24 17:53:25;440;0;14,50
2021-11-24 17:53:30;430;0;14,25
2021-11-24 17:53:35;430;0;14,50
2021-11-24 17:53:40;440;0;14,50
2021-11-24 17:53:45;430;0;14,50
2021-11-24 17:53:50;470;0;14,25
2021-11-24 17:53:55;540;0;14,25
2021-11-24 17:54:00;520;0;14,25
2021-11-24 17:54:05;510;0;14,25
2021-11-24 17:54:10;1500;0;14,25
2021-11-24 17:54:15;1710;0;14,25
2021-11-24 17:54:20;860;0;14,25
2021-11-24 17:54:25;860;0;14,25
2021-11-24 17:54:30;640;0;14,25
2021-11-24 17:54:35;690;0;14,25
2021-11-24 17:54:40;560;0;14,25
2021-11-24 17:54:45;520;0;14,25
2021-11-24 17:54:50;530;0;14,25
2021-11-24 17:54:55;540;0;14,25
2021-11-24 17:55:00;540;0;14,25
2021-11-24 17:55:05;540;0;14,25
2021-11-24 17:55:10;540;0;14,25
2021-11-24 17:55:15;540;0;14,25
2021-11-24 17:55:20;540;0;14,25
2021-11-24 17:55:25;530;0;14,25
2021-11-24 17:55:30;540;0;14,25
2021-11-24 17:55:35;530;0;14,25
2021-11-24 17:55:40;540;0;14,25
2021-11-24 17:55:45;530;0;14,25
2021-11-24 17:55:50;540;0;14,25
2021-11-24 17:55:55;550;0;14,25
2021-11-24 17:56:00;540;0;14,25
2021-11-24 17:56:05;540;0;14,25
2021-11-24 17:56:10;540;0;14,25
2021-11-24 17:56:15;540;0;14,25
2021-11-24 17:56:20;540;0;14,25
2021-11-24 17:56:25;540;0;14,25
2021-11-24 17:56:30;540;0;14,25
2021-11-24 17:56:35;540;0;14,25
2021-11-24 17:56:40;540;0;14,25
2021-11-24 17:56:45;540;0;14,25
2021-11-24 17:56:50;540;0;14,25
2021-11-24 17:56:55;540;0;14,25
2021-11-24 17:57:00;530;0;14,25
2021-11-24 17:57:05;530;0;14,25
2021-11-24 17:57:10;530;0;14,25
2021-11-24 17:57:15;530;0;14,25
2021-11-24 17:57:20;530;0;14,25
2021-11-24 17:57:25;530;0;14,00
2021-11-24 17:57:30;540;0;14,00
2021-11-24 17:57:35;540;0;14,00
2021-11-24 17:57:40;530;0;14,00
2021-11-24 17:57:45;540;0;14,00
2021-11-24 17:57:50;540;0;14,00
2021-11-24 17:57:55;540;0;14,00
2021-11-24 17:58:00;570;0;14,00
2021-11-24 17:58:05;700;0;14,00
2021-11-24 17:58:10;670;0;14,00
2021-11-24 17:58:15;640;0;14,00
2021-11-24 17:58:20;610;0;14,00
2021-11-24 17:58:25;590;0;14,00
2021-11-24 17:58:30;540;0;14,00
2021-11-24 17:58:35;540;0;14,00
2021-11-24 17:58:40;540;0;14,00
2021-11-24 17:58:45;540;0;14,00
2021-11-24 17:58:50;540;0;14,00
2021-11-24 17:58:55;540;0;14,00
2021-11-24 17:59:00;540;0;14,00
2021-11-24 17:59:05;540;0;14,00
2021-11-24 17:59:10;590;0;14,00
2021-11-24 17:59:15;570;0;14,00
2021-11-24 17:59:20;560;0;14,00
2021-11-24 17:59:25;560;0;14,00
2021-11-24 17:59:30;530;0;14,00
2021-11-24 17:59:35;530;0;14,00
2021-11-24 17:59:40;530;0;14,00
2021-11-24 17:59:45;530;0;14,00
2021-11-24 17:59:50;530;0;14,00
2021-11-24 17:59:55;530;0;14,00
2021-11-24 18:00:00;530;0;14,00
2021-11-24 18:00:05;530;0;14,00
2021-11-24 18:00:10;530;0;14,00
2021-11-24 18:00:15;650;0;14,00
2021-11-24 18:00:20;650;0;14,00
2021-11-24 18:00:25;650;0;14,00
2021-11-24 18:00:30;580;0;14,00
2021-11-24 18:00:35;610;0;14,00
2021-11-24 18:00:40;610;0;14,00
2021-11-24 18:00:45;610;0;14,00
2021-11-24 18:00:50;530;0;14,00
2021-11-24 18:00:55;540;0;14,00
2021-11-24 18:01:00;530;0;14,00
2021-11-24 18:01:05;530;0;14,00
2021-11-24 18:01:10;530;0;14,00
2021-11-24 18:01:15;590;0;14,00
2021-11-24 18:01:20;580;0;14,00
2021-11-24 18:01:25;580;0;14,00
2021-11-24 18:01:30;590;0;14,00
2021-11-24 18:01:35;900;0;14,00
2021-11-24 18:01:40;960;0;14,00
2021-11-24 18:01:45;950;0;14,00
2021-11-24 18:01:50;930;0;14,00
2021-11-24 18:01:55;930;0;14,00
2021-11-24 18:02:00;960;0;14,00
2021-11-24 18:02:05;520;0;14,00
2021-11-24 18:02:10;520;0;14,00
2021-11-24 18:02:15;520;0;14,00
2021-11-24 18:02:20;520;0;14,00
2021-11-24 18:02:25;510;0;14,00
2021-11-24 18:02:30;510;0;14,00
2021-11-24 18:02:35;1590;0;14,00
2021-11-24 18:02:40;1580;0;14,00
2021-11-24 18:02:45;1580;0;14,00
2021-11-24 18:02:50;1640;0;14,00
2021-11-24 18:02:55;1690;0;13,75
2021-11-24 18:03:00;1710;0;13,75
2021-11-24 18:03:05;1710;0;14,00
2021-11-24 18:03:10;1720;0;14,00
2021-11-24 18:03:15;1710;0;13,75
2021-11-24 18:03:20;2790;0;13,75
2021-11-24 18:03:25;2800;0;13,75
2021-11-24 18:03:30;2800;0;14,00
2021-11-24 18:03:35;2810;0;14,00
2021-11-24 18:03:40;2820;0;13,75
2021-11-24 18:03:45;2810;0;13,75
2021-11-24 18:03:50;2830;0;14,00
2021-11-24 18:03:55;2860;0;14,00
2021-11-24 18:04:00;2860;0;13,75
2021-11-24 18:04:05;2860;0;14,00
2021-11-24 18:04:10;2860;0;13,75
2021-11-24 18:04:15;2870;0;13,75
2021-11-24 18:04:20;2850;0;13,75
2021-11-24 18:04:25;2880;0;13,75
2021-11-24 18:04:30;2890;0;13,75
2021-11-24 18:04:35;2870;0;13,75
2021-11-24 18:04:40;2820;0;13,75
2021-11-24 18:04:45;2810;0;13,75
2021-11-24 18:04:50;2750;0;13,75
2021-11-24 18:04:55;2750;0;14,00
2021-11-24 18:05:00;2750;0;13,75
2021-11-24 18:05:05;2760;0;13,75
2021-11-24 18:05:10;2750;0;13,75
2021-11-24 18:05:15;2680;0;13,75
2021-11-24 18:05:20;2680;0;13,75
2021-11-24 18:05:25;2680;0;13,75
2021-11-24 18:05:30;2680;0;14,00
2021-11-24 18:05:35;2680;0;13,75
2021-11-24 18:05:40;2690;0;13,75
2021-11-24 18:05:45;2680;0;13,75
2021-11-24 18:05:50;2680;0;13,75
2021-11-24 18:05:55;2680;0;14,00
2021-11-24 18:06:00;2690;0;13,75
2021-11-24 18:06:05;2680;0;13,75
2021-11-24 18:06:10;2680;0;13,75
2021-11-24 18:06:15;2680;0;13,75
2021-11-24 18:06:20;2680;0;14,00
2021-11-24 18:06:25;2680;0;13,75
2021-11-24 18:06:30;2680;0;14,00
2021-11-24 18:06:35;2690;0;13,75
2021-11-24 18:06:40;2680;0;14,00
2021-11-24 18:06:45;2680;0;14,00
2021-11-24 18:06:50;2680;0;13,75
2021-11-24 18:06:55;2680;0;13,75
2021-11-24 18:07:00;2680;0;14,00
2021-11-24 18:07:05;2680;0;14,00
2021-11-24 18:07:10;2680;0;14,00
2021-11-24 18:07:15;2680;0;14,00
2021-11-24 18:07:20;2680;0;14,00
2021-11-24 18:07:25;2690;0;13,75
2021-11-24 18:07:30;2680;0;13,75
2021-11-24 18:07:35;2680;0;14,00
2021-11-24 18:07:40;2680;0;13,75
2021-11-24 18:07:45;2690;0;14,00
2021-11-24 18:07:50;2680;0;14,00
2021-11-24 18:07:55;2690;0;14,00
2021-11-24 18:08:00;2690;0;14,00
2021-11-24 18:08:05;2680;0;14,00
2021-11-24 18:08:10;2680;0;14,00
2021-11-24 18:08:15;2680;0;14,00
2021-11-24 18:08:20;2690;0;14,00
2021-11-24 18:08:25;2720;0;14,00
2021-11-24 18:08:30;2720;0;14,00
2021-11-24 18:08:35;2740;0;14,00
2021-11-24 18:08:40;1850;0;14,00
2021-11-24 18:08:45;1850;0;14,00
2021-11-24 18:08:50;1850;0;14,00
2021-11-24 18:08:55;1940;0;14,00
2021-11-24 18:09:00;1940;0;14,00
2021-11-24 18:09:05;1850;0;14,00
2021-11-24 18:09:10;1850;0;14,00
2021-11-24 18:09:15;1850;0;14,00
2021-11-24 18:09:20;1930;0;14,00
2021-11-24 18:09:25;1940;0;14,00
2021-11-24 18:09:30;1940;0;14,00
2021-11-24 18:09:35;1940;0;14,00
2021-11-24 18:09:40;1850;0;14,00
2021-11-24 18:09:45;1850;0;14,00
2021-11-24 18:09:50;1940;0;14,00
2021-11-24 18:09:55;1940;0;14,00
2021-11-24 18:10:00;1950;0;14,00
2021-11-24 18:10:05;1850;0;14,00
2021-11-24 18:10:10;1850;0;14,00
2021-11-24 18:10:15;1840;0;14,00
2021-11-24 18:10:20;1840;0;14,00
2021-11-24 18:10:25;1930;0;14,00
2021-11-24 18:10:30;1890;0;14,00
2021-11-24 18:10:35;1810;0;14,00
2021-11-24 18:10:40;1800;0;14,00
2021-11-24 18:10:45;1800;0;14,00
2021-11-24 18:10:50;1800;0;14,00
2021-11-24 18:10:55;1900;0;14,00
2021-11-24 18:11:00;1890;0;14,00
2021-11-24 18:11:05;1800;0;14,00
2021-11-24 18:11:10;1800;0;14,00
2021-11-24 18:11:15;1800;0;14,00
2021-11-24 18:11:20;1890;0;14,00
2021-11-24 18:11:25;1890;0;14,00
2021-11-24 18:11:30;1790;0;14,00
2021-11-24 18:11:35;2260;0;14,00
2021-11-24 18:11:40;2240;0;14,00
2021-11-24 18:11:45;2320;0;14,00
2021-11-24 18:11:50;2380;0;14,00
2021-11-24 18:11:55;2360;0;14,00
2021-11-24 18:12:00;2370;0;14,00
2021-11-24 18:12:05;2340;0;14,00
2021-11-24 18:12:10;2070;0;14,00
2021-11-24 18:12:15;2070;0;14,00
2021-11-24 18:12:20;2070;0;14,00
2021-11-24 18:12:25;2070;0;14,00
2021-11-24 18:12:30;2060;0;14,00
2021-11-24 18:12:35;2070;0;14,00
2021-11-24 18:12:40;1590;0;14,00
2021-11-24 18:12:45;2070;0;14,00
2021-11-24 18:12:50;2060;0;14,00
2021-11-24 18:12:55;2060;0;14,00
2021-11-24 18:13:00;2070;0;14,00
2021-11-24 18:13:05;2070;0;14,00
2021-11-24 18:13:10;2060;0;14,00
2021-11-24 18:13:15;2070;0;14,00
2021-11-24 18:13:20;1480;0;14,00
2021-11-24 18:13:25;1480;0;14,00
2021-11-24 18:13:30;1480;0;14,00
2021-11-24 18:13:35;1480;0;14,00
2021-11-24 18:13:40;1480;0;14,00
2021-11-24 18:13:45;1480;0;14,00
2021-11-24 18:13:50;1480;0;14,25
2021-11-24 18:13:55;1480;0;14,25
2021-11-24 18:14:00;1480;0;14,00
2021-11-24 18:14:05;1490;0;14,25
2021-11-24 18:14:10;1480;0;14,25
2021-11-24 18:14:15;1480;0;14,25
2021-11-24 18:14:20;1490;0;14,25
2021-11-24 18:14:25;1490;0;14,25
2021-11-24 18:14:30;1480;0;14,25
2021-11-24 18:14:35;1480;0;14,25
2021-11-24 18:14:40;1480;0;14,25
2021-11-24 18:14:45;970;0;14,25
2021-11-24 18:14:50;960;0;14,25
2021-11-24 18:14:55;960;0;14,25
2021-11-24 18:15:00;970;0;14,25
2021-11-24 18:15:05;980;0;14,25
2021-11-24 18:15:10;980;0;14,25
2021-11-24 18:15:15;990;0;14,25
2021-11-24 18:15:20;980;0;14,25
2021-11-24 18:15:25;980;0;14,25
2021-11-24 18:15:30;980;0;14,25
2021-11-24 18:15:35;980;0;14,25
2021-11-24 18:15:40;970;0;14,25
2021-11-24 18:15:45;980;0;14,25
2021-11-24 18:15:50;980;0;14,25
2021-11-24 18:15:55;980;0;14,25
2021-11-24 18:16:00;970;0;14,25
2021-11-24 18:16:05;970;0;14,25
2021-11-24 18:16:10;960;0;14,25
2021-11-24 18:16:15;960;0;14,25
2021-11-24 18:16:20;560;0;14,25
2021-11-24 18:16:25;560;0;14,25
2021-11-24 18:16:30;550;0;14,25
2021-11-24 18:16:35;530;0;14,25
2021-11-24 18:16:40;540;0;14,25
2021-11-24 18:16:45;540;0;14,25
2021-11-24 18:16:50;540;0;14,25
2021-11-24 18:16:55;530;0;14,25
2021-11-24 18:17:00;540;0;14,25
2021-11-24 18:17:05;540;0;14,25
2021-11-24 18:17:10;540;0;14,25
2021-11-24 18:17:15;530;0;14,25
2021-11-24 18:17:20;530;0;14,25
2021-11-24 18:17:25;530;0;14,25
2021-11-24 18:17:30;530;0;14,25
2021-11-24 18:17:35;530;0;14,25
2021-11-24 18:17:40;530;0;14,25
2021-11-24 18:17:45;530;0;14,25
2021-11-24 18:17:50;530;0;14,25
2021-11-24 18:17:55;540;0;14,25
2021-11-24 18:18:00;540;0;14,25
2021-11-24 18:18:05;540;0;14,25
2021-11-24 18:18:10;530;0;14,25
2021-11-24 18:18:15;530;0;14,25
2021-11-24 18:18:20;540;0;14,25
2021-11-24 18:18:25;540;0;14,25
2021-11-24 18:18:30;530;0;14,25
2021-11-24 18:18:35;530;0;14,25
2021-11-24 18:18:40;530;0;14,25
2021-11-24 18:18:45;540;0;14,25
2021-11-24 18:18:50;530;0;14,25
2021-11-24 18:18:55;530;0;14,25
2021-11-24 18:19:00;530;0;14,25
2021-11-24 18:19:05;540;0;14,50
2021-11-24 18:19:10;540;0;14,50
2021-11-24 18:19:15;540;0;14,50
2021-11-24 18:19:20;540;0;14,50
2021-11-24 18:19:25;540;0;14,50
2021-11-24 18:19:30;540;0;14,50
2021-11-24 18:19:35;540;0;14,50
2021-11-24 18:19:40;540;0;14,50
2021-11-24 18:19:45;540;0;14,50
2021-11-24 18:19:50;540;0;14,50
2021-11-24 18:19:55;540;0;14,50
2021-11-24 18:20:00;540;0;14,50
2021-11-24 18:20:05;540;0;14,50
2021-11-24 18:20:10;540;0;14,50
2021-11-24 18:20:15;540;0;14,50
2021-11-24 18:20:20;540;0;14,50
2021-11-24 18:20:25;540;0;14,50
2021-11-24 18:20:30;540;0;14,50
2021-11-24 18:20:35;530;0;14,50
2021-11-24 18:20:40;530;0;14,50
2021-11-24 18:20:45;530;0;14,50
2021-11-24 18:20:50;530;0;14,50
2021-11-24 18:20:55;530;0;14,50
2021-11-24 18:21:00;530;0;14,50
2021-11-24 18:21:05;530;0;14,50
2021-11-24 18:21:10;520;0;14,50
2021-11-24 18:21:15;530;0;14,50
2021-11-24 18:21:20;530;0;14,50
2021-11-24 18:21:25;530;0;14,50
2021-11-24 18:21:30;520;0;14,50
2021-11-24 18:21:35;520;0;14,50
2021-11-24 18:21:40;830;0;14,50
2021-11-24 18:21:45;910;0;14,50
2021-11-24 18:21:50;910;0;14,50
2021-11-24 18:21:55;920;0;14,50
2021-11-24 18:22:00;940;0;14,50
2021-11-24 18:22:05;940;0;14,50
2021-11-24 18:22:10;530;0;14,50
2021-11-24 18:22:15;530;0;14,50
2021-11-24 18:22:20;530;0;14,50
2021-11-24 18:22:25;530;0;14,50
2021-11-24 18:22:30;530;0;14,50
2021-11-24 18:22:35;520;0;14,50
2021-11-24 18:22:40;520;0;14,50
2021-11-24 18:22:45;520;0;14,50
2021-11-24 18:22:50;520;0;14,50
2021-11-24 18:22:55;530;0;14,50
2021-11-24 18:23:00;530;0;14,50
2021-11-24 18:23:05;530;0;14,50
2021-11-24 18:23:10;530;0;14,50
2021-11-24 18:23:15;530;0;14,50
2021-11-24 18:23:20;530;0;14,50
2021-11-24 18:23:25;530;0;14,50
2021-11-24 18:23:30;540;0;14,50
2021-11-24 18:23:35;540;0;14,50
2021-11-24 18:23:40;530;0;14,50
2021-11-24 18:23:45;530;0;14,50
2021-11-24 18:23:50;530;0;14,50
2021-11-24 18:23:55;530;0;14,50
2021-11-24 18:24:00;530;0;14,50
2021-11-24 18:24:05;540;0;14,50
2021-11-24 18:24:10;530;0;14,50
2021-11-24 18:24:15;530;0;14,50
2021-11-24 18:24:20;530;0;14,50
2021-11-24 18:24:25;530;0;14,50
2021-11-24 18:24:30;530;0;14,50
2021-11-24 18:24:35;530;0;14,50
2021-11-24 18:24:40;530;0;14,75
2021-11-24 18:24:45;540;0;14,50
2021-11-24 18:24:50;530;0;14,75
2021-11-24 18:24:55;530;0;14,50
2021-11-24 18:25:00;530;0;14,75
2021-11-24 18:25:05;540;0;14,75
2021-11-24 18:25:10;530;0;14,75
2021-11-24 18:25:15;530;0;14,75
2021-11-24 18:25:20;530;0;14,75
2021-11-24 18:25:25;540;0;14,75
2021-11-24 18:25:30;530;0;14,75
2021-11-24 18:25:35;530;0;14,75
2021-11-24 18:25:40;530;0;14,75
2021-11-24 18:25:45;530;0;14,75
2021-11-24 18:25:50;530;0;14,75
2021-11-24 18:25:55;530;0;14,75
2021-11-24 18:26:00;540;0;14,75
2021-11-24 18:26:05;540;0;14,75
2021-11-24 18:26:10;530;0;14,75
2021-11-24 18:26:15;530;0;14,75
2021-11-24 18:26:20;530;0;14,75
2021-11-24 18:26:25;530;0;14,75
2021-11-24 18:26:30;530;0;14,75
2021-11-24 18:26:35;530;0;14,75
2021-11-24 18:26:40;530;0;14,75
2021-11-24 18:26:45;530;0;14,75
2021-11-24 18:26:50;520;0;14,75
2021-11-24 18:26:55;520;0;14,75
2021-11-24 18:27:00;520;0;14,75
2021-11-24 18:27:05;520;0;14,75
2021-11-24 18:27:10;520;0;14,75
2021-11-24 18:27:15;520;0;14,75
2021-11-24 18:27:20;520;0;14,75
2021-11-24 18:27:25;520;0;14,75
2021-11-24 18:27:30;520;0;14,75
2021-11-24 18:27:35;530;0;14,75
2021-11-24 18:27:40;530;0;14,75
2021-11-24 18:27:45;520;0;14,75
2021-11-24 18:27:50;520;0;14,75
2021-11-24 18:27:55;520;0;14,75
2021-11-24 18:28:00;520;0;14,75
2021-11-24 18:28:05;520;0;14,75
2021-11-24 18:28:10;520;0;14,75
2021-11-24 18:28:15;520;0;14,75
2021-11-24 18:28:20;520;0;14,75
2021-11-24 18:28:25;520;0;14,75
2021-11-24 18:28:30;520;0;14,75
2021-11-24 18:28:35;520;0;14,75
2021-11-24 18:28:40;520;0;14,75
2021-11-24 18:28:45;520;0;14,75
2021-11-24 18:28:50;520;0;14,75
2021-11-24 18:28:55;520;0;14,75
2021-11-24 18:29:00;520;0;14,75
2021-11-24 18:29:05;520;0;14,75
2021-11-24 18:29:10;520;0;14,75
2021-11-24 18:29:15;520;0;14,75
2021-11-24 18:29:20;520;0;14,75
2021-11-24 18:29:25;520;0;14,75
2021-11-24 18:29:30;520;0;14,75
2021-11-24 18:29:35;520;0;14,75
2021-11-24 18:29:40;520;0;14,75
2021-11-24 18:29:45;520;0;14,75
2021-11-24 18:29:50;530;0;14,75
2021-11-24 18:29:55;530;0;14,75
2021-11-24 18:30:00;530;0;14,75
2021-11-24 18:30:05;530;0;14,75
2021-11-24 18:30:10;520;0;14,75
2021-11-24 18:30:15;520;0;14,75
2021-11-24 18:30:20;520;0;14,75
2021-11-24 18:30:25;520;0;14,75
2021-11-24 18:30:30;520;0;14,75
2021-11-24 18:30:35;520;0;14,75
2021-11-24 18:30:40;520;0;14,75
2021-11-24 18:30:45;520;0;15,00
2021-11-24 18:30:50;520;0;14,75
2021-11-24 18:30:55;520;0;15,00
2021-11-24 18:31:00;520;0;14,75
2021-11-24 18:31:05;520;0;15,00
2021-11-24 18:31:10;520;0;15,00
2021-11-24 18:31:15;520;0;15,00
2021-11-24 18:31:20;520;0;15,00
2021-11-24 18:31:25;520;0;15,00
2021-11-24 18:31:30;520;0;15,00
2021-11-24 18:31:35;520;0;15,00
2021-11-24 18:31:40;800;0;15,00
2021-11-24 18:31:45;910;0;15,00
2021-11-24 18:31:50;920;0;15,00
2021-11-24 18:31:55;920;0;15,00
2021-11-24 18:32:00;910;0;15,00
2021-11-24 18:32:05;920;0;15,00
2021-11-24 18:32:10;520;0;15,00
2021-11-24 18:32:15;520;0;15,00
2021-11-24 18:32:20;510;0;15,00
2021-11-24 18:32:25;510;0;15,00
2021-11-24 18:32:30;510;0;15,00
2021-11-24 18:32:35;520;0;15,00
2021-11-24 18:32:40;520;0;15,00
2021-11-24 18:32:45;520;0;15,00
2021-11-24 18:32:50;520;0;15,00
2021-11-24 18:32:55;520;0;15,00
2021-11-24 18:33:00;520;0;15,00
2021-11-24 18:33:05;520;0;15,00
2021-11-24 18:33:10;520;0;15,00
2021-11-24 18:33:15;520;0;15,00
2021-11-24 18:33:20;520;0;15,00
2021-11-24 18:33:25;520;0;15,00
2021-11-24 18:33:30;520;0;15,00
2021-11-24 18:33:35;530;0;15,00
2021-11-24 18:33:40;530;0;15,00
2021-11-24 18:33:45;520;0;15,00
2021-11-24 18:33:50;520;0;15,00
2021-11-24 18:33:55;530;0;15,00
2021-11-24 18:34:00;520;0;15,00
2021-11-24 18:34:05;520;0;15,00
2021-11-24 18:34:10;520;0;15,00
2021-11-24 18:34:15;530;0;15,00
2021-11-24 18:34:20;530;0;15,00
2021-11-24 18:34:25;520;0;15,00
2021-11-24 18:34:30;530;0;15,00
2021-11-24 18:34:35;530;0;15,00
2021-11-24 18:34:40;530;0;15,00
2021-11-24 18:34:45;530;0;15,00
2021-11-24 18:34:50;530;0;15,00
2021-11-24 18:34:55;530;0;15,00
2021-11-24 18:35:00;520;0;15,00
2021-11-24 18:35:05;520;0;15,00
2021-11-24 18:35:10;520;0;15,00
2021-11-24 18:35:15;520;0;15,00
2021-11-24 18:35:20;520;0;15,00
2021-11-24 18:35:25;520;0;15,00
2021-11-24 18:35:30;520;0;15,00
2021-11-24 18:35:35;530;0;15,00
2021-11-24 18:35:40;530;0;15,00
2021-11-24 18:35:45;520;0;15,00
2021-11-24 18:35:50;520;0;15,00
2021-11-24 18:35:55;530;0;15,00
2021-11-24 18:36:00;520;0;15,00
2021-11-24 18:36:05;520;0;15,00
2021-11-24 18:36:10;520;0;15,00
2021-11-24 18:36:15;520;0;15,00
2021-11-24 18:36:20;520;0;15,00
2021-11-24 18:36:25;520;0;15,00
2021-11-24 18:36:30;520;0;15,00
2021-11-24 18:36:35;520;0;15,00
2021-11-24 18:36:40;520;0;15,00
2021-11-24 18:36:45;520;0;15,00
2021-11-24 18:36:50;520;0;15,00
2021-11-24 18:36:55;520;0;15,00
2021-11-24 18:37:00;510;0;15,00
2021-11-24 18:37:05;510;0;15,00
2021-11-24 18:37:10;510;0;15,00
2021-11-24 18:37:15;510;0;15,00
2021-11-24 18:37:20;520;0;15,00
2021-11-24 18:37:25;520;0;15,00
2021-11-24 18:37:30;510;0;15,00
2021-11-24 18:37:35;510;0;15,00
2021-11-24 18:37:40;510;0;15,00
2021-11-24 18:37:45;510;0;15,00
2021-11-24 18:37:50;510;0;15,00
2021-11-24 18:37:55;520;0;15,00
2021-11-24 18:38:00;510;0;15,00
2021-11-24 18:38:05;510;0;15,00
2021-11-24 18:38:10;510;0;15,25
2021-11-24 18:38:15;510;0;15,25
2021-11-24 18:38:20;510;0;15,25
2021-11-24 18:38:25;510;0;15,25
2021-11-24 18:38:30;510;0;15,25
2021-11-24 18:38:35;510;0;15,25
2021-11-24 18:38:40;510;0;15,25
2021-11-24 18:38:45;510;0;15,25
2021-11-24 18:38:50;510;0;15,25
2021-11-24 18:38:55;510;0;15,25
2021-11-24 18:39:00;510;0;15,25
2021-11-24 18:39:05;510;0;15,25
2021-11-24 18:39:10;510;0;15,25
2021-11-24 18:39:15;510;0;15,25
2021-11-24 18:39:20;510;0;15,25
2021-11-24 18:39:25;510;0;15,25
2021-11-24 18:39:30;510;0;15,25
2021-11-24 18:39:35;520;0;15,25
2021-11-24 18:39:40;530;0;15,25
2021-11-24 18:39:45;520;0;15,25
2021-11-24 18:39:50;520;0;15,25
2021-11-24 18:39:55;520;0;15,25
2021-11-24 18:40:00;520;0;15,25
2021-11-24 18:40:05;510;0;15,25
2021-11-24 18:40:10;510;0;15,25
2021-11-24 18:40:15;510;0;15,25
2021-11-24 18:40:20;510;0;15,25
2021-11-24 18:40:25;520;0;15,25
2021-11-24 18:40:30;510;0;15,25
2021-11-24 18:40:35;510;0;15,25
2021-11-24 18:40:40;510;0;15,25
2021-11-24 18:40:45;510;0;15,25
2021-11-24 18:40:50;510;0;15,25
2021-11-24 18:40:55;500;0;15,25
2021-11-24 18:41:00;510;0;15,25
2021-11-24 18:41:05;510;0;15,25
2021-11-24 18:41:10;510;0;15,25
2021-11-24 18:41:15;510;0;15,25
2021-11-24 18:41:20;510;0;15,25
2021-11-24 18:41:25;510;0;15,25
2021-11-24 18:41:30;510;0;15,25
2021-11-24 18:41:35;510;0;15,25
2021-11-24 18:41:40;800;0;15,25
2021-11-24 18:41:45;880;0;15,25
2021-11-24 18:41:50;900;0;15,25
2021-11-24 18:41:55;900;0;15,25
2021-11-24 18:42:00;910;0;15,25
2021-11-24 18:42:05;900;0;15,25
2021-11-24 18:42:10;510;0;15,25
2021-11-24 18:42:15;510;0;15,25
2021-11-24 18:42:20;510;0;15,25
2021-11-24 18:42:25;500;0;15,25
2021-11-24 18:42:30;500;0;15,25
2021-11-24 18:42:35;510;0;15,25
2021-11-24 18:42:40;500;0;15,25
2021-11-24 18:42:45;500;0;15,25
2021-11-24 18:42:50;500;0;15,25
2021-11-24 18:42:55;510;0;15,25
2021-11-24 18:43:00;500;0;15,25
2021-11-24 18:43:05;500;0;15,25
2021-11-24 18:43:10;510;0;15,25
2021-11-24 18:43:15;500;0;15,25
2021-11-24 18:43:20;500;0;15,25
2021-11-24 18:43:25;500;0;15,25
2021-11-24 18:43:30;500;0;15,25
2021-11-24 18:43:35;510;0;15,25
2021-11-24 18:43:40;510;0;15,25
2021-11-24 18:43:45;510;0;15,25
2021-11-24 18:43:50;510;0;15,25
2021-11-24 18:43:55;510;0;15,25
2021-11-24 18:44:00;510;0;15,25
2021-11-24 18:44:05;510;0;15,25
2021-11-24 18:44:10;510;0;15,25
2021-11-24 18:44:15;550;0;15,25
2021-11-24 18:44:20;550;0;15,25
2021-11-24 18:44:25;560;0;15,25
2021-11-24 18:44:30;560;0;15,25
2021-11-24 18:44:35;560;0;15,25
2021-11-24 18:44:40;560;0;15,25
2021-11-24 18:44:45;560;0;15,25
2021-11-24 18:44:50;560;0;15,25
2021-11-24 18:44:55;550;0;15,25
2021-11-24 18:45:00;550;0;15,25
2021-11-24 18:45:05;550;0;15,25
2021-11-24 18:45:10;550;0;15,25
2021-11-24 18:45:15;550;0;15,25
2021-11-24 18:45:20;550;0;15,25
2021-11-24 18:45:25;550;0;15,25
2021-11-24 18:45:30;550;0;15,25
2021-11-24 18:45:35;550;0;15,25
2021-11-24 18:45:40;550;0;15,25
2021-11-24 18:45:45;550;0;15,25
2021-11-24 18:45:50;560;0;15,25
2021-11-24 18:45:55;550;0;15,25
2021-11-24 18:46:00;550;0;15,25
2021-11-24 18:46:05;550;0;15,25
2021-11-24 18:46:10;550;0;15,25
2021-11-24 18:46:15;550;0;15,25
2021-11-24 18:46:20;550;0;15,25
2021-11-24 18:46:25;550;0;15,25
2021-11-24 18:46:30;550;0;15,50
2021-11-24 18:46:35;550;0;15,25
2021-11-24 18:46:40;550;0;15,25
2021-11-24 18:46:45;550;0;15,25
2021-11-24 18:46:50;570;0;15,25
2021-11-24 18:46:55;580;0;15,25
2021-11-24 18:47:00;570;0;15,25
2021-11-24 18:47:05;560;0;15,25
2021-11-24 18:47:10;560;0;15,25
2021-11-24 18:47:15;560;0;15,25
2021-11-24 18:47:20;560;0;15,50
2021-11-24 18:47:25;560;0;15,25
2021-11-24 18:47:30;560;0;15,50
2021-11-24 18:47:35;550;0;15,25
2021-11-24 18:47:40;550;0;15,25
2021-11-24 18:47:45;560;0;15,25
2021-11-24 18:47:50;560;0;15,50
2021-11-24 18:47:55;560;0;15,50
2021-11-24 18:48:00;560;0;15,50
2021-11-24 18:48:05;550;0;15,50
2021-11-24 18:48:10;550;0;15,50
2021-11-24 18:48:15;550;0;15,50
2021-11-24 18:48:20;540;0;15,50
2021-11-24 18:48:25;550;0;15,50
2021-11-24 18:48:30;550;0;15,50
2021-11-24 18:48:35;550;0;15,50
2021-11-24 18:48:40;550;0;15,25
2021-11-24 18:48:45;550;0;15,50
2021-11-24 18:48:50;550;0;15,50
2021-11-24 18:48:55;550;0;15,50
2021-11-24 18:49:00;540;0;15,50
2021-11-24 18:49:05;550;0;15,50
2021-11-24 18:49:10;550;0;15,50
2021-11-24 18:49:15;560;0;15,50
2021-11-24 18:49:20;560;0;15,50
2021-11-24 18:49:25;550;0;15,50
2021-11-24 18:49:30;550;0;15,50
2021-11-24 18:49:35;550;0;15,50
2021-11-24 18:49:40;550;0;15,50
2021-11-24 18:49:45;550;0;15,50
2021-11-24 18:49:50;550;0;15,50
2021-11-24 18:49:55;560;0;15,50
2021-11-24 18:50:00;550;0;15,50
2021-11-24 18:50:05;550;0;15,50
2021-11-24 18:50:10;550;0;15,50
2021-11-24 18:50:15;550;0;15,50
2021-11-24 18:50:20;540;0;15,50
2021-11-24 18:50:25;550;0;15,50
2021-11-24 18:50:30;550;0;15,50
2021-11-24 18:50:35;550;0;15,50
2021-11-24 18:50:40;550;0;15,50
2021-11-24 18:50:45;540;0;15,50
2021-11-24 18:50:50;540;0;15,50
2021-11-24 18:50:55;550;0;15,50
2021-11-24 18:51:00;540;0;15,50
2021-11-24 18:51:05;550;0;15,50
2021-11-24 18:51:10;550;0;15,50
2021-11-24 18:51:15;550;0;15,50
2021-11-24 18:51:20;540;0;15,50
2021-11-24 18:51:25;550;0;15,50
2021-11-24 18:51:30;540;0;15,50
2021-11-24 18:51:35;540;0;15,50
2021-11-24 18:51:40;840;0;15,50
2021-11-24 18:51:45;930;0;15,50
2021-11-24 18:51:50;970;0;15,50
2021-11-24 18:51:55;960;0;15,50
2021-11-24 18:52:00;960;0;15,50
2021-11-24 18:52:05;970;0;15,50
2021-11-24 18:52:10;960;0;15,50
2021-11-24 18:52:15;550;0;15,50
2021-11-24 18:52:20;550;0;15,50
2021-11-24 18:52:25;550;0;15,50
2021-11-24 18:52:30;540;0;15,50
2021-11-24 18:52:35;550;0;15,50
2021-11-24 18:52:40;540;0;15,50
2021-11-24 18:52:45;550;0;15,50
2021-11-24 18:52:50;550;0;15,50
2021-11-24 18:52:55;550;0;15,50
2021-11-24 18:53:00;550;0;15,50
2021-11-24 18:53:05;550;0;15,50
2021-11-24 18:53:10;550;0;15,50
2021-11-24 18:53:15;550;0;15,50
2021-11-24 18:53:20;550;0;15,50
2021-11-24 18:53:25;560;0;15,50
2021-11-24 18:53:30;560;0;15,50
2021-11-24 18:53:35;560;0;15,50
2021-11-24 18:53:40;560;0;15,50
2021-11-24 18:53:45;560;0;15,50
2021-11-24 18:53:50;560;0;15,50
2021-11-24 18:53:55;560;0;15,50
2021-11-24 18:54:00;550;0;15,50
2021-11-24 18:54:05;560;0;15,50
2021-11-24 18:54:10;560;0;15,50
2021-11-24 18:54:15;560;0;15,50
2021-11-24 18:54:20;560;0;15,50
2021-11-24 18:54:25;560;0;15,50
2021-11-24 18:54:30;570;0;15,50
2021-11-24 18:54:35;570;0;15,50
2021-11-24 18:54:40;560;0;15,50
2021-11-24 18:54:45;570;0;15,50
2021-11-24 18:54:50;570;0;15,50
2021-11-24 18:54:55;560;0;15,50
2021-11-24 18:55:00;570;0;15,50
2021-11-24 18:55:05;570;0;15,50
2021-11-24 18:55:10;570;0;15,50
2021-11-24 18:55:15;570;0;15,50
2021-11-24 18:55:20;570;0;15,50
2021-11-24 18:55:25;570;0;15,50
2021-11-24 18:55:30;560;0;15,50
2021-11-24 18:55:35;560;0;15,50
2021-11-24 18:55:40;570;0;15,50
2021-11-24 18:55:45;570;0;15,50
2021-11-24 18:55:50;580;0;15,50
2021-11-24 18:55:55;570;0;15,50
2021-11-24 18:56:00;570;0;15,50
2021-11-24 18:56:05;570;0;15,50
2021-11-24 18:56:10;580;0;15,50
2021-11-24 18:56:15;570;0;15,50
2021-11-24 18:56:20;570;0;15,50
2021-11-24 18:56:25;570;0;15,50
2021-11-24 18:56:30;570;0;15,50
2021-11-24 18:56:35;570;0;15,50
2021-11-24 18:56:40;570;0;15,50
2021-11-24 18:56:45;570;0;15,50
2021-11-24 18:56:50;570;0;15,50
2021-11-24 18:56:55;570;0;15,50
2021-11-24 18:57:00;570;0;15,50
2021-11-24 18:57:05;570;0;15,50
2021-11-24 18:57:10;560;0;15,50
2021-11-24 18:57:15;560;0;15,50
2021-11-24 18:57:20;570;0;15,50
2021-11-24 18:57:25;570;0;15,50
2021-11-24 18:57:30;580;0;15,50
2021-11-24 18:57:35;570;0;15,50
2021-11-24 18:57:40;570;0;15,50
2021-11-24 18:57:45;570;0;15,50
2021-11-24 18:57:50;580;0;15,50
2021-11-24 18:57:55;580;0;15,50
2021-11-24 18:58:00;570;0;15,50
2021-11-24 18:58:05;580;0;15,50
2021-11-24 18:58:10;570;0;15,50
2021-11-24 18:58:15;570;0;15,75
2021-11-24 18:58:20;570;0;15,50
2021-11-24 18:58:25;570;0;15,50
2021-11-24 18:58:30;570;0;15,50
2021-11-24 18:58:35;570;0;15,75
2021-11-24 18:58:40;570;0;15,50
2021-11-24 18:58:45;580;0;15,50
2021-11-24 18:58:50;570;0;15,50
2021-11-24 18:58:55;570;0;15,50
2021-11-24 18:59:00;570;0;15,50
2021-11-24 18:59:05;580;0;15,50
2021-11-24 18:59:10;580;0;15,50
2021-11-24 18:59:15;570;0;15,50
2021-11-24 18:59:20;570;0;15,50
2021-11-24 18:59:25;580;0;15,50
2021-11-24 18:59:30;580;0;15,50
2021-11-24 18:59:35;570;0;15,50
2021-11-24 18:59:40;570;0;15,50
2021-11-24 18:59:45;570;0;15,75
2021-11-24 18:59:50;570;0;15,50
2021-11-24 18:59:55;570;0;15,75
2021-11-24 19:00:00;570;0;15,75
2021-11-24 19:00:05;580;0;15,50
2021-11-24 19:00:10;580;0;15,75
2021-11-24 19:00:15;570;0;15,75
2021-11-24 19:00:20;570;0;15,75
2021-11-24 19:00:25;580;0;15,75
2021-11-24 19:00:30;570;0;15,50
2021-11-24 19:00:35;570;0;15,75
2021-11-24 19:00:40;580;0;15,75
2021-11-24 19:00:45;580;0;15,75
2021-11-24 19:00:50;570;0;15,75
2021-11-24 19:00:55;530;0;15,75
2021-11-24 19:01:00;540;0;15,75
2021-11-24 19:01:05;530;0;15,75
2021-11-24 19:01:10;530;0;15,75
2021-11-24 19:01:15;530;0;15,75
2021-11-24 19:01:20;530;0;15,75
2021-11-24 19:01:25;530;0;15,75
2021-11-24 19:01:30;530;0;15,75
2021-11-24 19:01:35;530;0;15,75
2021-11-24 19:01:40;790;0;15,75
2021-11-24 19:01:45;850;0;15,75
2021-11-24 19:01:50;930;0;15,75
2021-11-24 19:01:55;930;0;15,75
2021-11-24 19:02:00;930;0;15,75
2021-11-24 19:02:05;930;0;15,75
2021-11-24 19:02:10;930;0;15,75
2021-11-24 19:02:15;530;0;15,75
2021-11-24 19:02:20;520;0;15,75
2021-11-24 19:02:25;530;0;15,75
2021-11-24 19:02:30;520;0;15,75
2021-11-24 19:02:35;530;0;15,75
2021-11-24 19:02:40;520;0;15,75
2021-11-24 19:02:45;520;0;15,75
2021-11-24 19:02:50;530;0;15,75
2021-11-24 19:02:55;520;0;15,75
2021-11-24 19:03:00;530;0;15,75
2021-11-24 19:03:05;530;0;15,75
2021-11-24 19:03:10;530;0;15,75
2021-11-24 19:03:15;530;0;15,75
2021-11-24 19:03:20;530;0;15,75
2021-11-24 19:03:25;520;0;15,75
2021-11-24 19:03:30;520;0;15,75
2021-11-24 19:03:35;520;0;15,75
2021-11-24 19:03:40;530;0;15,75
2021-11-24 19:03:45;520;0;15,75
2021-11-24 19:03:50;520;0;15,75
2021-11-24 19:03:55;520;0;15,75
2021-11-24 19:04:00;520;0;15,75
2021-11-24 19:04:05;530;0;15,75
2021-11-24 19:04:10;530;0;15,75
2021-11-24 19:04:15;530;0;15,75
2021-11-24 19:04:20;530;0;15,75
2021-11-24 19:04:25;530;0;15,75
2021-11-24 19:04:30;530;0;15,75
2021-11-24 19:04:35;530;0;15,75
2021-11-24 19:04:40;530;0;15,75
2021-11-24 19:04:45;530;0;15,75
2021-11-24 19:04:50;530;0;15,75
2021-11-24 19:04:55;530;0;15,75
2021-11-24 19:05:00;530;0;15,75
2021-11-24 19:05:05;530;0;15,75
2021-11-24 19:05:10;530;0;15,75
2021-11-24 19:05:15;530;0;15,75
2021-11-24 19:05:20;530;0;15,75
2021-11-24 19:05:25;530;0;15,75
2021-11-24 19:05:30;530;0;15,75
2021-11-24 19:05:35;530;0;15,75
2021-11-24 19:05:40;530;0;15,75
2021-11-24 19:05:45;540;0;15,75
2021-11-24 19:05:50;530;0;15,75
2021-11-24 19:05:55;540;0;15,75
2021-11-24 19:06:00;540;0;15,75
2021-11-24 19:06:05;540;0;15,75
2021-11-24 19:06:10;540;0;15,75
2021-11-24 19:06:15;530;0;15,75
2021-11-24 19:06:20;530;0;15,75
2021-11-24 19:06:25;530;0;15,75
2021-11-24 19:06:30;530;0;15,75
2021-11-24 19:06:35;530;0;15,75
2021-11-24 19:06:40;530;0;15,75
2021-11-24 19:06:45;530;0;15,75
2021-11-24 19:06:50;530;0;15,75
2021-11-24 19:06:55;530;0;15,75
2021-11-24 19:07:00;530;0;15,75
2021-11-24 19:07:05;530;0;15,75
2021-11-24 19:07:10;530;0;15,75
2021-11-24 19:07:15;540;0;15,75
2021-11-24 19:07:20;540;0;15,75
2021-11-24 19:07:25;540;0;15,75
2021-11-24 19:07:30;530;0;15,75
2021-11-24 19:07:35;530;0;15,75
2021-11-24 19:07:40;540;0;15,75
2021-11-24 19:07:45;530;0;15,75
2021-11-24 19:07:50;530;0;15,75
2021-11-24 19:07:55;520;0;15,75
2021-11-24 19:08:00;520;0;15,75
2021-11-24 19:08:05;530;0;15,75
2021-11-24 19:08:10;530;0;15,75
2021-11-24 19:08:15;530;0;15,75
2021-11-24 19:08:20;990;0;15,75
2021-11-24 19:08:25;570;0;15,75
2021-11-24 19:08:30;560;0;15,75
2021-11-24 19:08:35;570;0;15,75
2021-11-24 19:08:40;570;0;15,75
2021-11-24 19:08:45;570;0;15,75
2021-11-24 19:08:50;570;0;15,75
2021-11-24 19:08:55;570;0;15,75
2021-11-24 19:09:00;570;0;15,75
2021-11-24 19:09:05;570;0;15,75
2021-11-24 19:09:10;560;0;15,75
2021-11-24 19:09:15;560;0;15,75
2021-11-24 19:09:20;560;0;15,75
2021-11-24 19:09:25;560;0;15,75
2021-11-24 19:09:30;560;0;15,75
2021-11-24 19:09:35;570;0;15,75
2021-11-24 19:09:40;570;0;15,75
2021-11-24 19:09:45;570;0;15,75
2021-11-24 19:09:50;570;0;15,75
2021-11-24 19:09:55;570;0;15,75
2021-11-24 19:10:00;570;0;15,75
2021-11-24 19:10:05;580;0;15,75
2021-11-24 19:10:10;570;0;15,75
2021-11-24 19:10:15;570;0;15,75
2021-11-24 19:10:20;570;0;15,75
2021-11-24 19:10:25;570;0;15,75
2021-11-24 19:10:30;570;0;15,75
2021-11-24 19:10:35;570;0;15,75
2021-11-24 19:10:40;570;0;15,75
2021-11-24 19:10:45;570;0;15,75
2021-11-24 19:10:50;570;0;15,75
2021-11-24 19:10:55;570;0;15,75
2021-11-24 19:11:00;570;0;15,75
2021-11-24 19:11:05;570;0;15,75
2021-11-24 19:11:10;570;0;15,75
2021-11-24 19:11:15;570;0;15,75
2021-11-24 19:11:20;570;0;15,75
2021-11-24 19:11:25;570;0;15,75
2021-11-24 19:11:30;560;0;15,75
2021-11-24 19:11:35;560;0;15,75
2021-11-24 19:11:40;560;0;15,75
2021-11-24 19:11:45;910;0;15,75
2021-11-24 19:11:50;1000;0;15,75
2021-11-24 19:11:55;1000;0;15,75
2021-11-24 19:12:00;1010;0;15,75
2021-11-24 19:12:05;1010;0;15,75
2021-11-24 19:12:10;1000;0;15,75
2021-11-24 19:12:15;560;0;15,75
2021-11-24 19:12:20;560;0;15,75
2021-11-24 19:12:25;560;0;15,75
2021-11-24 19:12:30;560;0;15,75
2021-11-24 19:12:35;560;0;15,75
2021-11-24 19:12:40;560;0;15,75
2021-11-24 19:12:45;560;0;15,75
2021-11-24 19:12:50;560;0;15,75
2021-11-24 19:12:55;560;0;15,75
2021-11-24 19:13:00;560;0;15,75
2021-11-24 19:13:05;560;0;15,75
2021-11-24 19:13:10;560;0;15,75
2021-11-24 19:13:15;560;0;16,00
2021-11-24 19:13:20;560;0;16,00
2021-11-24 19:13:25;560;0;16,00
2021-11-24 19:13:30;560;0;16,00
2021-11-24 19:13:35;560;0;16,00
2021-11-24 19:13:40;560;0;16,00
2021-11-24 19:13:45;560;0;16,00
2021-11-24 19:13:50;560;0;16,00
2021-11-24 19:13:55;560;0;16,00
2021-11-24 19:14:00;560;0;16,00
2021-11-24 19:14:05;570;0;16,00
2021-11-24 19:14:10;560;0;16,00
2021-11-24 19:14:15;560;0;16,00
2021-11-24 19:14:20;560;0;16,00
2021-11-24 19:14:25;560;0;16,00
2021-11-24 19:14:30;560;0;16,00
2021-11-24 19:14:35;560;0;16,00
2021-11-24 19:14:40;560;0;16,00
2021-11-24 19:14:45;560;0;16,00
2021-11-24 19:14:50;560;0;16,00
2021-11-24 19:14:55;560;0;16,00
2021-11-24 19:15:00;560;0;16,00
2021-11-24 19:15:05;560;0;16,00
2021-11-24 19:15:10;560;0;16,00
2021-11-24 19:15:15;570;0;16,00
2021-11-24 19:15:20;570;0;16,00
2021-11-24 19:15:25;560;0;16,00
2021-11-24 19:15:30;560;0;16,00
2021-11-24 19:15:35;560;0;16,00
2021-11-24 19:15:40;560;0;16,00
2021-11-24 19:15:45;560;0;16,00
2021-11-24 19:15:50;560;0;16,00
2021-11-24 19:15:55;560;0;16,00
2021-11-24 19:16:00;560;0;16,00
2021-11-24 19:16:05;560;0;16,00
2021-11-24 19:16:10;560;0;16,00
2021-11-24 19:16:15;560;0;16,00
2021-11-24 19:16:20;560;0;16,00
2021-11-24 19:16:25;560;0;16,00
2021-11-24 19:16:30;560;0;16,00
2021-11-24 19:16:35;570;0;16,00
2021-11-24 19:16:40;570;0;16,00
2021-11-24 19:16:45;570;0;16,00
2021-11-24 19:16:50;560;0;16,00
2021-11-24 19:16:55;560;0;16,00
2021-11-24 19:17:00;570;0;16,00
2021-11-24 19:17:05;570;0;16,00
2021-11-24 19:17:10;560;0;16,00
2021-11-24 19:17:15;570;0;16,00
2021-11-24 19:17:20;560;0;16,00
2021-11-24 19:17:25;560;0;16,00
2021-11-24 19:17:30;560;0;16,00
2021-11-24 19:17:35;560;0;16,00
2021-11-24 19:17:40;560;0;16,00
2021-11-24 19:17:45;570;0;16,00
2021-11-24 19:17:50;570;0;16,00
2021-11-24 19:17:55;580;0;16,00
2021-11-24 19:18:00;580;0;16,00
2021-11-24 19:18:05;560;0;16,00
2021-11-24 19:18:10;560;0;16,00
2021-11-24 19:18:15;560;0;16,00
2021-11-24 19:18:20;570;0;16,00
2021-11-24 19:18:25;560;0;16,00
2021-11-24 19:18:30;560;0;16,00
2021-11-24 19:18:35;570;0;16,00
2021-11-24 19:18:40;570;0;16,00
2021-11-24 19:18:45;560;0;16,00
2021-11-24 19:18:50;560;0;16,00
2021-11-24 19:18:55;560;0;16,00
2021-11-24 19:19:00;560;0;16,00
2021-11-24 19:19:05;560;0;16,00
2021-11-24 19:19:10;560;0;16,25
2021-11-24 19:19:15;570;0;16,25
2021-11-24 19:19:20;570;0;16,25
2021-11-24 19:19:25;560;0;16,25
2021-11-24 19:19:30;560;0;16,25
2021-11-24 19:19:35;560;0;16,25
2021-11-24 19:19:40;560;0;16,25
2021-11-24 19:19:45;560;0;16,25
2021-11-24 19:19:50;560;0;16,25
2021-11-24 19:19:55;560;0;16,25
2021-11-24 19:20:00;560;0;16,25
2021-11-24 19:20:05;560;0;16,25
2021-11-24 19:20:10;560;0;16,25
2021-11-24 19:20:15;560;0;16,25
2021-11-24 19:20:20;560;0;16,25
2021-11-24 19:20:25;560;0;16,25
2021-11-24 19:20:30;560;0;16,25
2021-11-24 19:20:35;570;0;16,25
2021-11-24 19:20:40;560;0;16,25
2021-11-24 19:20:45;560;0;16,25
2021-11-24 19:20:50;560;0;16,25
2021-11-24 19:20:55;560;0;16,25
2021-11-24 19:21:00;560;0;16,25
2021-11-24 19:21:05;560;0;16,25
2021-11-24 19:21:10;560;0;16,25
2021-11-24 19:21:15;560;0;16,25
2021-11-24 19:21:20;560;0;16,25
2021-11-24 19:21:25;560;0;16,25
2021-11-24 19:21:30;560;0;16,25
2021-11-24 19:21:35;550;0;16,25
2021-11-24 19:21:40;570;0;16,25
2021-11-24 19:21:45;910;0;16,25
2021-11-24 19:21:50;970;0;16,25
2021-11-24 19:21:55;1000;0;16,25
2021-11-24 19:22:00;1020;0;16,25
2021-11-24 19:22:05;1020;0;16,25
2021-11-24 19:22:10;1020;0;16,25
2021-11-24 19:22:15;730;0;16,25
2021-11-24 19:22:20;580;0;16,25
2021-11-24 19:22:25;580;0;16,25
2021-11-24 19:22:30;580;0;16,25
2021-11-24 19:22:35;580;0;16,25
2021-11-24 19:22:40;580;0;16,25
2021-11-24 19:22:45;580;0;16,25
2021-11-24 19:22:50;580;0;16,25
2021-11-24 19:22:55;580;0;16,25
2021-11-24 19:23:00;570;0;16,25
2021-11-24 19:23:05;580;0;16,25
2021-11-24 19:23:10;570;0;16,25
2021-11-24 19:23:15;580;0;16,25
2021-11-24 19:23:20;570;0;16,25
2021-11-24 19:23:25;570;0;16,25
2021-11-24 19:23:30;580;0;16,25
2021-11-24 19:23:35;570;0;16,25
2021-11-24 19:23:40;550;0;16,25
2021-11-24 19:23:45;540;0;16,25
2021-11-24 19:23:50;520;0;16,25
2021-11-24 19:23:55;530;0;16,25
2021-11-24 19:24:00;520;0;16,25
2021-11-24 19:24:05;520;0;16,25
2021-11-24 19:24:10;520;0;16,25
2021-11-24 19:24:15;520;0;16,25
2021-11-24 19:24:20;520;0;16,25
2021-11-24 19:24:25;520;0;16,25
2021-11-24 19:24:30;520;0;16,25
2021-11-24 19:24:35;530;0;16,25
2021-11-24 19:24:40;530;0;16,25
2021-11-24 19:24:45;530;0;16,25
2021-11-24 19:24:50;530;0;16,25
2021-11-24 19:24:55;530;0;16,25
2021-11-24 19:25:00;530;0;16,25
2021-11-24 19:25:05;530;0;16,25
2021-11-24 19:25:10;530;0;16,25
2021-11-24 19:25:15;530;0;16,25
2021-11-24 19:25:20;530;0;16,25
2021-11-24 19:25:25;520;0;16,25
2021-11-24 19:25:30;540;0;16,25
2021-11-24 19:25:35;540;0;16,25
2021-11-24 19:25:40;540;0;16,25
2021-11-24 19:25:45;540;0;16,25
2021-11-24 19:25:50;540;0;16,25
2021-11-24 19:25:55;550;0;16,25
2021-11-24 19:26:00;550;0;16,25
2021-11-24 19:26:05;540;0;16,25
2021-11-24 19:26:10;550;0;16,25
2021-11-24 19:26:15;550;0;16,25
2021-11-24 19:26:20;550;0;16,25
2021-11-24 19:26:25;540;0;16,25
2021-11-24 19:26:30;550;0;16,25
2021-11-24 19:26:35;550;0;16,25
2021-11-24 19:26:40;550;0;16,25
2021-11-24 19:26:45;540;0;16,50
2021-11-24 19:26:50;550;0;16,25
2021-11-24 19:26:55;540;0;16,25
2021-11-24 19:27:00;540;0;16,25
2021-11-24 19:27:05;540;0;16,25
2021-11-24 19:27:10;550;0;16,25
2021-11-24 19:27:15;550;0;16,25
2021-11-24 19:27:20;550;0;16,25
2021-11-24 19:27:25;550;0;16,25
2021-11-24 19:27:30;550;0;16,25
2021-11-24 19:27:35;550;0;16,25
2021-11-24 19:27:40;550;0;16,25
2021-11-24 19:27:45;540;0;16,25
2021-11-24 19:27:50;540;0;16,25
2021-11-24 19:27:55;550;0;16,25
2021-11-24 19:28:00;550;0;16,25
2021-11-24 19:28:05;550;0;16,25
2021-11-24 19:28:10;540;0;16,25
2021-11-24 19:28:15;540;0;16,50
2021-11-24 19:28:20;540;0;16,25
2021-11-24 19:28:25;540;0;16,50
2021-11-24 19:28:30;540;0;16,50
2021-11-24 19:28:35;540;0;16,25
2021-11-24 19:28:40;540;0;16,25
2021-11-24 19:28:45;540;0;16,50
2021-11-24 19:28:50;540;0;16,25
2021-11-24 19:28:55;540;0;16,50
2021-11-24 19:29:00;540;0;16,25
2021-11-24 19:29:05;540;0;16,50
2021-11-24 19:29:10;540;0;16,50
2021-11-24 19:29:15;540;0;16,50
2021-11-24 19:29:20;550;0;16,25
2021-11-24 19:29:25;540;0;16,50
2021-11-24 19:29:30;540;0;16,50
2021-11-24 19:29:35;540;0;16,50
2021-11-24 19:29:40;540;0;16,50
2021-11-24 19:29:45;540;0;16,50
2021-11-24 19:29:50;540;0;16,50
2021-11-24 19:29:55;540;0;16,25
2021-11-24 19:30:00;540;0;16,50
2021-11-24 19:30:05;540;0;16,50
2021-11-24 19:30:10;540;0;16,50
2021-11-24 19:30:15;540;0;16,50
2021-11-24 19:30:20;540;0;16,50
2021-11-24 19:30:25;540;0;16,50
2021-11-24 19:30:30;550;0;16,50
2021-11-24 19:30:35;550;0;16,50
2021-11-24 19:30:40;550;0;16,50
2021-11-24 19:30:45;540;0;16,50
2021-11-24 19:30:50;540;0;16,50
2021-11-24 19:30:55;540;0;16,50
2021-11-24 19:31:00;540;0;16,50
2021-11-24 19:31:05;540;0;16,50
2021-11-24 19:31:10;540;0;16,50
2021-11-24 19:31:15;550;0;16,50
2021-11-24 19:31:20;550;0;16,50
2021-11-24 19:31:25;540;0;16,50
2021-11-24 19:31:30;550;0;16,50
2021-11-24 19:31:35;540;0;16,50
2021-11-24 19:31:40;540;0;16,50
2021-11-24 19:31:45;840;0;16,50
2021-11-24 19:31:50;910;0;16,50
2021-11-24 19:31:55;950;0;16,50
2021-11-24 19:32:00;940;0;16,50
2021-11-24 19:32:05;940;0;16,50
2021-11-24 19:32:10;950;0;16,50
2021-11-24 19:32:15;920;0;16,50
2021-11-24 19:32:20;530;0;16,50
2021-11-24 19:32:25;530;0;16,50
2021-11-24 19:32:30;540;0;16,50
2021-11-24 19:32:35;540;0;16,50
2021-11-24 19:32:40;540;0;16,50
2021-11-24 19:32:45;530;0;16,50
2021-11-24 19:32:50;540;0;16,50
2021-11-24 19:32:55;530;0;16,50
2021-11-24 19:33:00;530;0;16,50
2021-11-24 19:33:05;530;0;16,50
2021-11-24 19:33:10;540;0;16,50
2021-11-24 19:33:15;540;0;16,50
2021-11-24 19:33:20;540;0;16,50
2021-11-24 19:33:25;560;0;16,50
2021-11-24 19:33:30;560;0;16,50
2021-11-24 19:33:35;540;0;16,50
2021-11-24 19:33:40;540;0;16,50
2021-11-24 19:33:45;540;0;16,50
2021-11-24 19:33:50;540;0;16,50
2021-11-24 19:33:55;550;0;16,50
2021-11-24 19:34:00;540;0;16,50
2021-11-24 19:34:05;540;0;16,50
2021-11-24 19:34:10;540;0;16,50
2021-11-24 19:34:15;540;0;16,50
2021-11-24 19:34:20;530;0;16,50
2021-11-24 19:34:25;530;0;16,50
2021-11-24 19:34:30;540;0;16,50
2021-11-24 19:34:35;550;0;16,50
2021-11-24 19:34:40;540;0;16,50
2021-11-24 19:34:45;540;0;16,50
2021-11-24 19:34:50;540;0;16,50
2021-11-24 19:34:55;540;0;16,50
2021-11-24 19:35:00;540;0;16,50
2021-11-24 19:35:05;540;0;16,50
2021-11-24 19:35:10;540;0;16,50
2021-11-24 19:35:15;540;0;16,50
2021-11-24 19:35:20;540;0;16,50
2021-11-24 19:35:25;540;0;16,50
2021-11-24 19:35:30;540;0;16,50
2021-11-24 19:35:35;540;0;16,50
2021-11-24 19:35:40;540;0;16,50
2021-11-24 19:35:45;540;0;16,50
2021-11-24 19:35:50;550;0;16,50
2021-11-24 19:35:55;550;0;16,50
2021-11-24 19:36:00;540;0;16,50
2021-11-24 19:36:05;540;0;16,50
2021-11-24 19:36:10;550;0;16,50
2021-11-24 19:36:15;540;0;16,50
2021-11-24 19:36:20;540;0;16,50
2021-11-24 19:36:25;550;0;16,50
2021-11-24 19:36:30;550;0;16,50
2021-11-24 19:36:35;550;0;16,50
2021-11-24 19:36:40;540;0;16,50
2021-11-24 19:36:45;540;0;16,50
2021-11-24 19:36:50;540;0;16,50
2021-11-24 19:36:55;540;0;16,50
2021-11-24 19:37:00;540;0;16,50
2021-11-24 19:37:05;540;0;16,50
2021-11-24 19:37:10;540;0;16,50
2021-11-24 19:37:15;550;0;16,50
2021-11-24 19:37:20;540;0;16,50
2021-11-24 19:37:25;540;0;16,50
2021-11-24 19:37:30;550;0;16,50
2021-11-24 19:37:35;520;0;16,50
2021-11-24 19:37:40;500;0;16,50
2021-11-24 19:37:45;500;0;16,50
2021-11-24 19:37:50;500;0;16,50
2021-11-24 19:37:55;500;0;16,50
2021-11-24 19:38:00;480;0;16,50
2021-11-24 19:38:05;480;0;16,50
2021-11-24 19:38:10;480;0;16,50
2021-11-24 19:38:15;480;0;16,50
2021-11-24 19:38:20;480;0;16,50
2021-11-24 19:38:25;480;0;16,50
2021-11-24 19:38:30;480;0;16,50
2021-11-24 19:38:35;480;0;16,50
2021-11-24 19:38:40;1860;0;16,50
2021-11-24 19:38:45;1610;0;16,50
2021-11-24 19:38:50;1590;0;16,50
2021-11-24 19:38:55;1590;0;16,50
2021-11-24 19:39:00;1570;0;16,50
2021-11-24 19:39:05;1610;0;16,50
2021-11-24 19:39:10;1590;0;16,50
2021-11-24 19:39:15;1580;0;16,50
2021-11-24 19:39:20;1600;0;16,50
2021-11-24 19:39:25;1610;0;16,50
2021-11-24 19:39:30;1620;0;16,50
2021-11-24 19:39:35;1620;0;16,50
2021-11-24 19:39:40;1620;0;16,50
2021-11-24 19:39:45;1600;0;16,50
2021-11-24 19:39:50;1610;0;16,50
2021-11-24 19:39:55;1620;0;16,50
2021-11-24 19:40:00;1610;0;16,50
2021-11-24 19:40:05;1620;0;16,50
2021-11-24 19:40:10;1620;0;16,50
2021-11-24 19:40:15;1590;0;16,50
2021-11-24 19:40:20;1610;0;16,50
2021-11-24 19:40:25;1620;0;16,50
2021-11-24 19:40:30;1620;0;16,50
2021-11-24 19:40:35;1590;0;16,50
2021-11-24 19:40:40;1610;0;16,50
2021-11-24 19:40:45;1600;0;16,50
2021-11-24 19:40:50;1590;0;16,50
2021-11-24 19:40:55;1600;0;16,50
2021-11-24 19:41:00;1610;0;16,50
2021-11-24 19:41:05;1620;0;16,50
2021-11-24 19:41:10;1630;0;16,50
2021-11-24 19:41:15;1630;0;16,50
2021-11-24 19:41:20;1600;0;16,50
2021-11-24 19:41:25;1610;0;16,50
2021-11-24 19:41:30;1620;0;16,50
2021-11-24 19:41:35;1550;0;16,50
2021-11-24 19:41:40;1560;0;16,50
2021-11-24 19:41:45;1600;0;16,50
2021-11-24 19:41:50;2100;0;16,50
2021-11-24 19:41:55;2100;0;16,50
2021-11-24 19:42:00;2110;0;16,50
2021-11-24 19:42:05;2130;0;16,50
2021-11-24 19:42:10;2130;0;16,50
2021-11-24 19:42:15;2040;0;16,50
2021-11-24 19:42:20;1570;0;16,50
2021-11-24 19:42:25;1600;0;16,50
2021-11-24 19:42:30;1590;0;16,50
2021-11-24 19:42:35;1590;0;16,50
2021-11-24 19:42:40;1590;0;16,50
2021-11-24 19:42:45;1600;0;16,50
2021-11-24 19:42:50;1600;0;16,50
2021-11-24 19:42:55;1600;0;16,50
2021-11-24 19:43:00;1590;0;16,50
2021-11-24 19:43:05;1600;0;16,50
2021-11-24 19:43:10;1620;0;16,50
2021-11-24 19:43:15;1610;0;16,50
2021-11-24 19:43:20;1600;0;16,50
2021-11-24 19:43:25;1580;0;16,50
2021-11-24 19:43:30;1590;0;16,50
2021-11-24 19:43:35;1560;0;16,50
2021-11-24 19:43:40;1580;0;16,50
2021-11-24 19:43:45;1580;0;16,50
2021-11-24 19:43:50;1610;0;16,50
2021-11-24 19:43:55;1590;0;16,50
2021-11-24 19:44:00;1590;0;16,50
2021-11-24 19:44:05;1590;0;16,50
2021-11-24 19:44:10;1590;0;16,50
2021-11-24 19:44:15;1580;0;16,50
2021-11-24 19:44:20;1560;0;16,50
2021-11-24 19:44:25;1550;0;16,50
2021-11-24 19:44:30;1550;0;16,50
2021-11-24 19:44:35;1600;0;16,50
2021-11-24 19:44:40;1620;0;16,50
2021-11-24 19:44:45;1680;0;16,50
2021-11-24 19:44:50;1680;0;16,50
2021-11-24 19:44:55;1670;0;16,50
2021-11-24 19:45:00;1680;0;16,50
2021-11-24 19:45:05;1700;0;16,50
2021-11-24 19:45:10;1700;0;16,50
2021-11-24 19:45:15;1710;0;16,50
2021-11-24 19:45:20;1700;0;16,50
2021-11-24 19:45:25;1700;0;16,50
2021-11-24 19:45:30;1450;0;16,50
2021-11-24 19:45:35;520;0;16,50
2021-11-24 19:45:40;510;0;16,50
2021-11-24 19:45:45;520;0;16,50
2021-11-24 19:45:50;520;0;16,50
2021-11-24 19:45:55;520;0;16,50
2021-11-24 19:46:00;520;0;16,50
2021-11-24 19:46:05;520;0;16,50
2021-11-24 19:46:10;520;0;16,50
2021-11-24 19:46:15;510;0;16,50
2021-11-24 19:46:20;520;0;16,50
2021-11-24 19:46:25;520;0;16,50
2021-11-24 19:46:30;520;0;16,50
2021-11-24 19:46:35;520;0;16,50
2021-11-24 19:46:40;520;0;16,50
2021-11-24 19:46:45;520;0;16,50
2021-11-24 19:46:50;520;0;16,50
2021-11-24 19:46:55;520;0;16,50
2021-11-24 19:47:00;520;0;16,50
2021-11-24 19:47:05;520;0;16,50
2021-11-24 19:47:10;520;0;16,50
2021-11-24 19:47:15;510;0;16,50
2021-11-24 19:47:20;520;0;16,50
2021-11-24 19:47:25;510;0;16,50
2021-11-24 19:47:30;510;0;16,50
2021-11-24 19:47:35;510;0;16,50
2021-11-24 19:47:40;510;0;16,50
2021-11-24 19:47:45;510;0;16,50
2021-11-24 19:47:50;520;0;16,50
2021-11-24 19:47:55;510;0;16,50
2021-11-24 19:48:00;510;0;16,50
2021-11-24 19:48:05;460;0;16,50
2021-11-24 19:48:10;450;0;16,50
2021-11-24 19:48:15;460;0;16,50
2021-11-24 19:48:20;460;0;16,50
2021-11-24 19:48:25;460;0;16,50
2021-11-24 19:48:30;470;0;16,50
2021-11-24 19:48:35;470;0;16,50
2021-11-24 19:48:40;470;0;16,50
2021-11-24 19:48:45;470;0;16,50
2021-11-24 19:48:50;470;0;16,50
2021-11-24 19:48:55;460;0;16,50
2021-11-24 19:49:00;470;0;16,50
2021-11-24 19:49:05;470;0;16,50
2021-11-24 19:49:10;470;0;16,50
2021-11-24 19:49:15;470;0;16,50
2021-11-24 19:49:20;470;0;16,50
2021-11-24 19:49:25;470;0;16,50
2021-11-24 19:49:30;460;0;16,50
2021-11-24 19:49:35;460;0;16,50
2021-11-24 19:49:40;460;0;16,50
2021-11-24 19:49:45;460;0;16,50
2021-11-24 19:49:50;460;0;16,50
2021-11-24 19:49:55;470;0;16,50
2021-11-24 19:50:00;480;0;16,50
2021-11-24 19:50:05;490;0;16,50
2021-11-24 19:50:10;1470;0;16,50
2021-11-24 19:50:15;1160;0;16,50
2021-11-24 19:50:20;1170;0;16,50
2021-11-24 19:50:25;1140;0;16,50
2021-11-24 19:50:30;1140;0;16,50
2021-11-24 19:50:35;1140;0;16,50
2021-11-24 19:50:40;1150;0;16,50
2021-11-24 19:50:45;1140;0;16,50
2021-11-24 19:50:50;1140;0;16,50
2021-11-24 19:50:55;1140;0;16,50
2021-11-24 19:51:00;500;0;16,50
2021-11-24 19:51:05;500;0;16,50
2021-11-24 19:51:10;510;0;16,50
2021-11-24 19:51:15;500;0;16,50
2021-11-24 19:51:20;500;0;16,50
2021-11-24 19:51:25;500;0;16,50
2021-11-24 19:51:30;500;0;16,75
2021-11-24 19:51:35;490;0;16,50
2021-11-24 19:51:40;490;0;16,50
2021-11-24 19:51:45;500;0;16,50
2021-11-24 19:51:50;870;0;16,50
2021-11-24 19:51:55;940;0;16,50
2021-11-24 19:52:00;940;0;16,50
2021-11-24 19:52:05;930;0;16,50
2021-11-24 19:52:10;930;0;16,50
2021-11-24 19:52:15;940;0;16,50
2021-11-24 19:52:20;540;0;16,50
2021-11-24 19:52:25;500;0;16,50
2021-11-24 19:52:30;500;0;16,50
2021-11-24 19:52:35;500;0;16,50
2021-11-24 19:52:40;500;0;16,75
2021-11-24 19:52:45;500;0;16,50
2021-11-24 19:52:50;490;0;16,50
2021-11-24 19:52:55;490;0;16,50
2021-11-24 19:53:00;490;0;16,50
2021-11-24 19:53:05;500;0;16,50
2021-11-24 19:53:10;490;0;16,50
2021-11-24 19:53:15;500;0;16,50
2021-11-24 19:53:20;500;0;16,50
2021-11-24 19:53:25;500;0;16,50
2021-11-24 19:53:30;490;0;16,50
2021-11-24 19:53:35;490;0;16,50
2021-11-24 19:53:40;500;0;16,50
2021-11-24 19:53:45;500;0;16,50
2021-11-24 19:53:50;500;0;16,50
2021-11-24 19:53:55;500;0;16,50
2021-11-24 19:54:00;500;0;16,50
2021-11-24 19:54:05;500;0;16,50
2021-11-24 19:54:10;490;0;16,75
2021-11-24 19:54:15;490;0;16,50
2021-11-24 19:54:20;490;0;16,50
2021-11-24 19:54:25;490;0;16,50
2021-11-24 19:54:30;490;0;16,75
2021-11-24 19:54:35;500;0;16,50
2021-11-24 19:54:40;500;0;16,50
2021-11-24 19:54:45;500;0;16,50
2021-11-24 19:54:50;500;0;16,50
2021-11-24 19:54:55;500;0;16,50
2021-11-24 19:55:00;500;0;16,50
2021-11-24 19:55:05;510;0;16,50
2021-11-24 19:55:10;500;0;16,50
2021-11-24 19:55:15;500;0;16,50
2021-11-24 19:55:20;500;0;16,50
2021-11-24 19:55:25;500;0;16,75
2021-11-24 19:55:30;500;0;16,50
2021-11-24 19:55:35;500;0;16,50
2021-11-24 19:55:40;500;0;16,50
2021-11-24 19:55:45;500;0;16,75
2021-11-24 19:55:50;500;0;16,75
2021-11-24 19:55:55;500;0;16,50
2021-11-24 19:56:00;500;0;16,50
2021-11-24 19:56:05;500;0;16,50
2021-11-24 19:56:10;500;0;16,75
2021-11-24 19:56:15;500;0;16,50
2021-11-24 19:56:20;500;0;16,75
2021-11-24 19:56:25;500;0;16,75
2021-11-24 19:56:30;500;0;16,75
2021-11-24 19:56:35;500;0;16,75
2021-11-24 19:56:40;500;0;16,50
2021-11-24 19:56:45;500;0;16,75
2021-11-24 19:56:50;510;0;16,75
2021-11-24 19:56:55;500;0;16,75
2021-11-24 19:57:00;500;0;16,75
2021-11-24 19:57:05;500;0;16,75
2021-11-24 19:57:10;500;0;16,75
2021-11-24 19:57:15;500;0;16,75
2021-11-24 19:57:20;510;0;16,75
2021-11-24 19:57:25;500;0;16,75
2021-11-24 19:57:30;500;0;16,75
2021-11-24 19:57:35;500;0;16,75
2021-11-24 19:57:40;500;0;16,75
2021-11-24 19:57:45;500;0;16,75
2021-11-24 19:57:50;500;0;16,75
2021-11-24 19:57:55;500;0;16,75
2021-11-24 19:58:00;500;0;16,75
2021-11-24 19:58:05;500;0;16,75
2021-11-24 19:58:10;500;0;16,75
2021-11-24 19:58:15;500;0;16,75
2021-11-24 19:58:20;500;0;16,75
2021-11-24 19:58:25;500;0;16,75
2021-11-24 19:58:30;490;0;16,75
2021-11-24 19:58:35;500;0;16,50
2021-11-24 19:58:40;500;0;16,75
2021-11-24 19:58:45;500;0;16,75
2021-11-24 19:58:50;500;0;16,75
2021-11-24 19:58:55;500;0;16,75
2021-11-24 19:59:00;500;0;16,75
2021-11-24 19:59:05;510;0;16,75
2021-11-24 19:59:10;500;0;16,75
2021-11-24 19:59:15;500;0;16,75
2021-11-24 19:59:20;500;0;16,75
2021-11-24 19:59:25;500;0;16,75
2021-11-24 19:59:30;500;0;16,75
2021-11-24 19:59:35;500;0;16,75
2021-11-24 19:59:40;500;0;16,75
2021-11-24 19:59:45;500;0;16,75
2021-11-24 19:59:50;500;0;16,75
2021-11-24 19:59:55;500;0;16,75
2021-11-24 20:00:00;500;0;16,75
2021-11-24 20:00:05;500;0;16,75
2021-11-24 20:00:10;500;0;16,75
2021-11-24 20:00:15;500;0;16,75
2021-11-24 20:00:20;500;0;16,75
2021-11-24 20:00:25;500;0;16,75
2021-11-24 20:00:30;500;0;16,75
2021-11-24 20:00:35;500;0;16,75
2021-11-24 20:00:40;500;0;16,75
2021-11-24 20:00:45;500;0;16,75
2021-11-24 20:00:50;500;0;16,75
2021-11-24 20:00:55;500;0;16,75
2021-11-24 20:01:00;500;0;16,75
2021-11-24 20:01:05;500;0;16,75
2021-11-24 20:01:10;500;0;16,75
2021-11-24 20:01:15;500;0;16,75
2021-11-24 20:01:20;500;0;16,75
2021-11-24 20:01:25;460;0;16,75
2021-11-24 20:01:30;470;0;16,75
2021-11-24 20:01:35;460;0;16,75
2021-11-24 20:01:40;460;0;16,75
2021-11-24 20:01:45;450;0;16,75
2021-11-24 20:01:50;450;0;16,75
2021-11-24 20:01:55;460;0;16,75
2021-11-24 20:02:00;470;0;16,75
2021-11-24 20:02:05;530;0;16,75
2021-11-24 20:02:10;530;0;16,75
2021-11-24 20:02:15;530;0;16,75
2021-11-24 20:02:20;540;0;16,75
2021-11-24 20:02:25;530;0;16,75
2021-11-24 20:02:30;530;0;16,75
2021-11-24 20:02:35;530;0;16,75
2021-11-24 20:02:40;530;0;16,75
2021-11-24 20:02:45;530;0;16,75
2021-11-24 20:02:50;530;0;16,75
2021-11-24 20:02:55;920;0;16,75
2021-11-24 20:03:00;960;0;16,75
2021-11-24 20:03:05;960;0;16,75
2021-11-24 20:03:10;960;0;16,75
2021-11-24 20:03:15;960;0;16,75
2021-11-24 20:03:20;960;0;16,75
2021-11-24 20:03:25;530;0;16,75
2021-11-24 20:03:30;530;0;16,75
2021-11-24 20:03:35;530;0;16,75
2021-11-24 20:03:40;500;0;16,75
2021-11-24 20:03:45;530;0;16,75
2021-11-24 20:03:50;530;0;16,75
2021-11-24 20:03:55;530;0;16,75
2021-11-24 20:04:00;530;0;16,75
2021-11-24 20:04:05;530;0;16,75
2021-11-24 20:04:10;530;0;16,75
2021-11-24 20:04:15;530;0;16,75
2021-11-24 20:04:20;530;0;16,75
2021-11-24 20:04:25;540;0;16,75
2021-11-24 20:04:30;530;0;16,75
2021-11-24 20:04:35;530;0;16,75
2021-11-24 20:04:40;540;0;16,75
2021-11-24 20:04:45;540;0;16,75
2021-11-24 20:04:50;540;0;16,75
2021-11-24 20:04:55;530;0;16,75
2021-11-24 20:05:00;530;0;16,75
2021-11-24 20:05:05;530;0;16,75
2021-11-24 20:05:10;530;0;16,75
2021-11-24 20:05:15;530;0;16,75
2021-11-24 20:05:20;530;0;16,75
2021-11-24 20:05:25;530;0;16,75
2021-11-24 20:05:30;530;0;16,75
2021-11-24 20:05:35;530;0;16,75
2021-11-24 20:05:40;530;0;16,75
2021-11-24 20:05:45;530;0;16,75
2021-11-24 20:05:50;530;0;16,75
2021-11-24 20:05:55;530;0;16,75
2021-11-24 20:06:00;540;0;16,75
2021-11-24 20:06:05;530;0;16,75
2021-11-24 20:06:10;520;0;16,75
2021-11-24 20:06:15;520;0;16,75
2021-11-24 20:06:20;520;0;16,75
2021-11-24 20:06:25;520;0;16,75
2021-11-24 20:06:30;520;0;16,75
2021-11-24 20:06:35;520;0;16,75
2021-11-24 20:06:40;520;0;16,75
2021-11-24 20:06:45;520;0;16,75
2021-11-24 20:06:50;530;0;16,75
2021-11-24 20:06:55;540;0;16,75
2021-11-24 20:07:00;540;0;16,75
2021-11-24 20:07:05;540;0;16,75
2021-11-24 20:07:10;540;0;16,75
2021-11-24 20:07:15;540;0;16,75
2021-11-24 20:07:20;540;0;16,75
2021-11-24 20:07:25;540;0;16,75
2021-11-24 20:07:30;540;0;16,75
2021-11-24 20:07:35;540;0;16,75
2021-11-24 20:07:40;540;0;16,75
2021-11-24 20:07:45;530;0;16,75
2021-11-24 20:07:50;540;0;16,75
2021-11-24 20:07:55;540;0;16,75
2021-11-24 20:08:00;540;0;16,75
2021-11-24 20:08:05;530;0;16,75
2021-11-24 20:08:10;530;0;16,75
2021-11-24 20:08:15;540;0;16,75
2021-11-24 20:08:20;520;0;16,75
2021-11-24 20:08:25;520;0;16,75
2021-11-24 20:08:30;520;0;16,75
2021-11-24 20:08:35;520;0;16,75
2021-11-24 20:08:40;520;0;16,75
2021-11-24 20:08:45;520;0;16,75
2021-11-24 20:08:50;520;0;16,75
2021-11-24 20:08:55;520;0;16,75
2021-11-24 20:09:00;530;0;16,75
2021-11-24 20:09:05;530;0;16,75
2021-11-24 20:09:10;530;0;16,75
2021-11-24 20:09:15;530;0;16,75
2021-11-24 20:09:20;530;0;16,75
2021-11-24 20:09:25;520;0;16,75
2021-11-24 20:09:30;510;0;16,75
2021-11-24 20:09:35;480;0;16,75
2021-11-24 20:09:40;530;0;16,75
2021-11-24 20:09:45;530;0;16,75
2021-11-24 20:09:50;530;0;16,75
2021-11-24 20:09:55;530;0;16,75
2021-11-24 20:10:00;530;0;16,75
2021-11-24 20:10:05;530;0;16,75
2021-11-24 20:10:10;530;0;16,75
2021-11-24 20:10:15;530;0;16,75
2021-11-24 20:10:20;530;0;16,75
2021-11-24 20:10:25;530;0;16,75
2021-11-24 20:10:30;530;0;16,75
2021-11-24 20:10:35;530;0;16,75
2021-11-24 20:10:40;520;0;16,75
2021-11-24 20:10:45;520;0;16,75
2021-11-24 20:10:50;530;0;16,75
2021-11-24 20:10:55;530;0;16,75
2021-11-24 20:11:00;530;0;16,75
2021-11-24 20:11:05;530;0;16,75
2021-11-24 20:11:10;530;0;16,75
2021-11-24 20:11:15;530;0;16,75
2021-11-24 20:11:20;530;0;16,75
2021-11-24 20:11:25;530;0;16,75
2021-11-24 20:11:30;530;0;16,75
2021-11-24 20:11:35;530;0;16,75
2021-11-24 20:11:40;530;0;16,75
2021-11-24 20:11:45;520;0;16,75
2021-11-24 20:11:50;530;0;16,75
2021-11-24 20:11:55;530;0;16,75
2021-11-24 20:12:00;520;0;16,75
2021-11-24 20:12:05;520;0;16,75
2021-11-24 20:12:10;520;0;16,75
2021-11-24 20:12:15;520;0;16,75
2021-11-24 20:12:20;520;0;16,75
2021-11-24 20:12:25;530;0;16,75
2021-11-24 20:12:30;530;0;16,75
2021-11-24 20:12:35;530;0;16,75
2021-11-24 20:12:40;530;0;16,75
2021-11-24 20:12:45;530;0;16,75
2021-11-24 20:12:50;500;0;16,75
2021-11-24 20:12:55;500;0;16,75
2021-11-24 20:13:00;510;0;16,75
2021-11-24 20:13:05;500;0;16,75
2021-11-24 20:13:10;500;0;16,75
2021-11-24 20:13:15;500;0;16,75
2021-11-24 20:13:20;500;0;16,75
2021-11-24 20:13:25;520;0;16,75
2021-11-24 20:13:30;500;0;16,75
2021-11-24 20:13:35;510;0;16,75
2021-11-24 20:13:40;530;0;16,75
2021-11-24 20:13:45;520;0;16,75
2021-11-24 20:13:50;530;0;16,75
2021-11-24 20:13:55;500;0;16,75
2021-11-24 20:14:00;510;0;16,75
2021-11-24 20:14:05;490;0;16,75
2021-11-24 20:14:10;530;0;16,75
2021-11-24 20:14:15;500;0;16,75
2021-11-24 20:14:20;500;0;16,75
2021-11-24 20:14:25;520;0;16,75
2021-11-24 20:14:30;510;0;16,75
2021-11-24 20:14:35;510;0;16,75
2021-11-24 20:14:40;510;0;16,75
2021-11-24 20:14:45;500;0;16,75
2021-11-24 20:14:50;840;0;16,75
2021-11-24 20:14:55;910;0;16,75
2021-11-24 20:15:00;930;0;16,75
2021-11-24 20:15:05;930;0;16,75
2021-11-24 20:15:10;940;0;16,75
2021-11-24 20:15:15;950;0;16,75
2021-11-24 20:15:20;510;0;16,75
2021-11-24 20:15:25;510;0;16,75
2021-11-24 20:15:30;510;0;16,75
2021-11-24 20:15:35;510;0;16,75
2021-11-24 20:15:40;510;0;16,75
2021-11-24 20:15:45;500;0;16,75
2021-11-24 20:15:50;510;0;16,75
2021-11-24 20:15:55;500;0;16,75
2021-11-24 20:16:00;500;0;16,75
2021-11-24 20:16:05;500;0;16,75
2021-11-24 20:16:10;500;0;16,75
2021-11-24 20:16:15;500;0;16,75
2021-11-24 20:16:20;500;0;16,75
2021-11-24 20:16:25;500;0;16,75
2021-11-24 20:16:30;500;0;16,75
2021-11-24 20:16:35;500;0;16,75
2021-11-24 20:16:40;500;0;16,75
2021-11-24 20:16:45;500;0;16,75
2021-11-24 20:16:50;500;0;16,75
2021-11-24 20:16:55;500;0;16,75
2021-11-24 20:17:00;500;0;16,75
2021-11-24 20:17:05;510;0;16,75
2021-11-24 20:17:10;510;0;16,75
2021-11-24 20:17:15;510;0;16,75
2021-11-24 20:17:20;510;0;16,75
2021-11-24 20:17:25;500;0;16,75
2021-11-24 20:17:30;500;0;16,75
2021-11-24 20:17:35;510;0;16,75
2021-11-24 20:17:40;500;0;16,75
2021-11-24 20:17:45;500;0;16,75
2021-11-24 20:17:50;510;0;16,75
2021-11-24 20:17:55;510;0;16,75
2021-11-24 20:18:00;500;0;16,75
2021-11-24 20:18:05;500;0;16,75
2021-11-24 20:18:10;510;0;16,75
2021-11-24 20:18:15;500;0;16,75
2021-11-24 20:18:20;500;0;16,75
2021-11-24 20:18:25;500;0;16,75
2021-11-24 20:18:30;510;0;16,75
2021-11-24 20:18:35;510;0;16,75
2021-11-24 20:18:40;510;0;16,75
2021-11-24 20:18:45;510;0;16,75
2021-11-24 20:18:50;510;0;16,75
2021-11-24 20:18:55;500;0;16,75
2021-11-24 20:19:00;540;0;16,75
2021-11-24 20:19:05;550;0;16,75
2021-11-24 20:19:10;550;0;16,75
2021-11-24 20:19:15;550;0;16,75
2021-11-24 20:19:20;550;0;16,75
2021-11-24 20:19:25;550;0;16,75
2021-11-24 20:19:30;550;0;16,75
2021-11-24 20:19:35;550;0;16,75
2021-11-24 20:19:40;550;0;16,75
2021-11-24 20:19:45;550;0;16,75
2021-11-24 20:19:50;550;0;16,75
2021-11-24 20:19:55;550;0;16,75
2021-11-24 20:20:00;550;0;16,75
2021-11-24 20:20:05;550;0;16,75
2021-11-24 20:20:10;550;0;16,75
2021-11-24 20:20:15;540;0;16,75
2021-11-24 20:20:20;550;0;16,75
2021-11-24 20:20:25;550;0;16,75
2021-11-24 20:20:30;540;0;16,75
2021-11-24 20:20:35;550;0;16,75
2021-11-24 20:20:40;550;0;16,75
2021-11-24 20:20:45;540;0;16,75
2021-11-24 20:20:50;550;0;16,75
2021-11-24 20:20:55;550;0;16,75
2021-11-24 20:21:00;540;0;16,75
2021-11-24 20:21:05;550;0;16,75
2021-11-24 20:21:10;550;0;16,75
2021-11-24 20:21:15;550;0;16,75
2021-11-24 20:21:20;550;0;16,75
2021-11-24 20:21:25;550;0;16,75
2021-11-24 20:21:30;540;0;16,75
2021-11-24 20:21:35;550;0;16,75
2021-11-24 20:21:40;540;0;16,75
2021-11-24 20:21:45;540;0;16,75
2021-11-24 20:21:50;540;0;16,75
2021-11-24 20:21:55;540;0;16,75
2021-11-24 20:22:00;550;0;16,75
2021-11-24 20:22:05;550;0;16,75
2021-11-24 20:22:10;550;0;16,75
2021-11-24 20:22:15;540;0;16,75
2021-11-24 20:22:20;550;0;16,75
2021-11-24 20:22:25;550;0;16,75
2021-11-24 20:22:30;550;0;16,75
2021-11-24 20:22:35;550;0;16,75
2021-11-24 20:22:40;550;0;16,75
2021-11-24 20:22:45;550;0;16,75
2021-11-24 20:22:50;550;0;16,75
2021-11-24 20:22:55;550;0;16,75
2021-11-24 20:23:00;540;0;16,75
2021-11-24 20:23:05;550;0;16,75
2021-11-24 20:23:10;550;0;16,75
2021-11-24 20:23:15;550;0;16,75
2021-11-24 20:23:20;550;0;16,75
2021-11-24 20:23:25;550;0;16,75
2021-11-24 20:23:30;550;0;16,75
2021-11-24 20:23:35;550;0;16,75
2021-11-24 20:23:40;550;0;16,75
2021-11-24 20:23:45;550;0;16,75
2021-11-24 20:23:50;550;0;16,75
2021-11-24 20:23:55;550;0;16,75
2021-11-24 20:24:00;550;0;16,75
2021-11-24 20:24:05;550;0;16,75
2021-11-24 20:24:10;550;0;16,75
2021-11-24 20:24:15;550;0;16,75
2021-11-24 20:24:20;550;0;16,75
2021-11-24 20:24:25;550;0;16,75
2021-11-24 20:24:30;550;0;16,75
2021-11-24 20:24:35;550;0;16,75
2021-11-24 20:24:40;550;0;16,75
2021-11-24 20:24:45;550;0;16,75
2021-11-24 20:24:50;550;0;16,75
2021-11-24 20:24:55;560;0;16,75
2021-11-24 20:25:00;550;0;16,75
2021-11-24 20:25:05;560;0;16,75
2021-11-24 20:25:10;560;0;16,75
2021-11-24 20:25:15;550;0;16,75
2021-11-24 20:25:20;560;0;16,75
2021-11-24 20:25:25;550;0;16,75
2021-11-24 20:25:30;560;0;16,75
2021-11-24 20:25:35;550;0;16,75
2021-11-24 20:25:40;550;0;16,75
2021-11-24 20:25:45;550;0;16,75
2021-11-24 20:25:50;550;0;16,75
2021-11-24 20:25:55;550;0;16,75
2021-11-24 20:26:00;550;0;16,75
2021-11-24 20:26:05;560;0;16,75
2021-11-24 20:26:10;550;0;16,75
2021-11-24 20:26:15;550;0;16,75
2021-11-24 20:26:20;550;0;16,75
2021-11-24 20:26:25;550;0;16,75
2021-11-24 20:26:30;550;0;16,75
2021-11-24 20:26:35;930;0;16,75
2021-11-24 20:26:40;1010;0;16,75
2021-11-24 20:26:45;1020;0;16,75
2021-11-24 20:26:50;1030;0;16,75
2021-11-24 20:26:55;1020;0;16,75
2021-11-24 20:27:00;1010;0;16,75
2021-11-24 20:27:05;560;0;16,75
2021-11-24 20:27:10;550;0;16,75
2021-11-24 20:27:15;550;0;16,75
2021-11-24 20:27:20;550;0;16,75
2021-11-24 20:27:25;550;0;16,75
2021-11-24 20:27:30;560;0;16,75
2021-11-24 20:27:35;550;0;16,75
2021-11-24 20:27:40;550;0;16,75
2021-11-24 20:27:45;560;0;16,75
2021-11-24 20:27:50;550;0;16,75
2021-11-24 20:27:55;550;0;16,75
2021-11-24 20:28:00;550;0;16,75
2021-11-24 20:28:05;560;0;16,75
2021-11-24 20:28:10;560;0;16,75
2021-11-24 20:28:15;550;0;16,75
2021-11-24 20:28:20;550;0;16,75
2021-11-24 20:28:25;560;0;16,75
2021-11-24 20:28:30;560;0;16,75
2021-11-24 20:28:35;550;0;16,75
2021-11-24 20:28:40;550;0;16,75
2021-11-24 20:28:45;560;0;16,75
2021-11-24 20:28:50;550;0;16,75
2021-11-24 20:28:55;550;0;16,75
2021-11-24 20:29:00;540;0;16,75
2021-11-24 20:29:05;540;0;16,75
2021-11-24 20:29:10;550;0;16,75
2021-11-24 20:29:15;540;0;16,75
2021-11-24 20:29:20;540;0;16,75
2021-11-24 20:29:25;540;0;16,75
2021-11-24 20:29:30;540;0;16,75
2021-11-24 20:29:35;540;0;16,75
2021-11-24 20:29:40;540;0;16,75
2021-11-24 20:29:45;540;0;16,75
2021-11-24 20:29:50;540;0;16,75
2021-11-24 20:29:55;540;0;16,75
2021-11-24 20:30:00;530;0;16,75
2021-11-24 20:30:05;550;0;16,75
2021-11-24 20:30:10;540;0;16,75
2021-11-24 20:30:15;540;0;16,75
2021-11-24 20:30:20;540;0;16,75
2021-11-24 20:30:25;540;0;16,75
2021-11-24 20:30:30;540;0;16,75
2021-11-24 20:30:35;540;0;16,75
2021-11-24 20:30:40;540;0;16,75
2021-11-24 20:30:45;550;0;16,75
2021-11-24 20:30:50;540;0;16,75
2021-11-24 20:30:55;550;0;16,75
2021-11-24 20:31:00;540;0;16,75
2021-11-24 20:31:05;540;0;16,75
2021-11-24 20:31:10;540;0;16,75
2021-11-24 20:31:15;530;0;16,75
2021-11-24 20:31:20;530;0;16,75
2021-11-24 20:31:25;540;0;16,75
2021-11-24 20:31:30;540;0;16,75
2021-11-24 20:31:35;540;0;16,75
2021-11-24 20:31:40;540;0;16,75
2021-11-24 20:31:45;540;0;16,75
2021-11-24 20:31:50;540;0;16,75
2021-11-24 20:31:55;540;0;16,75
2021-11-24 20:32:00;540;0;16,75
2021-11-24 20:32:05;540;0;16,75
2021-11-24 20:32:10;540;0;16,75
2021-11-24 20:32:15;540;0;16,75
2021-11-24 20:32:20;540;0;16,75
2021-11-24 20:32:25;540;0;16,75
2021-11-24 20:32:30;540;0;16,75
2021-11-24 20:32:35;530;0;16,75
2021-11-24 20:32:40;540;0;16,75
2021-11-24 20:32:45;540;0;16,75
2021-11-24 20:32:50;540;0;16,75
2021-11-24 20:32:55;530;0;16,75
2021-11-24 20:33:00;540;0;16,75
2021-11-24 20:33:05;540;0;16,75
2021-11-24 20:33:10;540;0;16,75
2021-11-24 20:33:15;540;0;16,75
2021-11-24 20:33:20;540;0;16,75
2021-11-24 20:33:25;560;0;16,75
2021-11-24 20:33:30;560;0;16,75
2021-11-24 20:33:35;520;0;16,75
2021-11-24 20:33:40;520;0;16,75
2021-11-24 20:33:45;520;0;16,75
2021-11-24 20:33:50;520;0;16,75
2021-11-24 20:33:55;520;0;16,75
2021-11-24 20:34:00;520;0;16,75
2021-11-24 20:34:05;520;0;16,75
2021-11-24 20:34:10;520;0;16,75
2021-11-24 20:34:15;520;0;16,75
2021-11-24 20:34:20;520;0;16,75
2021-11-24 20:34:25;530;0;16,75
2021-11-24 20:34:30;530;0;16,75
2021-11-24 20:34:35;520;0;16,75
2021-11-24 20:34:40;530;0;16,75
2021-11-24 20:34:45;530;0;16,75
2021-11-24 20:34:50;530;0;16,75
2021-11-24 20:34:55;530;0;16,75
2021-11-24 20:35:00;520;0;16,75
2021-11-24 20:35:05;540;0;16,75
2021-11-24 20:35:10;530;0;16,75
2021-11-24 20:35:15;520;0;16,75
2021-11-24 20:35:20;530;0;16,75
2021-11-24 20:35:25;530;0;16,75
2021-11-24 20:35:30;530;0;16,75
2021-11-24 20:35:35;530;0;16,75
2021-11-24 20:35:40;530;0;16,75
2021-11-24 20:35:45;530;0;16,75
2021-11-24 20:35:50;530;0;16,75
2021-11-24 20:35:55;520;0;16,75
2021-11-24 20:36:00;530;0;16,75
2021-11-24 20:36:05;540;0;16,75
2021-11-24 20:36:10;530;0;16,75
2021-11-24 20:36:15;530;0;16,75
2021-11-24 20:36:20;530;0;16,75
2021-11-24 20:36:25;540;0;16,75
2021-11-24 20:36:30;530;0;16,75
2021-11-24 20:36:35;530;0;16,75
2021-11-24 20:36:40;520;0;16,75
2021-11-24 20:36:45;530;0;16,75
2021-11-24 20:36:50;520;0;16,75
2021-11-24 20:36:55;520;0;16,75
2021-11-24 20:37:00;520;0;16,75
2021-11-24 20:37:05;530;0;16,75
2021-11-24 20:37:10;520;0;16,75
2021-11-24 20:37:15;520;0;16,75
2021-11-24 20:37:20;530;0;16,75
2021-11-24 20:37:25;530;0;16,75
2021-11-24 20:37:30;530;0;16,75
2021-11-24 20:37:35;520;0;16,75
2021-11-24 20:37:40;530;0;16,75
2021-11-24 20:37:45;530;0;16,75
2021-11-24 20:37:50;530;0;16,75
2021-11-24 20:37:55;520;0;16,75
2021-11-24 20:38:00;530;0;16,75
2021-11-24 20:38:05;750;0;16,75
2021-11-24 20:38:10;960;0;16,75
2021-11-24 20:38:15;960;0;16,75
2021-11-24 20:38:20;960;0;16,75
2021-11-24 20:38:25;970;0;16,75
2021-11-24 20:38:30;970;0;16,75
2021-11-24 20:38:35;530;0;16,75
2021-11-24 20:38:40;530;0;16,75
2021-11-24 20:38:45;530;0;16,75
2021-11-24 20:38:50;530;0;16,75
2021-11-24 20:38:55;520;0;16,75
2021-11-24 20:39:00;530;0;16,75
2021-11-24 20:39:05;530;0;16,75
2021-11-24 20:39:10;530;0;16,75
2021-11-24 20:39:15;520;0;16,75
2021-11-24 20:39:20;530;0;16,75
2021-11-24 20:39:25;530;0;16,75
2021-11-24 20:39:30;530;0;16,75
2021-11-24 20:39:35;530;0;16,75
2021-11-24 20:39:40;530;0;16,75
2021-11-24 20:39:45;530;0;16,75
2021-11-24 20:39:50;520;0;16,75
2021-11-24 20:39:55;530;0;16,75
2021-11-24 20:40:00;530;0;16,75
2021-11-24 20:40:05;530;0;16,75
2021-11-24 20:40:10;530;0;16,75
2021-11-24 20:40:15;530;0;16,75
2021-11-24 20:40:20;520;0;16,75
2021-11-24 20:40:25;530;0;16,75
2021-11-24 20:40:30;530;0;16,75
2021-11-24 20:40:35;520;0;16,75
2021-11-24 20:40:40;530;0;16,75
2021-11-24 20:40:45;520;0;16,75
2021-11-24 20:40:50;530;0;16,75
2021-11-24 20:40:55;530;0;16,75
2021-11-24 20:41:00;550;0;16,75
2021-11-24 20:41:05;540;0;16,75
2021-11-24 20:41:10;540;0;16,75
2021-11-24 20:41:15;540;0;16,75
2021-11-24 20:41:20;550;0;16,75
2021-11-24 20:41:25;540;0;16,75
2021-11-24 20:41:30;550;0;16,75
2021-11-24 20:41:35;540;0;16,75
2021-11-24 20:41:40;540;0;16,75
2021-11-24 20:41:45;520;0;16,75
2021-11-24 20:41:50;520;0;16,75
2021-11-24 20:41:55;520;0;16,75
2021-11-24 20:42:00;520;0;16,75
2021-11-24 20:42:05;520;0;16,75
2021-11-24 20:42:10;520;0;16,75
2021-11-24 20:42:15;520;0;16,75
2021-11-24 20:42:20;520;0;16,75
2021-11-24 20:42:25;520;0;16,75
2021-11-24 20:42:30;520;0;16,75
2021-11-24 20:42:35;520;0;16,75
2021-11-24 20:42:40;520;0;16,75
2021-11-24 20:42:45;520;0;16,75
2021-11-24 20:42:50;520;0;16,75
2021-11-24 20:42:55;520;0;16,75
2021-11-24 20:43:00;520;0;16,75
2021-11-24 20:43:05;520;0;16,75
2021-11-24 20:43:10;520;0;16,75
2021-11-24 20:43:15;520;0;16,75
2021-11-24 20:43:20;520;0;16,75
2021-11-24 20:43:25;520;0;16,75
2021-11-24 20:43:30;520;0;16,75
2021-11-24 20:43:35;520;0;16,75
2021-11-24 20:43:40;520;0;16,75
2021-11-24 20:43:45;520;0;16,75
2021-11-24 20:43:50;520;0;16,75
2021-11-24 20:43:55;520;0;16,75
2021-11-24 20:44:00;520;0;16,75
2021-11-24 20:44:05;520;0;16,75
2021-11-24 20:44:10;520;0;16,75
2021-11-24 20:44:15;520;0;16,75
2021-11-24 20:44:20;530;0;16,75
2021-11-24 20:44:25;530;0;16,75
2021-11-24 20:44:30;570;0;16,75
2021-11-24 20:44:35;570;0;16,75
2021-11-24 20:44:40;580;0;16,75
2021-11-24 20:44:45;580;0;16,75
2021-11-24 20:44:50;580;0;16,75
2021-11-24 20:44:55;570;0;16,75
2021-11-24 20:45:00;570;0;16,75
2021-11-24 20:45:05;570;0;16,75
2021-11-24 20:45:10;570;0;16,75
2021-11-24 20:45:15;570;0;16,75
2021-11-24 20:45:20;570;0;16,75
2021-11-24 20:45:25;570;0;16,75
2021-11-24 20:45:30;570;0;16,75
2021-11-24 20:45:35;570;0;16,75
2021-11-24 20:45:40;570;0;16,75
2021-11-24 20:45:45;570;0;16,75
2021-11-24 20:45:50;570;0;16,75
2021-11-24 20:45:55;570;0;16,75
2021-11-24 20:46:00;570;0;16,75
2021-11-24 20:46:05;570;0;16,75
2021-11-24 20:46:10;570;0;16,75
2021-11-24 20:46:15;560;0;16,75
2021-11-24 20:46:20;570;0;16,75
2021-11-24 20:46:25;570;0;16,75
2021-11-24 20:46:30;570;0;16,75
2021-11-24 20:46:35;570;0;16,75
2021-11-24 20:46:40;570;0;16,75
2021-11-24 20:46:45;570;0;16,75
2021-11-24 20:46:50;570;0;16,75
2021-11-24 20:46:55;570;0;16,75
2021-11-24 20:47:00;570;0;16,75
2021-11-24 20:47:05;570;0;16,75
2021-11-24 20:47:10;570;0;16,75
2021-11-24 20:47:15;570;0;16,75
2021-11-24 20:47:20;570;0;16,75
2021-11-24 20:47:25;570;0;16,75
2021-11-24 20:47:30;580;0;16,75
2021-11-24 20:47:35;580;0;16,75
2021-11-24 20:47:40;580;0;16,75
2021-11-24 20:47:45;590;0;16,75
2021-11-24 20:47:50;590;0;16,75
2021-11-24 20:47:55;590;0;16,75
2021-11-24 20:48:00;660;0;16,75
2021-11-24 20:48:05;660;0;16,75
2021-11-24 20:48:10;650;0;16,75
2021-11-24 20:48:15;650;0;16,75
2021-11-24 20:48:20;650;0;16,75
2021-11-24 20:48:25;650;0;16,75
2021-11-24 20:48:30;660;0;16,75
2021-11-24 20:48:35;660;0;16,75
2021-11-24 20:48:40;660;0;16,75
2021-11-24 20:48:45;660;0;16,75
2021-11-24 20:48:50;650;0;16,75
2021-11-24 20:48:55;650;0;16,75
2021-11-24 20:49:00;650;0;16,75
2021-11-24 20:49:05;650;0;16,75
2021-11-24 20:49:10;650;0;16,75
2021-11-24 20:49:15;650;0;16,75
2021-11-24 20:49:20;660;0;16,75
2021-11-24 20:49:25;1030;0;16,75
2021-11-24 20:49:30;1090;0;16,75
2021-11-24 20:49:35;1120;0;16,75
2021-11-24 20:49:40;1040;0;16,75
2021-11-24 20:49:45;1040;0;16,75
2021-11-24 20:49:50;1050;0;16,75
2021-11-24 20:49:55;950;0;16,75
2021-11-24 20:50:00;580;0;16,75
2021-11-24 20:50:05;580;0;16,75
2021-11-24 20:50:10;580;0;16,75
2021-11-24 20:50:15;580;0;16,75
2021-11-24 20:50:20;650;0;16,75
2021-11-24 20:50:25;650;0;16,75
2021-11-24 20:50:30;650;0;16,75
2021-11-24 20:50:35;650;0;16,75
2021-11-24 20:50:40;650;0;16,75
2021-11-24 20:50:45;660;0;16,75
2021-11-24 20:50:50;650;0;16,75
2021-11-24 20:50:55;660;0;16,75
2021-11-24 20:51:00;650;0;16,75
2021-11-24 20:51:05;650;0;16,75
2021-11-24 20:51:10;650;0;16,75
2021-11-24 20:51:15;650;0;16,75
2021-11-24 20:51:20;650;0;16,75
2021-11-24 20:51:25;650;0;16,75
2021-11-24 20:51:30;650;0;16,75
2021-11-24 20:51:35;650;0;16,75
2021-11-24 20:51:40;650;0;16,75
2021-11-24 20:51:45;640;0;16,75
2021-11-24 20:51:50;640;0;16,75
2021-11-24 20:51:55;640;0;16,75
2021-11-24 20:52:00;650;0;16,75
2021-11-24 20:52:05;650;0;16,75
2021-11-24 20:52:10;640;0;16,75
2021-11-24 20:52:15;650;0;16,75
2021-11-24 20:52:20;650;0;16,75
2021-11-24 20:52:25;650;0;16,75
2021-11-24 20:52:30;630;0;16,75
2021-11-24 20:52:35;580;0;16,75
2021-11-24 20:52:40;550;0;16,75
2021-11-24 20:52:45;550;0;16,75
2021-11-24 20:52:50;550;0;16,75
2021-11-24 20:52:55;550;0;16,75
2021-11-24 20:53:00;550;0;16,75
2021-11-24 20:53:05;550;0;16,75
2021-11-24 20:53:10;550;0;16,75
2021-11-24 20:53:15;550;0;16,75
2021-11-24 20:53:20;550;0;16,75
2021-11-24 20:53:25;550;0;16,75
2021-11-24 20:53:30;560;0;16,75
2021-11-24 20:53:35;550;0;16,75
2021-11-24 20:53:40;550;0;16,75
2021-11-24 20:53:45;550;0;16,75
2021-11-24 20:53:50;560;0;16,75
2021-11-24 20:53:55;560;0;16,75
2021-11-24 20:54:00;560;0;16,75
2021-11-24 20:54:05;550;0;16,75
2021-11-24 20:54:10;550;0;16,75
2021-11-24 20:54:15;570;0;16,75
2021-11-24 20:54:20;570;0;16,75
2021-11-24 20:54:25;560;0;16,75
2021-11-24 20:54:30;560;0;16,75
2021-11-24 20:54:35;570;0;16,75
2021-11-24 20:54:40;570;0;16,75
2021-11-24 20:54:45;570;0;16,75
2021-11-24 20:54:50;570;0;16,75
2021-11-24 20:54:55;570;0;16,75
2021-11-24 20:55:00;570;0;16,75
2021-11-24 20:55:05;570;0;16,75
2021-11-24 20:55:10;570;0;16,75
2021-11-24 20:55:15;570;0;16,75
2021-11-24 20:55:20;570;0;16,75
2021-11-24 20:55:25;570;0;16,75
2021-11-24 20:55:30;570;0;16,75
2021-11-24 20:55:35;570;0;16,75
2021-11-24 20:55:40;570;0;16,75
2021-11-24 20:55:45;570;0;16,75
2021-11-24 20:55:50;570;0;16,75
2021-11-24 20:55:55;640;0;16,75
2021-11-24 20:56:00;640;0;16,75
2021-11-24 20:56:05;640;0;16,75
2021-11-24 20:56:10;640;0;16,75
2021-11-24 20:56:15;640;0;16,75
2021-11-24 20:56:20;640;0;16,75
2021-11-24 20:56:25;640;0;16,75
2021-11-24 20:56:30;640;0;16,75
2021-11-24 20:56:35;650;0;16,75
2021-11-24 20:56:40;640;0;16,75
2021-11-24 20:56:45;640;0;16,75
2021-11-24 20:56:50;640;0;16,75
2021-11-24 20:56:55;640;0;16,75
2021-11-24 20:57:00;640;0;16,75
2021-11-24 20:57:05;640;0;16,75
2021-11-24 20:57:10;640;0;16,75
2021-11-24 20:57:15;640;0;16,75
2021-11-24 20:57:20;640;0;16,75
2021-11-24 20:57:25;640;0;16,75
2021-11-24 20:57:30;640;0;16,75
2021-11-24 20:57:35;650;0;16,75
2021-11-24 20:57:40;640;0;16,75
2021-11-24 20:57:45;640;0;16,75
2021-11-24 20:57:50;640;0;16,75
2021-11-24 20:57:55;640;0;16,75
2021-11-24 20:58:00;640;0;16,75
2021-11-24 20:58:05;640;0;16,75
2021-11-24 20:58:10;640;0;16,75
2021-11-24 20:58:15;640;0;16,75
2021-11-24 20:58:20;640;0;16,75
2021-11-24 20:58:25;640;0;16,75
2021-11-24 20:58:30;640;0;16,75
2021-11-24 20:58:35;640;0;16,75
2021-11-24 20:58:40;640;0;16,75
2021-11-24 20:58:45;640;0;16,75
2021-11-24 20:58:50;640;0;16,75
2021-11-24 20:58:55;640;0;16,75
2021-11-24 20:59:00;640;0;16,75
2021-11-24 20:59:05;640;0;16,75
2021-11-24 20:59:10;640;0;16,75
2021-11-24 20:59:15;640;0;16,75
2021-11-24 20:59:20;650;0;16,75
2021-11-24 20:59:25;640;0;16,75
2021-11-24 20:59:30;640;0;16,75
2021-11-24 20:59:35;640;0;16,75
2021-11-24 20:59:40;640;0;16,75
2021-11-24 20:59:45;640;0;16,75
2021-11-24 20:59:50;620;0;16,75
2021-11-24 20:59:55;620;0;16,75
2021-11-24 21:00:00;630;0;16,75
2021-11-24 21:00:05;620;0;16,75
2021-11-24 21:00:10;630;0;16,75
2021-11-24 21:00:15;630;0;16,75
2021-11-24 21:00:20;650;0;16,75
2021-11-24 21:00:25;640;0;16,75
2021-11-24 21:00:30;650;0;16,75
2021-11-24 21:00:35;650;0;16,75
2021-11-24 21:00:40;1060;0;16,75
2021-11-24 21:00:45;1110;0;16,75
2021-11-24 21:00:50;1120;0;16,75
2021-11-24 21:00:55;1120;0;16,75
2021-11-24 21:01:00;1060;0;16,75
2021-11-24 21:01:05;1060;0;16,75
2021-11-24 21:01:10;600;0;16,75
2021-11-24 21:01:15;600;0;16,75
2021-11-24 21:01:20;600;0;16,75
2021-11-24 21:01:25;600;0;16,75
2021-11-24 21:01:30;590;0;16,75
2021-11-24 21:01:35;590;0;16,75
2021-11-24 21:01:40;600;0;16,75
2021-11-24 21:01:45;590;0;16,75
2021-11-24 21:01:50;590;0;16,75
2021-11-24 21:01:55;590;0;16,75
2021-11-24 21:02:00;590;0;16,75
2021-11-24 21:02:05;590;0;16,75
2021-11-24 21:02:10;590;0;16,75
2021-11-24 21:02:15;590;0;16,75
2021-11-24 21:02:20;570;0;16,75
2021-11-24 21:02:25;570;0;16,75
2021-11-24 21:02:30;590;0;16,75
2021-11-24 21:02:35;590;0;16,75
2021-11-24 21:02:40;590;0;16,75
2021-11-24 21:02:45;580;0;16,75
2021-11-24 21:02:50;590;0;16,75
2021-11-24 21:02:55;590;0;16,75
2021-11-24 21:03:00;590;0;16,75
2021-11-24 21:03:05;590;0;16,75
2021-11-24 21:03:10;590;0;16,75
2021-11-24 21:03:15;590;0;16,75
2021-11-24 21:03:20;590;0;16,75
2021-11-24 21:03:25;590;0;16,75
2021-11-24 21:03:30;590;0;16,75
2021-11-24 21:03:35;580;0;16,75
2021-11-24 21:03:40;590;0;16,75
2021-11-24 21:03:45;580;0;16,75
2021-11-24 21:03:50;580;0;16,75
2021-11-24 21:03:55;580;0;16,50
2021-11-24 21:04:00;580;0;16,75
2021-11-24 21:04:05;580;0;16,75
2021-11-24 21:04:10;580;0;16,75
2021-11-24 21:04:15;580;0;16,75
2021-11-24 21:04:20;580;0;16,75
2021-11-24 21:04:25;580;0;16,75
2021-11-24 21:04:30;590;0;16,75
2021-11-24 21:04:35;590;0;16,75
2021-11-24 21:04:40;590;0;16,75
2021-11-24 21:04:45;590;0;16,75
2021-11-24 21:04:50;530;0;16,75
2021-11-24 21:04:55;530;0;16,75
2021-11-24 21:05:00;530;0;16,75
2021-11-24 21:05:05;530;0;16,75
2021-11-24 21:05:10;530;0;16,50
2021-11-24 21:05:15;510;0;16,75
2021-11-24 21:05:20;510;0;16,50
2021-11-24 21:05:25;510;0;16,50
2021-11-24 21:05:30;510;0;16,75
2021-11-24 21:05:35;510;0;16,75
2021-11-24 21:05:40;510;0;16,50
2021-11-24 21:05:45;510;0;16,75
2021-11-24 21:05:50;520;0;16,75
2021-11-24 21:05:55;520;0;16,75
2021-11-24 21:06:00;510;0;16,75
2021-11-24 21:06:05;510;0;16,50
2021-11-24 21:06:10;510;0;16,75
2021-11-24 21:06:15;520;0;16,75
2021-11-24 21:06:20;510;0;16,75
2021-11-24 21:06:25;510;0;16,75
2021-11-24 21:06:30;510;0;16,75
2021-11-24 21:06:35;510;0;16,75
2021-11-24 21:06:40;510;0;16,50
2021-11-24 21:06:45;510;0;16,50
2021-11-24 21:06:50;510;0;16,50
2021-11-24 21:06:55;510;0;16,75
2021-11-24 21:07:00;510;0;16,75
2021-11-24 21:07:05;510;0;16,75
2021-11-24 21:07:10;520;0;16,50
2021-11-24 21:07:15;520;0;16,50
2021-11-24 21:07:20;510;0;16,75
2021-11-24 21:07:25;510;0;16,50
2021-11-24 21:07:30;520;0;16,75
2021-11-24 21:07:35;520;0;16,50
2021-11-24 21:07:40;520;0;16,75
2021-11-24 21:07:45;510;0;16,75
2021-11-24 21:07:50;520;0;16,50
2021-11-24 21:07:55;510;0;16,75
2021-11-24 21:08:00;510;0;16,50
2021-11-24 21:08:05;510;0;16,50
2021-11-24 21:08:10;510;0;16,50
2021-11-24 21:08:15;510;0;16,50
2021-11-24 21:08:20;510;0;16,75
2021-11-24 21:08:25;510;0;16,50
2021-11-24 21:08:30;510;0;16,50
2021-11-24 21:08:35;510;0;16,50
2021-11-24 21:08:40;510;0;16,50
2021-11-24 21:08:45;510;0;16,50
2021-11-24 21:08:50;510;0;16,75
2021-11-24 21:08:55;510;0;16,50
2021-11-24 21:09:00;510;0;16,50
2021-11-24 21:09:05;520;0;16,50
2021-11-24 21:09:10;510;0;16,75
2021-11-24 21:09:15;510;0;16,50
2021-11-24 21:09:20;510;0;16,50
2021-11-24 21:09:25;510;0;16,75
2021-11-24 21:09:30;510;0;16,50
2021-11-24 21:09:35;510;0;16,50
2021-11-24 21:09:40;510;0;16,75
2021-11-24 21:09:45;510;0;16,75
2021-11-24 21:09:50;520;0;16,75
2021-11-24 21:09:55;520;0;16,50
2021-11-24 21:10:00;510;0;16,50
2021-11-24 21:10:05;520;0;16,50
2021-11-24 21:10:10;520;0;16,50
2021-11-24 21:10:15;510;0;16,75
2021-11-24 21:10:20;520;0;16,50
2021-11-24 21:10:25;520;0;16,50
2021-11-24 21:10:30;520;0;16,50
2021-11-24 21:10:35;520;0;16,50
2021-11-24 21:10:40;510;0;16,50
2021-11-24 21:10:45;510;0;16,75
2021-11-24 21:10:50;510;0;16,75
2021-11-24 21:10:55;510;0;16,50
2021-11-24 21:11:00;510;0;16,50
2021-11-24 21:11:05;520;0;16,50
2021-11-24 21:11:10;520;0;16,50
2021-11-24 21:11:15;520;0;16,75
2021-11-24 21:11:20;510;0;16,50
2021-11-24 21:11:25;510;0;16,50
2021-11-24 21:11:30;510;0;16,75
2021-11-24 21:11:35;510;0;16,50
2021-11-24 21:11:40;510;0;16,50
2021-11-24 21:11:45;820;0;16,50
2021-11-24 21:11:50;940;0;16,50
2021-11-24 21:11:55;940;0;16,50
2021-11-24 21:12:00;930;0;16,50
2021-11-24 21:12:05;930;0;16,50
2021-11-24 21:12:10;920;0;16,50
2021-11-24 21:12:15;500;0;16,50
2021-11-24 21:12:20;500;0;16,50
2021-11-24 21:12:25;500;0;16,50
2021-11-24 21:12:30;500;0;16,50
2021-11-24 21:12:35;500;0;16,50
2021-11-24 21:12:40;500;0;16,75
2021-11-24 21:12:45;500;0;16,50
2021-11-24 21:12:50;500;0;16,50
2021-11-24 21:12:55;500;0;16,50
2021-11-24 21:13:00;500;0;16,50
2021-11-24 21:13:05;500;0;16,50
2021-11-24 21:13:10;500;0;16,50
2021-11-24 21:13:15;490;0;16,50
2021-11-24 21:13:20;500;0;16,75
2021-11-24 21:13:25;500;0;16,50
2021-11-24 21:13:30;500;0;16,50
2021-11-24 21:13:35;500;0;16,50
2021-11-24 21:13:40;490;0;16,50
2021-11-24 21:13:45;500;0;16,50
2021-11-24 21:13:50;500;0;16,50
2021-11-24 21:13:55;500;0;16,50
2021-11-24 21:14:00;500;0;16,50
2021-11-24 21:14:05;500;0;16,50
2021-11-24 21:14:10;520;0;16,50
2021-11-24 21:14:15;520;0;16,50
2021-11-24 21:14:20;520;0;16,50
2021-11-24 21:14:25;520;0;16,50
2021-11-24 21:14:30;520;0;16,50
2021-11-24 21:14:35;520;0;16,50
2021-11-24 21:14:40;520;0;16,50
2021-11-24 21:14:45;520;0;16,50
2021-11-24 21:14:50;520;0;16,50
2021-11-24 21:14:55;500;0;16,50
2021-11-24 21:15:00;520;0;16,50
2021-11-24 21:15:05;520;0;16,50
2021-11-24 21:15:10;500;0;16,50
2021-11-24 21:15:15;500;0;16,50
2021-11-24 21:15:20;500;0;16,50
2021-11-24 21:15:25;500;0;16,50
2021-11-24 21:15:30;500;0;16,50
2021-11-24 21:15:35;500;0;16,50
2021-11-24 21:15:40;500;0;16,50
2021-11-24 21:15:45;500;0;16,50
2021-11-24 21:15:50;500;0;16,50
2021-11-24 21:15:55;500;0;16,50
2021-11-24 21:16:00;500;0;16,50
2021-11-24 21:16:05;500;0;16,50
2021-11-24 21:16:10;490;0;16,50
2021-11-24 21:16:15;490;0;16,50
2021-11-24 21:16:20;490;0;16,50
2021-11-24 21:16:25;500;0;16,50
2021-11-24 21:16:30;500;0;16,50
2021-11-24 21:16:35;490;0;16,50
2021-11-24 21:16:40;490;0;16,50
2021-11-24 21:16:45;490;0;16,50
2021-11-24 21:16:50;500;0;16,50
2021-11-24 21:16:55;490;0;16,50
2021-11-24 21:17:00;480;0;16,50
2021-11-24 21:17:05;480;0;16,50
2021-11-24 21:17:10;490;0;16,50
2021-11-24 21:17:15;490;0;16,50
2021-11-24 21:17:20;490;0;16,50
2021-11-24 21:17:25;490;0;16,50
2021-11-24 21:17:30;490;0;16,50
2021-11-24 21:17:35;490;0;16,50
2021-11-24 21:17:40;490;0;16,50
2021-11-24 21:17:45;490;0;16,50
2021-11-24 21:17:50;490;0;16,50
2021-11-24 21:17:55;490;0;16,50
2021-11-24 21:18:00;490;0;16,50
2021-11-24 21:18:05;500;0;16,50
2021-11-24 21:18:10;490;0;16,50
2021-11-24 21:18:15;490;0;16,50
2021-11-24 21:18:20;490;0;16,50
2021-11-24 21:18:25;490;0;16,50
2021-11-24 21:18:30;490;0;16,50
2021-11-24 21:18:35;490;0;16,50
2021-11-24 21:18:40;480;0;16,50
2021-11-24 21:18:45;480;0;16,50
2021-11-24 21:18:50;480;0;16,50
2021-11-24 21:18:55;500;0;16,50
2021-11-24 21:19:00;500;0;16,50
2021-11-24 21:19:05;490;0;16,50
2021-11-24 21:19:10;500;0;16,50
2021-11-24 21:19:15;490;0;16,50
2021-11-24 21:19:20;490;0;16,50
2021-11-24 21:19:25;490;0;16,50
2021-11-24 21:19:30;500;0;16,50
2021-11-24 21:19:35;490;0;16,50
2021-11-24 21:19:40;490;0;16,50
2021-11-24 21:19:45;500;0;16,50
2021-11-24 21:19:50;500;0;16,50
2021-11-24 21:19:55;490;0;16,50
2021-11-24 21:20:00;490;0;16,50
2021-11-24 21:20:05;500;0;16,50
2021-11-24 21:20:10;490;0;16,50
2021-11-24 21:20:15;480;0;16,50
2021-11-24 21:20:20;480;0;16,50
2021-11-24 21:20:25;490;0;16,50
2021-11-24 21:20:30;490;0;16,50
2021-11-24 21:20:35;490;0;16,50
2021-11-24 21:20:40;490;0;16,50
2021-11-24 21:20:45;490;0;16,50
2021-11-24 21:20:50;480;0;16,50
2021-11-24 21:20:55;480;0;16,50
2021-11-24 21:21:00;490;0;16,50
2021-11-24 21:21:05;490;0;16,50
2021-11-24 21:21:10;490;0;16,50
2021-11-24 21:21:15;470;0;16,50
2021-11-24 21:21:20;470;0;16,50
2021-11-24 21:21:25;470;0;16,50
2021-11-24 21:21:30;490;0;16,50
2021-11-24 21:21:35;480;0;16,50
2021-11-24 21:21:40;480;0;16,50
2021-11-24 21:21:45;480;0;16,50
2021-11-24 21:21:50;470;0;16,50
2021-11-24 21:21:55;470;0;16,50
2021-11-24 21:22:00;480;0;16,50
2021-11-24 21:22:05;490;0;16,50
2021-11-24 21:22:10;490;0;16,50
2021-11-24 21:22:15;480;0;16,50
2021-11-24 21:22:20;480;0;16,50
2021-11-24 21:22:25;490;0;16,50
2021-11-24 21:22:30;480;0;16,50
2021-11-24 21:22:35;490;0;16,50
2021-11-24 21:22:40;490;0;16,50
2021-11-24 21:22:45;480;0;16,50
2021-11-24 21:22:50;860;0;16,50
2021-11-24 21:22:55;920;0;16,50
2021-11-24 21:23:00;920;0;16,50
2021-11-24 21:23:05;920;0;16,50
2021-11-24 21:23:10;920;0;16,50
2021-11-24 21:23:15;910;0;16,50
2021-11-24 21:23:20;490;0;16,50
2021-11-24 21:23:25;490;0;16,50
2021-11-24 21:23:30;490;0;16,50
2021-11-24 21:23:35;490;0;16,50
2021-11-24 21:23:40;490;0;16,50
2021-11-24 21:23:45;490;0;16,50
2021-11-24 21:23:50;500;0;16,50
2021-11-24 21:23:55;490;0;16,50
2021-11-24 21:24:00;490;0;16,50
2021-11-24 21:24:05;490;0;16,50
2021-11-24 21:24:10;490;0;16,50
2021-11-24 21:24:15;490;0;16,50
2021-11-24 21:24:20;490;0;16,50
2021-11-24 21:24:25;490;0;16,50
2021-11-24 21:24:30;490;0;16,50
2021-11-24 21:24:35;490;0;16,50
2021-11-24 21:24:40;490;0;16,50
2021-11-24 21:24:45;500;0;16,50
2021-11-24 21:24:50;500;0;16,50
2021-11-24 21:24:55;470;0;16,50
2021-11-24 21:25:00;470;0;16,50
2021-11-24 21:25:05;470;0;16,50
2021-11-24 21:25:10;470;0;16,50
2021-11-24 21:25:15;470;0;16,50
2021-11-24 21:25:20;470;0;16,50
2021-11-24 21:25:25;480;0;16,50
2021-11-24 21:25:30;470;0;16,50
2021-11-24 21:25:35;470;0;16,50
2021-11-24 21:25:40;470;0;16,50
2021-11-24 21:25:45;470;0;16,50
2021-11-24 21:25:50;470;0;16,50
2021-11-24 21:25:55;470;0;16,50
2021-11-24 21:26:00;470;0;16,50
2021-11-24 21:26:05;470;0;16,50
2021-11-24 21:26:10;470;0;16,50
2021-11-24 21:26:15;470;0;16,50
2021-11-24 21:26:20;470;0;16,50
2021-11-24 21:26:25;470;0;16,50
2021-11-24 21:26:30;470;0;16,50
2021-11-24 21:26:35;470;0;16,50
2021-11-24 21:26:40;470;0;16,50
2021-11-24 21:26:45;470;0;16,50
2021-11-24 21:26:50;470;0;16,50
2021-11-24 21:26:55;470;0;16,50
2021-11-24 21:27:00;480;0;16,50
2021-11-24 21:27:05;470;0;16,50
2021-11-24 21:27:10;480;0;16,50
2021-11-24 21:27:15;470;0;16,50
2021-11-24 21:27:20;480;0;16,50
2021-11-24 21:27:25;480;0;16,50
2021-11-24 21:27:30;480;0;16,50
2021-11-24 21:27:35;480;0;16,50
2021-11-24 21:27:40;480;0;16,50
2021-11-24 21:27:45;480;0;16,50
2021-11-24 21:27:50;480;0;16,50
2021-11-24 21:27:55;480;0;16,50
2021-11-24 21:28:00;480;0;16,50
2021-11-24 21:28:05;480;0;16,50
2021-11-24 21:28:10;480;0;16,50
2021-11-24 21:28:15;480;0;16,50
2021-11-24 21:28:20;480;0;16,50
2021-11-24 21:28:25;480;0;16,50
2021-11-24 21:28:30;480;0;16,50
2021-11-24 21:28:35;470;0;16,50
2021-11-24 21:28:40;480;0;16,50
2021-11-24 21:28:45;480;0;16,50
2021-11-24 21:28:50;470;0;16,50
2021-11-24 21:28:55;470;0;16,50
2021-11-24 21:29:00;480;0;16,50
2021-11-24 21:29:05;480;0;16,50
2021-11-24 21:29:10;480;0;16,50
2021-11-24 21:29:15;480;0;16,50
2021-11-24 21:29:20;480;0;16,50
2021-11-24 21:29:25;480;0;16,50
2021-11-24 21:29:30;470;0;16,50
2021-11-24 21:29:35;470;0;16,50
2021-11-24 21:29:40;470;0;16,50
2021-11-24 21:29:45;470;0;16,50
2021-11-24 21:29:50;470;0;16,50
2021-11-24 21:29:55;470;0;16,50
2021-11-24 21:30:00;470;0;16,50
2021-11-24 21:30:05;470;0;16,50
2021-11-24 21:30:10;470;0;16,50
2021-11-24 21:30:15;470;0;16,50
2021-11-24 21:30:20;470;0;16,50
2021-11-24 21:30:25;470;0;16,50
2021-11-24 21:30:30;470;0;16,50
2021-11-24 21:30:35;470;0;16,50
2021-11-24 21:30:40;490;0;16,50
2021-11-24 21:30:45;490;0;16,50
2021-11-24 21:30:50;490;0;16,50
2021-11-24 21:30:55;490;0;16,50
2021-11-24 21:31:00;490;0;16,50
2021-11-24 21:31:05;490;0;16,50
2021-11-24 21:31:10;490;0;16,50
2021-11-24 21:31:15;490;0;16,50
2021-11-24 21:31:20;490;0;16,50
2021-11-24 21:31:25;490;0;16,50
2021-11-24 21:31:30;470;0;16,50
2021-11-24 21:31:35;470;0;16,50
2021-11-24 21:31:40;480;0;16,50
2021-11-24 21:31:45;470;0;16,50
2021-11-24 21:31:50;470;0;16,50
2021-11-24 21:31:55;470;0;16,50
2021-11-24 21:32:00;490;0;16,50
2021-11-24 21:32:05;490;0;16,50
2021-11-24 21:32:10;470;0;16,50
2021-11-24 21:32:15;470;0;16,50
2021-11-24 21:32:20;480;0;16,50
2021-11-24 21:32:25;480;0;16,50
2021-11-24 21:32:30;480;0;16,50
2021-11-24 21:32:35;480;0;16,50
2021-11-24 21:32:40;480;0;16,50
2021-11-24 21:32:45;470;0;16,50
2021-11-24 21:32:50;460;0;16,50
2021-11-24 21:32:55;460;0;16,50
2021-11-24 21:33:00;480;0;16,50
2021-11-24 21:33:05;460;0;16,50
2021-11-24 21:33:10;480;0;16,50
2021-11-24 21:33:15;480;0;16,50
2021-11-24 21:33:20;480;0;16,50
2021-11-24 21:33:25;480;0;16,50
2021-11-24 21:33:30;480;0;16,50
2021-11-24 21:33:35;480;0;16,50
2021-11-24 21:33:40;490;0;16,50
2021-11-24 21:33:45;1010;0;16,50
2021-11-24 21:33:50;900;0;16,50
2021-11-24 21:33:55;970;0;16,50
2021-11-24 21:34:00;980;0;16,50
2021-11-24 21:34:05;990;0;16,50
2021-11-24 21:34:10;980;0;16,50
2021-11-24 21:34:15;980;0;16,50
2021-11-24 21:34:20;520;0;16,50
2021-11-24 21:34:25;520;0;16,50
2021-11-24 21:34:30;520;0;16,50
2021-11-24 21:34:35;520;0;16,50
2021-11-24 21:34:40;520;0;16,50
2021-11-24 21:34:45;520;0;16,50
2021-11-24 21:34:50;520;0;16,50
2021-11-24 21:34:55;520;0;16,50
2021-11-24 21:35:00;520;0;16,50
2021-11-24 21:35:05;530;0;16,50
2021-11-24 21:35:10;520;0;16,50
2021-11-24 21:35:15;530;0;16,50
2021-11-24 21:35:20;520;0;16,50
2021-11-24 21:35:25;520;0;16,50
2021-11-24 21:35:30;520;0;16,50
2021-11-24 21:35:35;520;0;16,50
2021-11-24 21:35:40;530;0;16,50
2021-11-24 21:35:45;530;0;16,50
2021-11-24 21:35:50;520;0;16,50
2021-11-24 21:35:55;520;0;16,50
2021-11-24 21:36:00;530;0;16,50
2021-11-24 21:36:05;530;0;16,50
2021-11-24 21:36:10;520;0;16,50
2021-11-24 21:36:15;520;0;16,50
2021-11-24 21:36:20;530;0;16,50
2021-11-24 21:36:25;530;0;16,50
2021-11-24 21:36:30;530;0;16,50
2021-11-24 21:36:35;530;0;16,50
2021-11-24 21:36:40;530;0;16,50
2021-11-24 21:36:45;530;0;16,50
2021-11-24 21:36:50;520;0;16,50
2021-11-24 21:36:55;520;0;16,50
2021-11-24 21:37:00;520;0;16,50
2021-11-24 21:37:05;530;0;16,50
2021-11-24 21:37:10;520;0;16,50
2021-11-24 21:37:15;530;0;16,50
2021-11-24 21:37:20;530;0;16,50
2021-11-24 21:37:25;530;0;16,50
2021-11-24 21:37:30;530;0;16,50
2021-11-24 21:37:35;520;0;16,50
2021-11-24 21:37:40;520;0;16,50
2021-11-24 21:37:45;520;0;16,50
2021-11-24 21:37:50;520;0;16,50
2021-11-24 21:37:55;520;0;16,50
2021-11-24 21:38:00;500;0;16,50
2021-11-24 21:38:05;520;0;16,50
2021-11-24 21:38:10;520;0;16,50
2021-11-24 21:38:15;520;0;16,50
2021-11-24 21:38:20;530;0;16,50
2021-11-24 21:38:25;520;0;16,50
2021-11-24 21:38:30;530;0;16,50
2021-11-24 21:38:35;530;0;16,50
2021-11-24 21:38:40;530;0;16,50
2021-11-24 21:38:45;530;0;16,50
2021-11-24 21:38:50;530;0;16,50
2021-11-24 21:38:55;530;0;16,50
2021-11-24 21:39:00;530;0;16,50
2021-11-24 21:39:05;500;0;16,50
2021-11-24 21:39:10;490;0;16,50
2021-11-24 21:39:15;490;0;16,50
2021-11-24 21:39:20;510;0;16,50
2021-11-24 21:39:25;520;0;16,50
2021-11-24 21:39:30;520;0;16,50
2021-11-24 21:39:35;530;0;16,50
2021-11-24 21:39:40;520;0;16,50
2021-11-24 21:39:45;520;0;16,50
2021-11-24 21:39:50;520;0;16,50
2021-11-24 21:39:55;520;0;16,50
2021-11-24 21:40:00;570;0;16,50
2021-11-24 21:40:05;520;0;16,50
2021-11-24 21:40:10;520;0;16,50
2021-11-24 21:40:15;520;0;16,50
2021-11-24 21:40:20;520;0;16,50
2021-11-24 21:40:25;520;0;16,50
2021-11-24 21:40:30;520;0;16,50
2021-11-24 21:40:35;520;0;16,50
2021-11-24 21:40:40;520;0;16,50
2021-11-24 21:40:45;520;0;16,50
2021-11-24 21:40:50;510;0;16,50
2021-11-24 21:40:55;510;0;16,50
2021-11-24 21:41:00;520;0;16,50
2021-11-24 21:41:05;520;0;16,50
2021-11-24 21:41:10;520;0;16,50
2021-11-24 21:41:15;520;0;16,50
2021-11-24 21:41:20;520;0;16,50
2021-11-24 21:41:25;470;0;16,50
2021-11-24 21:41:30;450;0;16,50
2021-11-24 21:41:35;450;0;16,50
2021-11-24 21:41:40;470;0;16,50
2021-11-24 21:41:45;460;0;16,50
2021-11-24 21:41:50;460;0;16,50
2021-11-24 21:41:55;470;0;16,50
2021-11-24 21:42:00;470;0;16,50
2021-11-24 21:42:05;460;0;16,50
2021-11-24 21:42:10;460;0;16,50
2021-11-24 21:42:15;460;0;16,50
2021-11-24 21:42:20;460;0;16,50
2021-11-24 21:42:25;460;0;16,50
2021-11-24 21:42:30;460;0;16,50
2021-11-24 21:42:35;460;0;16,50
2021-11-24 21:42:40;460;0;16,50
2021-11-24 21:42:45;460;0;16,50
2021-11-24 21:42:50;460;0;16,50
2021-11-24 21:42:55;460;0;16,50
2021-11-24 21:43:00;460;0;16,50
2021-11-24 21:43:05;460;0;16,50
2021-11-24 21:43:10;460;0;16,50
2021-11-24 21:43:15;470;0;16,50
2021-11-24 21:43:20;460;0;16,50
2021-11-24 21:43:25;460;0;16,50
2021-11-24 21:43:30;460;0;16,50
2021-11-24 21:43:35;460;0;16,50
2021-11-24 21:43:40;460;0;16,50
2021-11-24 21:43:45;450;0;16,50
2021-11-24 21:43:50;450;0;16,50
2021-11-24 21:43:55;450;0;16,50
2021-11-24 21:44:00;450;0;16,50
2021-11-24 21:44:05;450;0;16,50
2021-11-24 21:44:10;450;0;16,50
2021-11-24 21:44:15;450;0;16,50
2021-11-24 21:44:20;450;0;16,50
2021-11-24 21:44:25;450;0;16,50
2021-11-24 21:44:30;450;0;16,50
2021-11-24 21:44:35;460;0;16,50
2021-11-24 21:44:40;460;0;16,50
2021-11-24 21:44:45;830;0;16,50
2021-11-24 21:44:50;880;0;16,50
2021-11-24 21:44:55;920;0;16,50
2021-11-24 21:45:00;910;0;16,50
2021-11-24 21:45:05;990;0;16,50
2021-11-24 21:45:10;1000;0;16,50
2021-11-24 21:45:15;790;0;16,50
2021-11-24 21:45:20;510;0;16,50
2021-11-24 21:45:25;510;0;16,50
2021-11-24 21:45:30;510;0;16,50
2021-11-24 21:45:35;510;0;16,50
2021-11-24 21:45:40;510;0;16,50
2021-11-24 21:45:45;510;0;16,50
2021-11-24 21:45:50;510;0;16,50
2021-11-24 21:45:55;490;0;16,50
2021-11-24 21:46:00;510;0;16,50
2021-11-24 21:46:05;520;0;16,50
2021-11-24 21:46:10;510;0;16,50
2021-11-24 21:46:15;520;0;16,50
2021-11-24 21:46:20;510;0;16,50
2021-11-24 21:46:25;510;0;16,50
2021-11-24 21:46:30;520;0;16,50
2021-11-24 21:46:35;520;0;16,50
2021-11-24 21:46:40;520;0;16,50
2021-11-24 21:46:45;500;0;16,50
2021-11-24 21:46:50;500;0;16,50
2021-11-24 21:46:55;500;0;16,50
2021-11-24 21:47:00;450;0;16,50
2021-11-24 21:47:05;460;0;16,50
2021-11-24 21:47:10;460;0;16,50
2021-11-24 21:47:15;460;0;16,50
2021-11-24 21:47:20;460;0;16,50
2021-11-24 21:47:25;460;0;16,50
2021-11-24 21:47:30;460;0;16,50
2021-11-24 21:47:35;460;0;16,50
2021-11-24 21:47:40;460;0;16,50
2021-11-24 21:47:45;450;0;16,50
2021-11-24 21:47:50;420;0;16,50
2021-11-24 21:47:55;430;0;16,50
2021-11-24 21:48:00;430;0;16,50
2021-11-24 21:48:05;420;0;16,50
2021-11-24 21:48:10;420;0;16,50
2021-11-24 21:48:15;420;0;16,50
2021-11-24 21:48:20;430;0;16,50
2021-11-24 21:48:25;420;0;16,50
2021-11-24 21:48:30;420;0;16,50
2021-11-24 21:48:35;430;0;16,50
2021-11-24 21:48:40;420;0;16,50
2021-11-24 21:48:45;420;0;16,50
2021-11-24 21:48:50;420;0;16,50
2021-11-24 21:48:55;420;0;16,50
2021-11-24 21:49:00;420;0;16,50
2021-11-24 21:49:05;420;0;16,50
2021-11-24 21:49:10;420;0;16,50
2021-11-24 21:49:15;420;0;16,50
2021-11-24 21:49:20;420;0;16,50
2021-11-24 21:49:25;420;0;16,50
2021-11-24 21:49:30;420;0;16,50
2021-11-24 21:49:35;420;0;16,50
2021-11-24 21:49:40;420;0;16,50
2021-11-24 21:49:45;440;0;16,50
2021-11-24 21:49:50;440;0;16,50
2021-11-24 21:49:55;440;0;16,50
2021-11-24 21:50:00;440;0;16,50
2021-11-24 21:50:05;440;0;16,50
2021-11-24 21:50:10;440;0;16,50
2021-11-24 21:50:15;440;0;16,50
2021-11-24 21:50:20;440;0;16,50
2021-11-24 21:50:25;440;0;16,50
2021-11-24 21:50:30;440;0;16,50
2021-11-24 21:50:35;440;0;16,50
2021-11-24 21:50:40;440;0;16,50
2021-11-24 21:50:45;440;0;16,50
2021-11-24 21:50:50;440;0;16,50
2021-11-24 21:50:55;440;0;16,50
2021-11-24 21:51:00;440;0;16,50
2021-11-24 21:51:05;440;0;16,25
2021-11-24 21:51:10;440;0;16,50
2021-11-24 21:51:15;440;0;16,25
2021-11-24 21:51:20;440;0;16,50
2021-11-24 21:51:25;440;0;16,50
2021-11-24 21:51:30;440;0;16,25
2021-11-24 21:51:35;440;0;16,50
2021-11-24 21:51:40;440;0;16,50
2021-11-24 21:51:45;430;0;16,50
2021-11-24 21:51:50;430;0;16,50
2021-11-24 21:51:55;440;0;16,50
2021-11-24 21:52:00;430;0;16,50
2021-11-24 21:52:05;430;0;16,50
2021-11-24 21:52:10;440;0;16,25
2021-11-24 21:52:15;440;0;16,50
2021-11-24 21:52:20;440;0;16,50
2021-11-24 21:52:25;440;0;16,50
2021-11-24 21:52:30;440;0;16,50
2021-11-24 21:52:35;440;0;16,50
2021-11-24 21:52:40;440;0;16,50
2021-11-24 21:52:45;440;0;16,50
2021-11-24 21:52:50;440;0;16,50
2021-11-24 21:52:55;440;0;16,50
2021-11-24 21:53:00;430;0;16,25
2021-11-24 21:53:05;430;0;16,50
2021-11-24 21:53:10;440;0;16,25
2021-11-24 21:53:15;440;0;16,25
2021-11-24 21:53:20;440;0;16,25
2021-11-24 21:53:25;430;0;16,50
2021-11-24 21:53:30;440;0;16,25
2021-11-24 21:53:35;440;0;16,25
2021-11-24 21:53:40;440;0;16,25
2021-11-24 21:53:45;440;0;16,25
2021-11-24 21:53:50;440;0;16,25
2021-11-24 21:53:55;440;0;16,50
2021-11-24 21:54:00;440;0;16,50
2021-11-24 21:54:05;440;0;16,25
2021-11-24 21:54:10;440;0;16,25
2021-11-24 21:54:15;440;0;16,25
2021-11-24 21:54:20;430;0;16,50
2021-11-24 21:54:25;430;0;16,50
2021-11-24 21:54:30;440;0;16,50
2021-11-24 21:54:35;440;0;16,50
2021-11-24 21:54:40;440;0;16,25
2021-11-24 21:54:45;440;0;16,50
2021-11-24 21:54:50;440;0;16,50
2021-11-24 21:54:55;440;0;16,25
2021-11-24 21:55:00;450;0;16,50
2021-11-24 21:55:05;450;0;16,25
2021-11-24 21:55:10;450;0;16,25
2021-11-24 21:55:15;440;0;16,25
2021-11-24 21:55:20;440;0;16,25
2021-11-24 21:55:25;440;0;16,25
2021-11-24 21:55:30;440;0;16,50
2021-11-24 21:55:35;440;0;16,25
2021-11-24 21:55:40;470;0;16,25
2021-11-24 21:55:45;870;0;16,50
2021-11-24 21:55:50;900;0;16,25
2021-11-24 21:55:55;890;0;16,25
2021-11-24 21:56:00;890;0;16,25
2021-11-24 21:56:05;890;0;16,25
2021-11-24 21:56:10;450;0;16,50
2021-11-24 21:56:15;440;0;16,25
2021-11-24 21:56:20;440;0;16,25
2021-11-24 21:56:25;440;0;16,25
2021-11-24 21:56:30;440;0;16,25
2021-11-24 21:56:35;450;0;16,25
2021-11-24 21:56:40;440;0;16,25
2021-11-24 21:56:45;440;0;16,25
2021-11-24 21:56:50;440;0;16,25
2021-11-24 21:56:55;440;0;16,50
2021-11-24 21:57:00;440;0;16,25
2021-11-24 21:57:05;440;0;16,25
2021-11-24 21:57:10;440;0;16,25
2021-11-24 21:57:15;440;0;16,25
2021-11-24 21:57:20;440;0;16,25
2021-11-24 21:57:25;440;0;16,25
2021-11-24 21:57:30;440;0;16,25
2021-11-24 21:57:35;440;0;16,25
2021-11-24 21:57:40;440;0;16,25
2021-11-24 21:57:45;440;0;16,25
2021-11-24 21:57:50;440;0;16,25
2021-11-24 21:57:55;440;0;16,25
2021-11-24 21:58:00;440;0;16,25
2021-11-24 21:58:05;440;0;16,25
2021-11-24 21:58:10;440;0;16,25
2021-11-24 21:58:15;440;0;16,25
2021-11-24 21:58:20;440;0;16,25
2021-11-24 21:58:25;440;0;16,25
2021-11-24 21:58:30;440;0;16,25
2021-11-24 21:58:35;440;0;16,25
2021-11-24 21:58:40;440;0;16,25
2021-11-24 21:58:45;440;0;16,25
2021-11-24 21:58:50;440;0;16,50
2021-11-24 21:58:55;440;0;16,25
2021-11-24 21:59:00;440;0;16,25
2021-11-24 21:59:05;440;0;16,25
2021-11-24 21:59:10;440;0;16,25
2021-11-24 21:59:15;440;0;16,25
2021-11-24 21:59:20;440;0;16,25
2021-11-24 21:59:25;440;0;16,25
2021-11-24 21:59:30;440;0;16,25
2021-11-24 21:59:35;440;0;16,25
2021-11-24 21:59:40;440;0;16,25
2021-11-24 21:59:45;440;0;16,25
2021-11-24 21:59:50;430;0;16,25
2021-11-24 21:59:55;440;0;16,25
2021-11-24 22:00:00;440;0;16,25
2021-11-24 22:00:05;440;0;16,25
2021-11-24 22:00:10;440;0;16,25
2021-11-24 22:00:15;440;0;16,25
2021-11-24 22:00:20;440;0;16,25
2021-11-24 22:00:25;440;0;16,25
2021-11-24 22:00:30;440;0;16,25
2021-11-24 22:00:35;410;0;16,25
2021-11-24 22:00:40;410;0;16,25
2021-11-24 22:00:45;410;0;16,25
2021-11-24 22:00:50;410;0;16,25
2021-11-24 22:00:55;410;0;16,25
2021-11-24 22:01:00;410;0;16,25
2021-11-24 22:01:05;410;0;16,25
2021-11-24 22:01:10;410;0;16,25
2021-11-24 22:01:15;410;0;16,25
2021-11-24 22:01:20;410;0;16,25
2021-11-24 22:01:25;410;0;16,25
2021-11-24 22:01:30;410;0;16,25
2021-11-24 22:01:35;410;0;16,25
2021-11-24 22:01:40;410;0;16,25
2021-11-24 22:01:45;410;0;16,25
2021-11-24 22:01:50;410;0;16,25
2021-11-24 22:01:55;410;0;16,25
2021-11-24 22:02:00;410;0;16,25
2021-11-24 22:02:05;410;0;16,25
2021-11-24 22:02:10;410;0;16,25
2021-11-24 22:02:15;410;0;16,25
2021-11-24 22:02:20;410;0;16,25
2021-11-24 22:02:25;410;0;16,25
2021-11-24 22:02:30;410;0;16,25
2021-11-24 22:02:35;410;0;16,25
2021-11-24 22:02:40;410;0;16,25
2021-11-24 22:02:45;410;0;16,25
2021-11-24 22:02:50;410;0;16,25
2021-11-24 22:02:55;410;0;16,25
2021-11-24 22:03:00;410;0;16,25
2021-11-24 22:03:05;390;0;16,25
2021-11-24 22:03:10;390;0;16,25
2021-11-24 22:03:15;390;0;16,25
2021-11-24 22:03:20;390;0;16,25
2021-11-24 22:03:25;390;0;16,25
2021-11-24 22:03:30;390;0;16,25
2021-11-24 22:03:35;390;0;16,25
2021-11-24 22:03:40;390;0;16,25
2021-11-24 22:03:45;390;0;16,25
2021-11-24 22:03:50;390;0;16,25
2021-11-24 22:03:55;390;0;16,25
2021-11-24 22:04:00;390;0;16,25
2021-11-24 22:04:05;390;0;16,25
2021-11-24 22:04:10;390;0;16,25
2021-11-24 22:04:15;390;0;16,25
2021-11-24 22:04:20;390;0;16,25
2021-11-24 22:04:25;390;0;16,25
2021-11-24 22:04:30;390;0;16,25
2021-11-24 22:04:35;390;0;16,25
2021-11-24 22:04:40;390;0;16,25
2021-11-24 22:04:45;390;0;16,25
2021-11-24 22:04:50;390;0;16,25
2021-11-24 22:04:55;390;0;16,25
2021-11-24 22:05:00;390;0;16,25
2021-11-24 22:05:05;390;0;16,25
2021-11-24 22:05:10;390;0;16,25
2021-11-24 22:05:15;390;0;16,25
2021-11-24 22:05:20;390;0;16,25
2021-11-24 22:05:25;390;0;16,25
2021-11-24 22:05:30;390;0;16,25
2021-11-24 22:05:35;390;0;16,25
2021-11-24 22:05:40;390;0;16,25
2021-11-24 22:05:45;390;0;16,25
2021-11-24 22:05:50;390;0;16,25
2021-11-24 22:05:55;390;0;16,25
2021-11-24 22:06:00;400;0;16,25
2021-11-24 22:06:05;390;0;16,50
2021-11-24 22:06:10;390;0;16,25
2021-11-24 22:06:15;390;0;16,25
2021-11-24 22:06:20;390;0;16,25
2021-11-24 22:06:25;390;0;16,25
2021-11-24 22:06:30;390;0;16,25
2021-11-24 22:06:35;720;0;16,25
2021-11-24 22:06:40;810;0;16,25
2021-11-24 22:06:45;820;0;16,25
2021-11-24 22:06:50;820;0;16,25
2021-11-24 22:06:55;820;0;16,25
2021-11-24 22:07:00;810;0;16,25
2021-11-24 22:07:05;390;0;16,25
2021-11-24 22:07:10;400;0;16,25
2021-11-24 22:07:15;390;0;16,25
2021-11-24 22:07:20;390;0;16,25
2021-11-24 22:07:25;390;0;16,25
2021-11-24 22:07:30;390;0;16,25
2021-11-24 22:07:35;390;0;16,25
2021-11-24 22:07:40;390;0;16,25
2021-11-24 22:07:45;390;0;16,25
2021-11-24 22:07:50;390;0;16,25
2021-11-24 22:07:55;390;0;16,25
2021-11-24 22:08:00;390;0;16,25
2021-11-24 22:08:05;390;0;16,25
2021-11-24 22:08:10;390;0;16,25
2021-11-24 22:08:15;390;0;16,25
2021-11-24 22:08:20;390;0;16,25
2021-11-24 22:08:25;390;0;16,25
2021-11-24 22:08:30;400;0;16,25
2021-11-24 22:08:35;390;0;16,25
2021-11-24 22:08:40;390;0;16,25
2021-11-24 22:08:45;390;0;16,25
2021-11-24 22:08:50;400;0;16,25
2021-11-24 22:08:55;390;0;16,25
2021-11-24 22:09:00;390;0;16,25
2021-11-24 22:09:05;400;0;16,25
2021-11-24 22:09:10;390;0;16,25
2021-11-24 22:09:15;390;0;16,25
2021-11-24 22:09:20;400;0;16,25
2021-11-24 22:09:25;400;0;16,25
2021-11-24 22:09:30;400;0;16,25
2021-11-24 22:09:35;400;0;16,25
2021-11-24 22:09:40;390;0;16,25
2021-11-24 22:09:45;400;0;16,25
2021-11-24 22:09:50;400;0;16,25
2021-11-24 22:09:55;400;0;16,25
2021-11-24 22:10:00;400;0;16,25
2021-11-24 22:10:05;400;0;16,25
2021-11-24 22:10:10;400;0;16,25
2021-11-24 22:10:15;400;0;16,25
2021-11-24 22:10:20;390;0;16,25
2021-11-24 22:10:25;400;0;16,25
2021-11-24 22:10:30;400;0;16,25
2021-11-24 22:10:35;390;0;16,25
2021-11-24 22:10:40;390;0;16,25
2021-11-24 22:10:45;400;0;16,25
2021-11-24 22:10:50;400;0;16,25
2021-11-24 22:10:55;400;0;16,25
2021-11-24 22:11:00;390;0;16,25
2021-11-24 22:11:05;400;0;16,25
2021-11-24 22:11:10;400;0;16,25
2021-11-24 22:11:15;400;0;16,25
2021-11-24 22:11:20;400;0;16,25
2021-11-24 22:11:25;400;0;16,25
2021-11-24 22:11:30;400;0;16,25
2021-11-24 22:11:35;390;0;16,25
2021-11-24 22:11:40;400;0;16,25
2021-11-24 22:11:45;400;0;16,25
2021-11-24 22:11:50;400;0;16,25
2021-11-24 22:11:55;390;0;16,25
2021-11-24 22:12:00;390;0;16,25
2021-11-24 22:12:05;400;0;16,25
2021-11-24 22:12:10;390;0;16,25
2021-11-24 22:12:15;400;0;16,25
2021-11-24 22:12:20;400;0;16,25
2021-11-24 22:12:25;400;0;16,25
2021-11-24 22:12:30;390;0;16,25
2021-11-24 22:12:35;390;0;16,25
2021-11-24 22:12:40;390;0;16,25
2021-11-24 22:12:45;390;0;16,25
2021-11-24 22:12:50;390;0;16,25
2021-11-24 22:12:55;390;0;16,25
2021-11-24 22:13:00;390;0;16,25
2021-11-24 22:13:05;390;0;16,25
2021-11-24 22:13:10;390;0;16,25
2021-11-24 22:13:15;390;0;16,25
2021-11-24 22:13:20;390;0;16,25
2021-11-24 22:13:25;390;0;16,25
2021-11-24 22:13:30;390;0;16,25
2021-11-24 22:13:35;390;0;16,25
2021-11-24 22:13:40;390;0;16,25
2021-11-24 22:13:45;390;0;16,25
2021-11-24 22:13:50;390;0;16,25
2021-11-24 22:13:55;390;0;16,25
2021-11-24 22:14:00;390;0;16,25
2021-11-24 22:14:05;390;0;16,25
2021-11-24 22:14:10;390;0;16,25
2021-11-24 22:14:15;390;0;16,25
2021-11-24 22:14:20;390;0;16,25
2021-11-24 22:14:25;390;0;16,25
2021-11-24 22:14:30;390;0;16,25
2021-11-24 22:14:35;390;0;16,25
2021-11-24 22:14:40;390;0;16,25
2021-11-24 22:14:45;390;0;16,25
2021-11-24 22:14:50;390;0;16,25
2021-11-24 22:14:55;390;0;16,50
2021-11-24 22:15:00;390;0;16,25
2021-11-24 22:15:05;390;0;16,25
2021-11-24 22:15:10;390;0;16,25
2021-11-24 22:15:15;390;0;16,25
2021-11-24 22:15:20;390;0;16,25
2021-11-24 22:15:25;390;0;16,25
2021-11-24 22:15:30;390;0;16,25
2021-11-24 22:15:35;390;0;16,25
2021-11-24 22:15:40;390;0;16,25
2021-11-24 22:15:45;390;0;16,25
2021-11-24 22:15:50;390;0;16,25
2021-11-24 22:15:55;390;0;16,25
2021-11-24 22:16:00;390;0;16,25
2021-11-24 22:16:05;390;0;16,25
2021-11-24 22:16:10;390;0;16,25
2021-11-24 22:16:15;390;0;16,25
2021-11-24 22:16:20;390;0;16,25
2021-11-24 22:16:25;390;0;16,25
2021-11-24 22:16:30;390;0;16,25
2021-11-24 22:16:35;390;0;16,25
2021-11-24 22:16:40;390;0;16,25
2021-11-24 22:16:45;400;0;16,25
2021-11-24 22:16:50;400;0;16,25
2021-11-24 22:16:55;390;0;16,25
2021-11-24 22:17:00;390;0;16,25
2021-11-24 22:17:05;390;0;16,25
2021-11-24 22:17:10;390;0;16,25
2021-11-24 22:17:15;390;0;16,25
2021-11-24 22:17:20;390;0;16,25
2021-11-24 22:17:25;390;0;16,25
2021-11-24 22:17:30;770;0;16,25
2021-11-24 22:17:35;810;0;16,25
2021-11-24 22:17:40;810;0;16,25
2021-11-24 22:17:45;820;0;16,25
2021-11-24 22:17:50;810;0;16,25
2021-11-24 22:17:55;810;0;16,25
2021-11-24 22:18:00;390;0;16,25
2021-11-24 22:18:05;390;0;16,25
2021-11-24 22:18:10;390;0;16,25
2021-11-24 22:18:15;390;0;16,25
2021-11-24 22:18:20;390;0;16,25
2021-11-24 22:18:25;390;0;16,25
2021-11-24 22:18:30;390;0;16,25
2021-11-24 22:18:35;390;0;16,25
2021-11-24 22:18:40;390;0;16,25
2021-11-24 22:18:45;390;0;16,25
2021-11-24 22:18:50;390;0;16,25
2021-11-24 22:18:55;390;0;16,25
2021-11-24 22:19:00;390;0;16,25
2021-11-24 22:19:05;390;0;16,25
2021-11-24 22:19:10;390;0;16,25
2021-11-24 22:19:15;390;0;16,25
2021-11-24 22:19:20;390;0;16,25
2021-11-24 22:19:25;390;0;16,25
2021-11-24 22:19:30;390;0;16,25
2021-11-24 22:19:35;390;0;16,25
2021-11-24 22:19:40;390;0;16,25
2021-11-24 22:19:45;390;0;16,25
2021-11-24 22:19:50;390;0;16,25
2021-11-24 22:19:55;390;0;16,25
2021-11-24 22:20:00;390;0;16,25
2021-11-24 22:20:05;390;0;16,25
2021-11-24 22:20:10;390;0;16,25
2021-11-24 22:20:15;390;0;16,25
2021-11-24 22:20:20;390;0;16,25
2021-11-24 22:20:25;390;0;16,25
2021-11-24 22:20:30;390;0;16,25
2021-11-24 22:20:35;390;0;16,25
2021-11-24 22:20:40;390;0;16,25
2021-11-24 22:20:45;390;0;16,25
2021-11-24 22:20:50;390;0;16,25
2021-11-24 22:20:55;390;0;16,25
2021-11-24 22:21:00;390;0;16,25
2021-11-24 22:21:05;390;0;16,25
2021-11-24 22:21:10;390;0;16,25
2021-11-24 22:21:15;390;0;16,25
2021-11-24 22:21:20;390;0;16,25
2021-11-24 22:21:25;390;0;16,25
2021-11-24 22:21:30;390;0;16,25
2021-11-24 22:21:35;390;0;16,25
2021-11-24 22:21:40;390;0;16,25
2021-11-24 22:21:45;390;0;16,25
2021-11-24 22:21:50;390;0;16,25
2021-11-24 22:21:55;390;0;16,25
2021-11-24 22:22:00;390;0;16,25
2021-11-24 22:22:05;390;0;16,25
2021-11-24 22:22:10;390;0;16,25
2021-11-24 22:22:15;390;0;16,25
2021-11-24 22:22:20;390;0;16,25
2021-11-24 22:22:25;390;0;16,25
2021-11-24 22:22:30;390;0;16,25
2021-11-24 22:22:35;390;0;16,25
2021-11-24 22:22:40;390;0;16,25
2021-11-24 22:22:45;390;0;16,25
2021-11-24 22:22:50;390;0;16,25
2021-11-24 22:22:55;390;0;16,25
2021-11-24 22:23:00;390;0;16,25
2021-11-24 22:23:05;390;0;16,25
2021-11-24 22:23:10;390;0;16,25
2021-11-24 22:23:15;390;0;16,25
2021-11-24 22:23:20;400;0;16,25
2021-11-24 22:23:25;390;0;16,25
2021-11-24 22:23:30;400;0;16,25
2021-11-24 22:23:35;390;0;16,25
2021-11-24 22:23:40;400;0;16,25
2021-11-24 22:23:45;390;0;16,25
2021-11-24 22:23:50;400;0;16,25
2021-11-24 22:23:55;390;0;16,25
2021-11-24 22:24:00;400;0;16,25
2021-11-24 22:24:05;390;0;16,25
2021-11-24 22:24:10;390;0;16,25
2021-11-24 22:24:15;390;0;16,25
2021-11-24 22:24:20;390;0;16,25
2021-11-24 22:24:25;390;0;16,25
2021-11-24 22:24:30;390;0;16,25
2021-11-24 22:24:35;390;0;16,25
2021-11-24 22:24:40;390;0;16,25
2021-11-24 22:24:45;400;0;16,25
2021-11-24 22:24:50;390;0;16,25
2021-11-24 22:24:55;390;0;16,25
2021-11-24 22:25:00;390;0;16,25
2021-11-24 22:25:05;390;0;16,25
2021-11-24 22:25:10;390;0;16,25
2021-11-24 22:25:15;390;0;16,25
2021-11-24 22:25:20;390;0;16,25
2021-11-24 22:25:25;390;0;16,25
2021-11-24 22:25:30;380;0;16,25
2021-11-24 22:25:35;390;0;16,25
2021-11-24 22:25:40;380;0;16,25
2021-11-24 22:25:45;390;0;16,25
2021-11-24 22:25:50;390;0;16,25
2021-11-24 22:25:55;390;0;16,25
2021-11-24 22:26:00;390;0;16,25
2021-11-24 22:26:05;390;0;16,25
2021-11-24 22:26:10;380;0;16,25
2021-11-24 22:26:15;380;0;16,25
2021-11-24 22:26:20;380;0;16,25
2021-11-24 22:26:25;390;0;16,25
2021-11-24 22:26:30;380;0;16,25
2021-11-24 22:26:35;390;0;16,25
2021-11-24 22:26:40;390;0;16,25
2021-11-24 22:26:45;380;0;16,25
2021-11-24 22:26:50;380;0;16,25
2021-11-24 22:26:55;380;0;16,25
2021-11-24 22:27:00;380;0;16,25
2021-11-24 22:27:05;380;0;16,25
2021-11-24 22:27:10;380;0;16,25
2021-11-24 22:27:15;380;0;16,25
2021-11-24 22:27:20;380;0;16,25
2021-11-24 22:27:25;380;0;16,25
2021-11-24 22:27:30;380;0;16,25
2021-11-24 22:27:35;380;0;16,25
2021-11-24 22:27:40;390;0;16,25
2021-11-24 22:27:45;390;0;16,25
2021-11-24 22:27:50;380;0;16,25
2021-11-24 22:27:55;390;0;16,25
2021-11-24 22:28:00;380;0;16,25
2021-11-24 22:28:05;380;0;16,25
2021-11-24 22:28:10;380;0;16,25
2021-11-24 22:28:15;380;0;16,25
2021-11-24 22:28:20;690;0;16,25
2021-11-24 22:28:25;800;0;16,25
2021-11-24 22:28:30;800;0;16,25
2021-11-24 22:28:35;800;0;16,25
2021-11-24 22:28:40;800;0;16,25
2021-11-24 22:28:45;810;0;16,25
2021-11-24 22:28:50;390;0;16,25
2021-11-24 22:28:55;390;0;16,25
2021-11-24 22:29:00;390;0;16,25
2021-11-24 22:29:05;390;0;16,25
2021-11-24 22:29:10;380;0;16,25
2021-11-24 22:29:15;390;0;16,25
2021-11-24 22:29:20;390;0;16,25
2021-11-24 22:29:25;390;0;16,25
2021-11-24 22:29:30;380;0;16,25
2021-11-24 22:29:35;380;0;16,25
2021-11-24 22:29:40;380;0;16,25
2021-11-24 22:29:45;380;0;16,25
2021-11-24 22:29:50;380;0;16,25
2021-11-24 22:29:55;380;0;16,25
2021-11-24 22:30:00;380;0;16,25
2021-11-24 22:30:05;370;0;16,25
2021-11-24 22:30:10;370;0;16,25
2021-11-24 22:30:15;370;0;16,25
2021-11-24 22:30:20;370;0;16,25
2021-11-24 22:30:25;370;0;16,25
2021-11-24 22:30:30;370;0;16,25
2021-11-24 22:30:35;370;0;16,25
2021-11-24 22:30:40;370;0;16,25
2021-11-24 22:30:45;370;0;16,25
2021-11-24 22:30:50;370;0;16,25
2021-11-24 22:30:55;370;0;16,25
2021-11-24 22:31:00;370;0;16,25
2021-11-24 22:31:05;370;0;16,25
2021-11-24 22:31:10;370;0;16,25
2021-11-24 22:31:15;370;0;16,25
2021-11-24 22:31:20;370;0;16,25
2021-11-24 22:31:25;370;0;16,25
2021-11-24 22:31:30;370;0;16,25
2021-11-24 22:31:35;370;0;16,25
2021-11-24 22:31:40;370;0;16,25
2021-11-24 22:31:45;370;0;16,25
2021-11-24 22:31:50;370;0;16,25
2021-11-24 22:31:55;370;0;16,25
2021-11-24 22:32:00;370;0;16,25
2021-11-24 22:32:05;370;0;16,25
2021-11-24 22:32:10;370;0;16,25
2021-11-24 22:32:15;370;0;16,25
2021-11-24 22:32:20;370;0;16,25
2021-11-24 22:32:25;370;0;16,25
2021-11-24 22:32:30;370;0;16,25
2021-11-24 22:32:35;370;0;16,25
2021-11-24 22:32:40;370;0;16,25
2021-11-24 22:32:45;370;0;16,25
2021-11-24 22:32:50;370;0;16,25
2021-11-24 22:32:55;370;0;16,25
2021-11-24 22:33:00;370;0;16,25
2021-11-24 22:33:05;370;0;16,25
2021-11-24 22:33:10;370;0;16,25
2021-11-24 22:33:15;370;0;16,25
2021-11-24 22:33:20;370;0;16,25
2021-11-24 22:33:25;370;0;16,25
2021-11-24 22:33:30;370;0;16,25
2021-11-24 22:33:35;370;0;16,25
2021-11-24 22:33:40;370;0;16,25
2021-11-24 22:33:45;370;0;16,25
2021-11-24 22:33:50;370;0;16,25
2021-11-24 22:33:55;370;0;16,25
2021-11-24 22:34:00;370;0;16,25
2021-11-24 22:34:05;370;0;16,25
2021-11-24 22:34:10;370;0;16,25
2021-11-24 22:34:15;370;0;16,25
2021-11-24 22:34:20;370;0;16,25
2021-11-24 22:34:25;370;0;16,25
2021-11-24 22:34:30;370;0;16,25
2021-11-24 22:34:35;370;0;16,25
2021-11-24 22:34:40;370;0;16,25
2021-11-24 22:34:45;370;0;16,25
2021-11-24 22:34:50;370;0;16,25
2021-11-24 22:34:55;370;0;16,25
2021-11-24 22:35:00;360;0;16,25
2021-11-24 22:35:05;370;0;16,25
2021-11-24 22:35:10;370;0;16,25
2021-11-24 22:35:15;370;0;16,25
2021-11-24 22:35:20;370;0;16,25
2021-11-24 22:35:25;370;0;16,25
2021-11-24 22:35:30;370;0;16,25
2021-11-24 22:35:35;370;0;16,25
2021-11-24 22:35:40;370;0;16,25
2021-11-24 22:35:45;370;0;16,25
2021-11-24 22:35:50;370;0;16,25
2021-11-24 22:35:55;370;0;16,25
2021-11-24 22:36:00;370;0;16,25
2021-11-24 22:36:05;370;0;16,25
2021-11-24 22:36:10;370;0;16,25
2021-11-24 22:36:15;370;0;16,25
2021-11-24 22:36:20;370;0;16,25
2021-11-24 22:36:25;370;0;16,25
2021-11-24 22:36:30;370;0;16,25
2021-11-24 22:36:35;370;0;16,25
2021-11-24 22:36:40;370;0;16,25
2021-11-24 22:36:45;370;0;16,25
2021-11-24 22:36:50;370;0;16,25
2021-11-24 22:36:55;370;0;16,25
2021-11-24 22:37:00;370;0;16,25
2021-11-24 22:37:05;370;0;16,25
2021-11-24 22:37:10;370;0;16,25
2021-11-24 22:37:15;370;0;16,25
2021-11-24 22:37:20;370;0;16,25
2021-11-24 22:37:25;370;0;16,25
2021-11-24 22:37:30;370;0;16,25
2021-11-24 22:37:35;370;0;16,25
2021-11-24 22:37:40;370;0;16,25
2021-11-24 22:37:45;370;0;16,25
2021-11-24 22:37:50;370;0;16,25
2021-11-24 22:37:55;370;0;16,25
2021-11-24 22:38:00;370;0;16,25
2021-11-24 22:38:05;370;0;16,25
2021-11-24 22:38:10;370;0;16,25
2021-11-24 22:38:15;370;0;16,25
2021-11-24 22:38:20;370;0;16,25
2021-11-24 22:38:25;370;0;16,25
2021-11-24 22:38:30;370;0;16,25
2021-11-24 22:38:35;370;0;16,25
2021-11-24 22:38:40;370;0;16,25
2021-11-24 22:38:45;370;0;16,25
2021-11-24 22:38:50;370;0;16,25
2021-11-24 22:38:55;370;0;16,25
2021-11-24 22:39:00;370;0;16,25
2021-11-24 22:39:05;370;0;16,25
2021-11-24 22:39:10;740;0;16,25
2021-11-24 22:39:15;780;0;16,25
2021-11-24 22:39:20;780;0;16,25
2021-11-24 22:39:25;770;0;16,25
2021-11-24 22:39:30;770;0;16,25
2021-11-24 22:39:35;770;0;16,25
2021-11-24 22:39:40;370;0;16,25
2021-11-24 22:39:45;370;0;16,25
2021-11-24 22:39:50;370;0;16,25
2021-11-24 22:39:55;370;0;16,25
2021-11-24 22:40:00;370;0;16,25
2021-11-24 22:40:05;370;0;16,25
2021-11-24 22:40:10;370;0;16,25
2021-11-24 22:40:15;370;0;16,25
2021-11-24 22:40:20;370;0;16,25
2021-11-24 22:40:25;370;0;16,25
2021-11-24 22:40:30;370;0;16,25
2021-11-24 22:40:35;370;0;16,25
2021-11-24 22:40:40;370;0;16,25
2021-11-24 22:40:45;370;0;16,25
2021-11-24 22:40:50;370;0;16,25
2021-11-24 22:40:55;370;0;16,25
2021-11-24 22:41:00;370;0;16,25
2021-11-24 22:41:05;370;0;16,25
2021-11-24 22:41:10;370;0;16,25
2021-11-24 22:41:15;370;0;16,25
2021-11-24 22:41:20;370;0;16,25
2021-11-24 22:41:25;370;0;16,25
2021-11-24 22:41:30;370;0;16,25
2021-11-24 22:41:35;370;0;16,25
2021-11-24 22:41:40;370;0;16,25
2021-11-24 22:41:45;370;0;16,25
2021-11-24 22:41:50;370;0;16,25
2021-11-24 22:41:55;370;0;16,25
2021-11-24 22:42:00;370;0;16,25
2021-11-24 22:42:05;380;0;16,25
2021-11-24 22:42:10;370;0;16,25
2021-11-24 22:42:15;370;0;16,25
2021-11-24 22:42:20;370;0;16,25
2021-11-24 22:42:25;370;0;16,25
2021-11-24 22:42:30;370;0;16,25
2021-11-24 22:42:35;380;0;16,25
2021-11-24 22:42:40;370;0;16,25
2021-11-24 22:42:45;410;0;16,25
2021-11-24 22:42:50;410;0;16,25
2021-11-24 22:42:55;420;0;16,25
2021-11-24 22:43:00;420;0;16,25
2021-11-24 22:43:05;410;0;16,25
2021-11-24 22:43:10;420;0;16,25
2021-11-24 22:43:15;410;0;16,25
2021-11-24 22:43:20;420;0;16,25
2021-11-24 22:43:25;410;0;16,25
2021-11-24 22:43:30;410;0;16,25
2021-11-24 22:43:35;410;0;16,25
2021-11-24 22:43:40;400;0;16,25
2021-11-24 22:43:45;400;0;16,25
2021-11-24 22:43:50;410;0;16,25
2021-11-24 22:43:55;400;0;16,25
2021-11-24 22:44:00;410;0;16,25
2021-11-24 22:44:05;410;0;16,25
2021-11-24 22:44:10;410;0;16,25
2021-11-24 22:44:15;410;0;16,25
2021-11-24 22:44:20;400;0;16,25
2021-11-24 22:44:25;410;0;16,25
2021-11-24 22:44:30;410;0;16,25
2021-11-24 22:44:35;410;0;16,25
2021-11-24 22:44:40;410;0;16,25
2021-11-24 22:44:45;410;0;16,25
2021-11-24 22:44:50;410;0;16,25
2021-11-24 22:44:55;410;0;16,25
2021-11-24 22:45:00;410;0;16,25
2021-11-24 22:45:05;410;0;16,25
2021-11-24 22:45:10;410;0;16,25
2021-11-24 22:45:15;410;0;16,25
2021-11-24 22:45:20;410;0;16,25
2021-11-24 22:45:25;410;0;16,25
2021-11-24 22:45:30;410;0;16,25
2021-11-24 22:45:35;410;0;16,00
2021-11-24 22:45:40;410;0;16,25
2021-11-24 22:45:45;410;0;16,25
2021-11-24 22:45:50;410;0;16,25
2021-11-24 22:45:55;410;0;16,25
2021-11-24 22:46:00;410;0;16,25
2021-11-24 22:46:05;410;0;16,25
2021-11-24 22:46:10;410;0;16,25
2021-11-24 22:46:15;410;0;16,00
2021-11-24 22:46:20;410;0;16,25
2021-11-24 22:46:25;410;0;16,00
2021-11-24 22:46:30;410;0;16,25
2021-11-24 22:46:35;410;0;16,25
2021-11-24 22:46:40;410;0;16,25
2021-11-24 22:46:45;410;0;16,00
2021-11-24 22:46:50;410;0;16,00
2021-11-24 22:46:55;410;0;16,25
2021-11-24 22:47:00;410;0;16,25
2021-11-24 22:47:05;410;0;16,25
2021-11-24 22:47:10;410;0;16,25
2021-11-24 22:47:15;410;0;16,00
2021-11-24 22:47:20;410;0;16,25
2021-11-24 22:47:25;410;0;16,00
2021-11-24 22:47:30;410;0;16,00
2021-11-24 22:47:35;410;0;16,25
2021-11-24 22:47:40;410;0;16,25
2021-11-24 22:47:45;410;0;16,00
2021-11-24 22:47:50;410;0;16,00
2021-11-24 22:47:55;410;0;16,25
2021-11-24 22:48:00;420;0;16,00
2021-11-24 22:48:05;420;0;16,00
2021-11-24 22:48:10;420;0;16,00
2021-11-24 22:48:15;420;0;16,25
2021-11-24 22:48:20;410;0;16,00
2021-11-24 22:48:25;420;0;16,25
2021-11-24 22:48:30;420;0;16,00
2021-11-24 22:48:35;410;0;16,00
2021-11-24 22:48:40;410;0;16,00
2021-11-24 22:48:45;410;0;16,25
2021-11-24 22:48:50;410;0;16,00
2021-11-24 22:48:55;410;0;16,00
2021-11-24 22:49:00;400;0;16,00
2021-11-24 22:49:05;410;0;16,00
2021-11-24 22:49:10;410;0;16,00
2021-11-24 22:49:15;400;0;16,00
2021-11-24 22:49:20;400;0;16,00
2021-11-24 22:49:25;410;0;16,00
2021-11-24 22:49:30;410;0;16,00
2021-11-24 22:49:35;410;0;16,00
2021-11-24 22:49:40;410;0;16,25
2021-11-24 22:49:45;400;0;16,00
2021-11-24 22:49:50;450;0;16,00
2021-11-24 22:49:55;980;0;16,00
2021-11-24 22:50:00;880;0;16,25
2021-11-24 22:50:05;910;0;16,25
2021-11-24 22:50:10;920;0;16,00
2021-11-24 22:50:15;910;0;16,00
2021-11-24 22:50:20;910;0;16,00
2021-11-24 22:50:25;900;0;16,00
2021-11-24 22:50:30;450;0;16,00
2021-11-24 22:50:35;440;0;16,00
2021-11-24 22:50:40;440;0;16,00
2021-11-24 22:50:45;440;0;16,00
2021-11-24 22:50:50;450;0;16,00
2021-11-24 22:50:55;450;0;16,00
2021-11-24 22:51:00;450;0;16,00
2021-11-24 22:51:05;440;0;16,00
2021-11-24 22:51:10;440;0;16,00
2021-11-24 22:51:15;440;0;16,00
2021-11-24 22:51:20;440;0;16,00
2021-11-24 22:51:25;440;0;16,00
2021-11-24 22:51:30;440;0;16,00
2021-11-24 22:51:35;440;0;16,00
2021-11-24 22:51:40;440;0;16,00
2021-11-24 22:51:45;440;0;16,00
2021-11-24 22:51:50;440;0;16,00
2021-11-24 22:51:55;440;0;16,25
2021-11-24 22:52:00;440;0;16,00
2021-11-24 22:52:05;440;0;16,00
2021-11-24 22:52:10;440;0;16,00
2021-11-24 22:52:15;440;0;16,00
2021-11-24 22:52:20;440;0;16,00
2021-11-24 22:52:25;440;0;16,00
2021-11-24 22:52:30;440;0;16,00
2021-11-24 22:52:35;440;0;16,00
2021-11-24 22:52:40;440;0;16,00
2021-11-24 22:52:45;440;0;16,00
2021-11-24 22:52:50;440;0;16,00
2021-11-24 22:52:55;440;0;16,00
2021-11-24 22:53:00;430;0;16,00
2021-11-24 22:53:05;440;0;16,00
2021-11-24 22:53:10;440;0;16,00
2021-11-24 22:53:15;440;0;16,00
2021-11-24 22:53:20;440;0;16,00
2021-11-24 22:53:25;440;0;16,00
2021-11-24 22:53:30;440;0;16,00
2021-11-24 22:53:35;440;0;16,00
2021-11-24 22:53:40;440;0;16,00
2021-11-24 22:53:45;440;0;16,00
2021-11-24 22:53:50;450;0;16,00
2021-11-24 22:53:55;440;0;16,00
2021-11-24 22:54:00;440;0;16,00
2021-11-24 22:54:05;440;0;16,00
2021-11-24 22:54:10;440;0;16,00
2021-11-24 22:54:15;440;0;16,00
2021-11-24 22:54:20;440;0;16,00
2021-11-24 22:54:25;440;0;16,00
2021-11-24 22:54:30;440;0;16,00
2021-11-24 22:54:35;440;0;16,00
2021-11-24 22:54:40;440;0;16,00
2021-11-24 22:54:45;440;0;16,00
2021-11-24 22:54:50;440;0;16,00
2021-11-24 22:54:55;440;0;16,00
2021-11-24 22:55:00;440;0;16,00
2021-11-24 22:55:05;440;0;16,00
2021-11-24 22:55:10;440;0;16,00
2021-11-24 22:55:15;440;0;16,00
2021-11-24 22:55:20;440;0;16,00
2021-11-24 22:55:25;440;0;16,00
2021-11-24 22:55:30;440;0;16,00
2021-11-24 22:55:35;440;0;16,00
2021-11-24 22:55:40;440;0;16,00
2021-11-24 22:55:45;450;0;16,00
2021-11-24 22:55:50;440;0;16,00
2021-11-24 22:55:55;440;0;16,00
2021-11-24 22:56:00;440;0;16,00
2021-11-24 22:56:05;450;0;16,00
2021-11-24 22:56:10;450;0;16,00
2021-11-24 22:56:15;440;0;16,00
2021-11-24 22:56:20;440;0;16,00
2021-11-24 22:56:25;440;0;16,00
2021-11-24 22:56:30;440;0;16,00
2021-11-24 22:56:35;440;0;16,00
2021-11-24 22:56:40;440;0;16,00
2021-11-24 22:56:45;440;0;16,00
2021-11-24 22:56:50;440;0;16,00
2021-11-24 22:56:55;440;0;16,00
2021-11-24 22:57:00;440;0;16,00
2021-11-24 22:57:05;440;0;16,00
2021-11-24 22:57:10;440;0;16,00
2021-11-24 22:57:15;440;0;16,00
2021-11-24 22:57:20;440;0;16,00
2021-11-24 22:57:25;440;0;16,00
2021-11-24 22:57:30;440;0;16,00
2021-11-24 22:57:35;440;0;16,00
2021-11-24 22:57:40;440;0;16,00
2021-11-24 22:57:45;440;0;16,00
2021-11-24 22:57:50;440;0;16,00
2021-11-24 22:57:55;440;0;16,00
2021-11-24 22:58:00;440;0;16,00
2021-11-24 22:58:05;440;0;16,00
2021-11-24 22:58:10;440;0;16,00
2021-11-24 22:58:15;440;0;16,00
2021-11-24 22:58:20;440;0;16,00
2021-11-24 22:58:25;440;0;16,00
2021-11-24 22:58:30;440;0;16,00
2021-11-24 22:58:35;440;0;16,00
2021-11-24 22:58:40;440;0;16,00
2021-11-24 22:58:45;440;0;16,00
2021-11-24 22:58:50;440;0;16,00
2021-11-24 22:58:55;440;0;16,00
2021-11-24 22:59:00;440;0;16,00
2021-11-24 22:59:05;440;0;16,00
2021-11-24 22:59:10;440;0;16,00
2021-11-24 22:59:15;440;0;16,00
2021-11-24 22:59:20;440;0;16,00
2021-11-24 22:59:25;410;0;16,00
2021-11-24 22:59:30;400;0;16,00
2021-11-24 22:59:35;400;0;16,00
2021-11-24 22:59:40;400;0;16,00
2021-11-24 22:59:45;400;0;16,00
2021-11-24 22:59:50;400;0;16,00
2021-11-24 22:59:55;400;0;16,00
2021-11-24 23:00:00;400;0;16,00
2021-11-24 23:00:05;400;0;16,00
2021-11-24 23:00:10;400;0;16,00
2021-11-24 23:00:15;400;0;16,00
2021-11-24 23:00:20;400;0;16,00
2021-11-24 23:00:25;400;0;16,00
2021-11-24 23:00:30;400;0;16,00
2021-11-24 23:00:35;400;0;16,00
2021-11-24 23:00:40;400;0;16,00
2021-11-24 23:00:45;760;0;16,00
2021-11-24 23:00:50;860;0;16,00
2021-11-24 23:00:55;840;0;16,00
2021-11-24 23:01:00;850;0;16,00
2021-11-24 23:01:05;840;0;16,00
2021-11-24 23:01:10;850;0;16,00
2021-11-24 23:01:15;400;0;16,00
2021-11-24 23:01:20;400;0;16,00
2021-11-24 23:01:25;400;0;16,00
2021-11-24 23:01:30;400;0;16,00
2021-11-24 23:01:35;400;0;16,00
2021-11-24 23:01:40;390;0;16,00
2021-11-24 23:01:45;400;0;16,00
2021-11-24 23:01:50;400;0;16,00
2021-11-24 23:01:55;400;0;16,00
2021-11-24 23:02:00;400;0;16,00
2021-11-24 23:02:05;400;0;16,00
2021-11-24 23:02:10;400;0;16,00
2021-11-24 23:02:15;400;0;16,00
2021-11-24 23:02:20;390;0;16,00
2021-11-24 23:02:25;400;0;16,00
2021-11-24 23:02:30;400;0;16,00
2021-11-24 23:02:35;400;0;16,00
2021-11-24 23:02:40;400;0;16,00
2021-11-24 23:02:45;400;0;16,00
2021-11-24 23:02:50;400;0;16,00
2021-11-24 23:02:55;400;0;16,00
2021-11-24 23:03:00;400;0;16,00
2021-11-24 23:03:05;400;0;16,00
2021-11-24 23:03:10;400;0;16,00
2021-11-24 23:03:15;400;0;16,00
2021-11-24 23:03:20;400;0;16,00
2021-11-24 23:03:25;400;0;16,00
2021-11-24 23:03:30;370;0;16,00
2021-11-24 23:03:35;370;0;16,00
2021-11-24 23:03:40;370;0;16,00
2021-11-24 23:03:45;370;0;16,00
2021-11-24 23:03:50;370;0;16,00
2021-11-24 23:03:55;370;0;16,00
2021-11-24 23:04:00;370;0;16,00
2021-11-24 23:04:05;370;0;16,00
2021-11-24 23:04:10;370;0;16,00
2021-11-24 23:04:15;370;0;16,00
2021-11-24 23:04:20;370;0;16,00
2021-11-24 23:04:25;370;0;16,00
2021-11-24 23:04:30;370;0;16,00
2021-11-24 23:04:35;370;0;16,00
2021-11-24 23:04:40;370;0;16,00
2021-11-24 23:04:45;370;0;16,00
2021-11-24 23:04:50;370;0;16,00
2021-11-24 23:04:55;370;0;16,00
2021-11-24 23:05:00;370;0;16,00
2021-11-24 23:05:05;370;0;16,00
2021-11-24 23:05:10;370;0;16,00
2021-11-24 23:05:15;370;0;16,00
2021-11-24 23:05:20;370;0;16,00
2021-11-24 23:05:25;370;0;16,00
2021-11-24 23:05:30;370;0;16,00
2021-11-24 23:05:35;370;0;16,00
2021-11-24 23:05:40;380;0;16,00
2021-11-24 23:05:45;370;0;16,00
2021-11-24 23:05:50;370;0;16,00
2021-11-24 23:05:55;370;0;16,00
2021-11-24 23:06:00;370;0;16,00
2021-11-24 23:06:05;370;0;16,00
2021-11-24 23:06:10;370;0;16,00
2021-11-24 23:06:15;370;0;16,00
2021-11-24 23:06:20;370;0;16,00
2021-11-24 23:06:25;370;0;16,00
2021-11-24 23:06:30;370;0;16,00
2021-11-24 23:06:35;370;0;16,00
2021-11-24 23:06:40;370;0;16,00
2021-11-24 23:06:45;370;0;16,00
2021-11-24 23:06:50;370;0;16,00
2021-11-24 23:06:55;370;0;16,00
2021-11-24 23:07:00;370;0;16,00
2021-11-24 23:07:05;370;0;16,00
2021-11-24 23:07:10;370;0;16,00
2021-11-24 23:07:15;370;0;16,00
2021-11-24 23:07:20;370;0;16,00
2021-11-24 23:07:25;370;0;16,00
2021-11-24 23:07:30;370;0;16,00
2021-11-24 23:07:35;370;0;16,00
2021-11-24 23:07:40;370;0;16,00
2021-11-24 23:07:45;370;0;16,00
2021-11-24 23:07:50;370;0;16,00
2021-11-24 23:07:55;370;0;16,00
2021-11-24 23:08:00;380;0;16,00
2021-11-24 23:08:05;380;0;16,00
2021-11-24 23:08:10;370;0;16,00
2021-11-24 23:08:15;380;0;16,00
2021-11-24 23:08:20;380;0;16,00
2021-11-24 23:08:25;380;0;16,00
2021-11-24 23:08:30;380;0;16,00
2021-11-24 23:08:35;380;0;16,00
2021-11-24 23:08:40;380;0;16,00
2021-11-24 23:08:45;380;0;16,00
2021-11-24 23:08:50;370;0;16,00
2021-11-24 23:08:55;380;0;16,00
2021-11-24 23:09:00;370;0;16,00
2021-11-24 23:09:05;370;0;16,00
2021-11-24 23:09:10;370;0;16,00
2021-11-24 23:09:15;370;0;16,00
2021-11-24 23:09:20;370;0;16,00
2021-11-24 23:09:25;370;0;16,00
2021-11-24 23:09:30;370;0;16,00
2021-11-24 23:09:35;380;0;16,00
2021-11-24 23:09:40;380;0;16,00
2021-11-24 23:09:45;380;0;16,00
2021-11-24 23:09:50;380;0;16,00
2021-11-24 23:09:55;370;0;16,00
2021-11-24 23:10:00;380;0;16,00
2021-11-24 23:10:05;380;0;16,00
2021-11-24 23:10:10;380;0;16,00
2021-11-24 23:10:15;370;0;16,00
2021-11-24 23:10:20;380;0;16,00
2021-11-24 23:10:25;380;0;16,00
2021-11-24 23:10:30;370;0;16,00
2021-11-24 23:10:35;380;0;16,00
2021-11-24 23:10:40;370;0;16,00
2021-11-24 23:10:45;380;0;16,00
2021-11-24 23:10:50;370;0;16,00
2021-11-24 23:10:55;380;0;16,00
2021-11-24 23:11:00;380;0;16,00
2021-11-24 23:11:05;380;0;16,00
2021-11-24 23:11:10;370;0;16,00
2021-11-24 23:11:15;380;0;16,00
2021-11-24 23:11:20;380;0;16,00
2021-11-24 23:11:25;380;0;16,00
2021-11-24 23:11:30;720;0;16,00
2021-11-24 23:11:35;790;0;16,00
2021-11-24 23:11:40;780;0;16,00
2021-11-24 23:11:45;780;0;16,00
2021-11-24 23:11:50;780;0;16,00
2021-11-24 23:11:55;780;0;16,00
2021-11-24 23:12:00;370;0;16,00
2021-11-24 23:12:05;370;0;16,00
2021-11-24 23:12:10;370;0;16,00
2021-11-24 23:12:15;370;0;16,00
2021-11-24 23:12:20;370;0;16,00
2021-11-24 23:12:25;370;0;16,00
2021-11-24 23:12:30;370;0;16,00
2021-11-24 23:12:35;370;0;16,00
2021-11-24 23:12:40;380;0;16,00
2021-11-24 23:12:45;370;0;16,00
2021-11-24 23:12:50;370;0;16,00
2021-11-24 23:12:55;370;0;16,00
2021-11-24 23:13:00;370;0;16,00
2021-11-24 23:13:05;370;0;16,00
2021-11-24 23:13:10;370;0;16,00
2021-11-24 23:13:15;370;0;16,00
2021-11-24 23:13:20;380;0;16,00
2021-11-24 23:13:25;370;0;16,00
2021-11-24 23:13:30;370;0;16,00
2021-11-24 23:13:35;370;0;16,00
2021-11-24 23:13:40;370;0;16,00
2021-11-24 23:13:45;370;0;16,00
2021-11-24 23:13:50;370;0;16,00
2021-11-24 23:13:55;370;0;16,00
2021-11-24 23:14:00;370;0;16,00
2021-11-24 23:14:05;380;0;16,00
2021-11-24 23:14:10;370;0;16,00
2021-11-24 23:14:15;370;0;16,00
2021-11-24 23:14:20;370;0;16,00
2021-11-24 23:14:25;370;0;16,00
2021-11-24 23:14:30;370;0;16,00
2021-11-24 23:14:35;370;0;16,00
2021-11-24 23:14:40;380;0;16,00
2021-11-24 23:14:45;380;0;16,00
2021-11-24 23:14:50;380;0;16,00
2021-11-24 23:14:55;380;0;16,00
2021-11-24 23:15:00;370;0;16,00
2021-11-24 23:15:05;370;0;16,00
2021-11-24 23:15:10;360;0;16,00
2021-11-24 23:15:15;370;0;16,00
2021-11-24 23:15:20;370;0;16,00
2021-11-24 23:15:25;370;0;16,00
2021-11-24 23:15:30;370;0;16,00
2021-11-24 23:15:35;370;0;16,00
2021-11-24 23:15:40;370;0;16,00
2021-11-24 23:15:45;370;0;16,00
2021-11-24 23:15:50;370;0;16,00
2021-11-24 23:15:55;370;0;16,00
2021-11-24 23:16:00;370;0;16,00
2021-11-24 23:16:05;370;0;16,00
2021-11-24 23:16:10;370;0;16,00
2021-11-24 23:16:15;370;0;16,00
2021-11-24 23:16:20;370;0;16,00
2021-11-24 23:16:25;370;0;16,00
2021-11-24 23:16:30;370;0;16,00
2021-11-24 23:16:35;370;0;16,00
2021-11-24 23:16:40;370;0;16,00
2021-11-24 23:16:45;380;0;16,00
2021-11-24 23:16:50;370;0;16,00
2021-11-24 23:16:55;370;0;16,00
2021-11-24 23:17:00;370;0;16,00
2021-11-24 23:17:05;370;0;16,00
2021-11-24 23:17:10;370;0;16,00
2021-11-24 23:17:15;370;0;16,00
2021-11-24 23:17:20;370;0;16,00
2021-11-24 23:17:25;370;0;16,00
2021-11-24 23:17:30;370;0;16,00
2021-11-24 23:17:35;380;0;16,00
2021-11-24 23:17:40;370;0;16,00
2021-11-24 23:17:45;380;0;16,00
2021-11-24 23:17:50;370;0;16,00
2021-11-24 23:17:55;380;0;16,00
2021-11-24 23:18:00;380;0;16,00
2021-11-24 23:18:05;380;0;16,00
2021-11-24 23:18:10;370;0;16,00
2021-11-24 23:18:15;380;0;16,00
2021-11-24 23:18:20;380;0;16,00
2021-11-24 23:18:25;370;0;16,00
2021-11-24 23:18:30;370;0;16,00
2021-11-24 23:18:35;370;0;16,00
2021-11-24 23:18:40;370;0;16,00
2021-11-24 23:18:45;380;0;16,00
2021-11-24 23:18:50;380;0;16,00
2021-11-24 23:18:55;380;0;16,00
2021-11-24 23:19:00;380;0;16,00
2021-11-24 23:19:05;380;0;16,00
2021-11-24 23:19:10;370;0;16,00
2021-11-24 23:19:15;370;0;16,00
2021-11-24 23:19:20;380;0;16,00
2021-11-24 23:19:25;380;0;16,00
2021-11-24 23:19:30;380;0;16,00
2021-11-24 23:19:35;380;0;16,00
2021-11-24 23:19:40;380;0;16,00
2021-11-24 23:19:45;380;0;16,00
2021-11-24 23:19:50;380;0;16,00
2021-11-24 23:19:55;380;0;16,00
2021-11-24 23:20:00;380;0;16,00
2021-11-24 23:20:05;380;0;16,00
2021-11-24 23:20:10;370;0;16,00
2021-11-24 23:20:15;380;0;16,00
2021-11-24 23:20:20;380;0;16,00
2021-11-24 23:20:25;380;0;16,00
2021-11-24 23:20:30;370;0;16,00
2021-11-24 23:20:35;380;0;16,00
2021-11-24 23:20:40;380;0;16,00
2021-11-24 23:20:45;380;0;16,00
2021-11-24 23:20:50;380;0;16,00
2021-11-24 23:20:55;380;0;16,00
2021-11-24 23:21:00;380;0;16,00
2021-11-24 23:21:05;380;0;16,00
2021-11-24 23:21:10;380;0;16,00
2021-11-24 23:21:15;380;0;16,00
2021-11-24 23:21:20;380;0;16,00
2021-11-24 23:21:25;380;0;16,00
2021-11-24 23:21:30;380;0;16,00
2021-11-24 23:21:35;380;0;16,00
2021-11-24 23:21:40;380;0;16,00
2021-11-24 23:21:45;380;0;16,00
2021-11-24 23:21:50;380;0;16,00
2021-11-24 23:21:55;380;0;16,00
2021-11-24 23:22:00;380;0;16,00
2021-11-24 23:22:05;380;0;16,00
2021-11-24 23:22:10;380;0;16,00
2021-11-24 23:22:15;720;0;16,00
2021-11-24 23:22:20;790;0;16,00
2021-11-24 23:22:25;790;0;16,00
2021-11-24 23:22:30;790;0;16,00
2021-11-24 23:22:35;790;0;16,00
2021-11-24 23:22:40;790;0;16,00
2021-11-24 23:22:45;370;0;16,00
2021-11-24 23:22:50;380;0;16,00
2021-11-24 23:22:55;380;0;16,00
2021-11-24 23:23:00;380;0;16,00
2021-11-24 23:23:05;380;0;16,00
2021-11-24 23:23:10;380;0;16,00
2021-11-24 23:23:15;380;0;16,00
2021-11-24 23:23:20;380;0;16,00
2021-11-24 23:23:25;380;0;16,00
2021-11-24 23:23:30;380;0;16,00
2021-11-24 23:23:35;380;0;16,00
2021-11-24 23:23:40;380;0;16,00
2021-11-24 23:23:45;380;0;16,00
2021-11-24 23:23:50;380;0;16,00
2021-11-24 23:23:55;380;0;16,00
2021-11-24 23:24:00;380;0;16,00
2021-11-24 23:24:05;380;0;16,00
2021-11-24 23:24:10;380;0;16,00
2021-11-24 23:24:15;380;0;16,00
2021-11-24 23:24:20;380;0;16,00
2021-11-24 23:24:25;380;0;16,00
2021-11-24 23:24:30;380;0;16,00
2021-11-24 23:24:35;370;0;16,00
2021-11-24 23:24:40;370;0;16,00
2021-11-24 23:24:45;370;0;16,00
2021-11-24 23:24:50;370;0;16,00
2021-11-24 23:24:55;370;0;16,00
2021-11-24 23:25:00;370;0;16,00
2021-11-24 23:25:05;360;0;16,00
2021-11-24 23:25:10;370;0;16,00
2021-11-24 23:25:15;370;0;16,00
2021-11-24 23:25:20;370;0;16,00
2021-11-24 23:25:25;370;0;16,00
2021-11-24 23:25:30;370;0;16,00
2021-11-24 23:25:35;370;0;16,00
2021-11-24 23:25:40;360;0;16,00
2021-11-24 23:25:45;370;0;16,00
2021-11-24 23:25:50;370;0;16,00
2021-11-24 23:25:55;370;0;16,00
2021-11-24 23:26:00;370;0;16,00
2021-11-24 23:26:05;370;0;16,00
2021-11-24 23:26:10;370;0;16,00
2021-11-24 23:26:15;370;0;16,00
2021-11-24 23:26:20;370;0;16,00
2021-11-24 23:26:25;370;0;16,00
2021-11-24 23:26:30;370;0;16,00
2021-11-24 23:26:35;370;0;16,00
2021-11-24 23:26:40;370;0;16,00
2021-11-24 23:26:45;370;0;16,00
2021-11-24 23:26:50;370;0;16,00
2021-11-24 23:26:55;370;0;16,00
2021-11-24 23:27:00;370;0;16,00
2021-11-24 23:27:05;370;0;16,00
2021-11-24 23:27:10;370;0;16,00
2021-11-24 23:27:15;370;0;16,00
2021-11-24 23:27:20;370;0;16,00
2021-11-24 23:27:25;370;0;16,00
2021-11-24 23:27:30;370;0;16,00
2021-11-24 23:27:35;370;0;16,00
2021-11-24 23:27:40;370;0;16,00
2021-11-24 23:27:45;370;0;16,00
2021-11-24 23:27:50;370;0;16,00
2021-11-24 23:27:55;370;0;16,00
2021-11-24 23:28:00;370;0;16,00
2021-11-24 23:28:05;370;0;16,00
2021-11-24 23:28:10;380;0;16,00
2021-11-24 23:28:15;370;0;16,00
2021-11-24 23:28:20;370;0;16,00
2021-11-24 23:28:25;370;0;16,00
2021-11-24 23:28:30;370;0;16,00
2021-11-24 23:28:35;370;0;16,00
2021-11-24 23:28:40;370;0;16,00
2021-11-24 23:28:45;370;0;16,00
2021-11-24 23:28:50;370;0;16,00
2021-11-24 23:28:55;370;0;16,00
2021-11-24 23:29:00;370;0;16,00
2021-11-24 23:29:05;370;0;16,00
2021-11-24 23:29:10;370;0;16,00
2021-11-24 23:29:15;370;0;16,00
2021-11-24 23:29:20;370;0;16,00
2021-11-24 23:29:25;370;0;16,00
2021-11-24 23:29:30;370;0;16,00
2021-11-24 23:29:35;370;0;16,00
2021-11-24 23:29:40;370;0;16,00
2021-11-24 23:29:45;370;0;16,00
2021-11-24 23:29:50;370;0;16,00
2021-11-24 23:29:55;370;0;16,00
2021-11-24 23:30:00;370;0;16,00
2021-11-24 23:30:05;370;0;16,00
2021-11-24 23:30:10;370;0;16,00
2021-11-24 23:30:15;380;0;16,00
2021-11-24 23:30:20;370;0;16,00
2021-11-24 23:30:25;370;0;16,00
2021-11-24 23:30:30;370;0;16,00
2021-11-24 23:30:35;380;0;16,00
2021-11-24 23:30:40;370;0;16,00
2021-11-24 23:30:45;370;0;16,00
2021-11-24 23:30:50;370;0;16,00
2021-11-24 23:30:55;370;0;16,00
2021-11-24 23:31:00;370;0;16,00
2021-11-24 23:31:05;370;0;16,00
2021-11-24 23:31:10;370;0;16,00
2021-11-24 23:31:15;370;0;16,00
2021-11-24 23:31:20;370;0;16,00
2021-11-24 23:31:25;370;0;16,00
2021-11-24 23:31:30;370;0;16,00
2021-11-24 23:31:35;370;0;16,00
2021-11-24 23:31:40;370;0;16,00
2021-11-24 23:31:45;370;0;16,00
2021-11-24 23:31:50;370;0;16,00
2021-11-24 23:31:55;370;0;16,00
2021-11-24 23:32:00;370;0;16,00
2021-11-24 23:32:05;370;0;16,00
2021-11-24 23:32:10;380;0;16,00
2021-11-24 23:32:15;370;0;16,00
2021-11-24 23:32:20;370;0;16,00
2021-11-24 23:32:25;370;0;16,00
2021-11-24 23:32:30;370;0;16,00
2021-11-24 23:32:35;370;0;16,00
2021-11-24 23:32:40;370;0;16,00
2021-11-24 23:32:45;370;0;16,00
2021-11-24 23:32:50;370;0;16,00
2021-11-24 23:32:55;370;0;16,00
2021-11-24 23:33:00;710;0;16,00
2021-11-24 23:33:05;790;0;16,00
2021-11-24 23:33:10;790;0;16,00
2021-11-24 23:33:15;790;0;16,00
2021-11-24 23:33:20;790;0;16,00
2021-11-24 23:33:25;780;0;16,00
2021-11-24 23:33:30;370;0;16,00
2021-11-24 23:33:35;370;0;16,00
2021-11-24 23:33:40;370;0;16,00
2021-11-24 23:33:45;370;0;16,00
2021-11-24 23:33:50;370;0;16,00
2021-11-24 23:33:55;370;0;16,00
2021-11-24 23:34:00;370;0;16,00
2021-11-24 23:34:05;370;0;16,00
2021-11-24 23:34:10;370;0;16,00
2021-11-24 23:34:15;370;0;16,00
2021-11-24 23:34:20;370;0;16,00
2021-11-24 23:34:25;370;0;16,00
2021-11-24 23:34:30;370;0;16,00
2021-11-24 23:34:35;370;0;16,00
2021-11-24 23:34:40;370;0;16,00
2021-11-24 23:34:45;370;0;16,00
2021-11-24 23:34:50;370;0;16,00
2021-11-24 23:34:55;370;0;16,00
2021-11-24 23:35:00;370;0;16,00
2021-11-24 23:35:05;370;0;16,00
2021-11-24 23:35:10;370;0;16,00
2021-11-24 23:35:15;370;0;16,00
2021-11-24 23:35:20;370;0;16,00
2021-11-24 23:35:25;370;0;16,00
2021-11-24 23:35:30;370;0;16,00
2021-11-24 23:35:35;370;0;16,00
2021-11-24 23:35:40;370;0;16,00
2021-11-24 23:35:45;370;0;16,00
2021-11-24 23:35:50;370;0;16,00
2021-11-24 23:35:55;370;0;16,00
2021-11-24 23:36:00;370;0;16,00
2021-11-24 23:36:05;370;0;16,00
2021-11-24 23:36:10;370;0;16,00
2021-11-24 23:36:15;370;0;16,00
2021-11-24 23:36:20;370;0;16,00
2021-11-24 23:36:25;370;0;16,00
2021-11-24 23:36:30;370;0;16,00
2021-11-24 23:36:35;370;0;16,00
2021-11-24 23:36:40;370;0;16,00
2021-11-24 23:36:45;370;0;16,00
2021-11-24 23:36:50;370;0;16,00
2021-11-24 23:36:55;370;0;16,00
2021-11-24 23:37:00;370;0;16,00
2021-11-24 23:37:05;370;0;16,00
2021-11-24 23:37:10;370;0;16,00
2021-11-24 23:37:15;370;0;16,00
2021-11-24 23:37:20;370;0;16,00
2021-11-24 23:37:25;370;0;16,00
2021-11-24 23:37:30;370;0;16,00
2021-11-24 23:37:35;370;0;16,00
2021-11-24 23:37:40;370;0;16,00
2021-11-24 23:37:45;370;0;16,00
2021-11-24 23:37:50;370;0;16,00
2021-11-24 23:37:55;370;0;16,00
2021-11-24 23:38:00;370;0;16,00
2021-11-24 23:38:05;370;0;16,00
2021-11-24 23:38:10;370;0;16,00
2021-11-24 23:38:15;370;0;16,00
2021-11-24 23:38:20;370;0;16,00
2021-11-24 23:38:25;370;0;16,00
2021-11-24 23:38:30;380;0;16,00
2021-11-24 23:38:35;370;0;16,00
2021-11-24 23:38:40;380;0;16,00
2021-11-24 23:38:45;370;0;16,00
2021-11-24 23:38:50;370;0;16,00
2021-11-24 23:38:55;370;0;16,00
2021-11-24 23:39:00;370;0;16,00
2021-11-24 23:39:05;370;0;16,00
2021-11-24 23:39:10;370;0;16,00
2021-11-24 23:39:15;370;0;16,00
2021-11-24 23:39:20;370;0;16,00
2021-11-24 23:39:25;370;0;16,00
2021-11-24 23:39:30;370;0;16,00
2021-11-24 23:39:35;370;0;16,00
2021-11-24 23:39:40;370;0;16,00
2021-11-24 23:39:45;370;0;16,00
2021-11-24 23:39:50;370;0;16,00
2021-11-24 23:39:55;370;0;16,00
2021-11-24 23:40:00;370;0;16,00
2021-11-24 23:40:05;370;0;16,00
2021-11-24 23:40:10;370;0;16,00
2021-11-24 23:40:15;370;0;16,00
2021-11-24 23:40:20;370;0;16,00
2021-11-24 23:40:25;370;0;16,00
2021-11-24 23:40:30;380;0;16,00
2021-11-24 23:40:35;380;0;16,00
2021-11-24 23:40:40;370;0;16,00
2021-11-24 23:40:45;370;0;16,00
2021-11-24 23:40:50;370;0;16,00
2021-11-24 23:40:55;380;0;16,00
2021-11-24 23:41:00;370;0;16,00
2021-11-24 23:41:05;370;0;16,00
2021-11-24 23:41:10;370;0;16,00
2021-11-24 23:41:15;380;0;16,00
2021-11-24 23:41:20;370;0;16,00
2021-11-24 23:41:25;380;0;16,00
2021-11-24 23:41:30;380;0;16,00
2021-11-24 23:41:35;380;0;16,00
2021-11-24 23:41:40;380;0;16,00
2021-11-24 23:41:45;380;0;16,00
2021-11-24 23:41:50;380;0;16,00
2021-11-24 23:41:55;380;0;16,00
2021-11-24 23:42:00;380;0;16,00
2021-11-24 23:42:05;380;0;16,00
2021-11-24 23:42:10;380;0;16,00
2021-11-24 23:42:15;380;0;16,00
2021-11-24 23:42:20;370;0;16,00
2021-11-24 23:42:25;370;0;16,00
2021-11-24 23:42:30;370;0;16,00
2021-11-24 23:42:35;380;0;16,00
2021-11-24 23:42:40;380;0;16,00
2021-11-24 23:42:45;380;0;16,00
2021-11-24 23:42:50;380;0;16,00
2021-11-24 23:42:55;380;0;16,00
2021-11-24 23:43:00;370;0;16,00
2021-11-24 23:43:05;380;0;16,00
2021-11-24 23:43:10;380;0;16,00
2021-11-24 23:43:15;380;0;16,00
2021-11-24 23:43:20;380;0;16,00
2021-11-24 23:43:25;380;0;16,00
2021-11-24 23:43:30;370;0;16,00
2021-11-24 23:43:35;380;0;16,00
2021-11-24 23:43:40;370;0;16,00
2021-11-24 23:43:45;730;0;16,00
2021-11-24 23:43:50;790;0;16,00
2021-11-24 23:43:55;860;0;16,00
2021-11-24 23:44:00;860;0;16,00
2021-11-24 23:44:05;870;0;16,00
2021-11-24 23:44:10;870;0;16,00
2021-11-24 23:44:15;420;0;16,00
2021-11-24 23:44:20;420;0;16,00
2021-11-24 23:44:25;410;0;16,00
2021-11-24 23:44:30;410;0;16,00
2021-11-24 23:44:35;410;0;16,00
2021-11-24 23:44:40;410;0;16,00
2021-11-24 23:44:45;410;0;16,00
2021-11-24 23:44:50;410;0;16,00
2021-11-24 23:44:55;410;0;16,00
2021-11-24 23:45:00;400;0;16,00
2021-11-24 23:45:05;410;0;16,00
2021-11-24 23:45:10;410;0;16,00
2021-11-24 23:45:15;410;0;16,00
2021-11-24 23:45:20;400;0;16,00
2021-11-24 23:45:25;410;0;16,00
2021-11-24 23:45:30;410;0;16,00
2021-11-24 23:45:35;400;0;16,00
2021-11-24 23:45:40;410;0;16,00
2021-11-24 23:45:45;410;0;16,00
2021-11-24 23:45:50;410;0;16,00
2021-11-24 23:45:55;410;0;16,00
2021-11-24 23:46:00;410;0;16,00
2021-11-24 23:46:05;410;0;16,00
2021-11-24 23:46:10;410;0;16,00
2021-11-24 23:46:15;410;0;16,00
2021-11-24 23:46:20;410;0;16,00
2021-11-24 23:46:25;410;0;16,00
2021-11-24 23:46:30;410;0;16,00
2021-11-24 23:46:35;410;0;16,00
2021-11-24 23:46:40;410;0;16,00
2021-11-24 23:46:45;410;0;16,00
2021-11-24 23:46:50;410;0;16,00
2021-11-24 23:46:55;410;0;16,00
2021-11-24 23:47:00;410;0;16,00
2021-11-24 23:47:05;410;0;16,00
2021-11-24 23:47:10;410;0;16,00
2021-11-24 23:47:15;410;0;16,00
2021-11-24 23:47:20;410;0;16,00
2021-11-24 23:47:25;410;0;16,00
2021-11-24 23:47:30;410;0;16,00
2021-11-24 23:47:35;410;0;16,00
2021-11-24 23:47:40;410;0;16,00
2021-11-24 23:47:45;410;0;16,00
2021-11-24 23:47:50;410;0;16,00
2021-11-24 23:47:55;410;0;16,00
2021-11-24 23:48:00;410;0;16,00
2021-11-24 23:48:05;410;0;16,00
2021-11-24 23:48:10;410;0;16,00
2021-11-24 23:48:15;410;0;16,00
2021-11-24 23:48:20;410;0;16,00
2021-11-24 23:48:25;410;0;16,00
2021-11-24 23:48:30;410;0;16,00
2021-11-24 23:48:35;410;0;16,00
2021-11-24 23:48:40;420;0;16,00
2021-11-24 23:48:45;410;0;16,00
2021-11-24 23:48:50;410;0;16,00
2021-11-24 23:48:55;410;0;16,00
2021-11-24 23:49:00;410;0;16,00
2021-11-24 23:49:05;410;0;16,00
2021-11-24 23:49:10;410;0;16,00
2021-11-24 23:49:15;410;0;16,00
2021-11-24 23:49:20;410;0;16,00
2021-11-24 23:49:25;410;0;16,00
2021-11-24 23:49:30;410;0;16,00
2021-11-24 23:49:35;410;0;16,00
2021-11-24 23:49:40;410;0;16,00
2021-11-24 23:49:45;410;0;16,00
2021-11-24 23:49:50;410;0;16,00
2021-11-24 23:49:55;410;0;16,00
2021-11-24 23:50:00;410;0;16,00
2021-11-24 23:50:05;410;0;16,00
2021-11-24 23:50:10;410;0;16,00
2021-11-24 23:50:15;410;0;16,00
2021-11-24 23:50:20;410;0;16,00
2021-11-24 23:50:25;410;0;16,00
2021-11-24 23:50:30;410;0;16,00
2021-11-24 23:50:35;410;0;16,00
2021-11-24 23:50:40;410;0;16,00
2021-11-24 23:50:45;410;0;16,00
2021-11-24 23:50:50;410;0;16,00
2021-11-24 23:50:55;410;0;16,00
2021-11-24 23:51:00;420;0;16,00
2021-11-24 23:51:05;410;0;16,00
2021-11-24 23:51:10;410;0;16,00
2021-11-24 23:51:15;410;0;16,00
2021-11-24 23:51:20;410;0;16,00
2021-11-24 23:51:25;410;0;16,00
2021-11-24 23:51:30;410;0;16,00
2021-11-24 23:51:35;410;0;16,00
2021-11-24 23:51:40;410;0;16,00
2021-11-24 23:51:45;410;0;16,00
2021-11-24 23:51:50;410;0;16,00
2021-11-24 23:51:55;410;0;16,00
2021-11-24 23:52:00;410;0;16,00
2021-11-24 23:52:05;420;0;16,00
2021-11-24 23:52:10;410;0;16,00
2021-11-24 23:52:15;410;0;16,00
2021-11-24 23:52:20;410;0;16,00
2021-11-24 23:52:25;410;0;16,00
2021-11-24 23:52:30;410;0;16,00
2021-11-24 23:52:35;410;0;16,00
2021-11-24 23:52:40;410;0;16,00
2021-11-24 23:52:45;410;0;16,00
2021-11-24 23:52:50;410;0;16,00
2021-11-24 23:52:55;410;0;16,00
2021-11-24 23:53:00;410;0;16,00
2021-11-24 23:53:05;410;0;16,00
2021-11-24 23:53:10;410;0;16,00
2021-11-24 23:53:15;410;0;16,00
2021-11-24 23:53:20;410;0;16,00
2021-11-24 23:53:25;410;0;16,00
2021-11-24 23:53:30;410;0;16,00
2021-11-24 23:53:35;410;0;16,00
2021-11-24 23:53:40;410;0;16,00
2021-11-24 23:53:45;410;0;16,00
2021-11-24 23:53:50;410;0;16,00
2021-11-24 23:53:55;410;0;16,00
2021-11-24 23:54:00;410;0;16,00
2021-11-24 23:54:05;410;0;16,00
2021-11-24 23:54:10;410;0;16,00
2021-11-24 23:54:15;410;0;16,00
2021-11-24 23:54:20;410;0;16,00
2021-11-24 23:54:25;930;0;16,00
2021-11-24 23:54:30;840;0;16,00
2021-11-24 23:54:35;870;0;16,00
2021-11-24 23:54:40;870;0;16,00
2021-11-24 23:54:45;870;0;16,00
2021-11-24 23:54:50;860;0;16,00
2021-11-24 23:54:55;840;0;16,00
2021-11-24 23:55:00;410;0;16,00
2021-11-24 23:55:05;420;0;16,00
2021-11-24 23:55:10;420;0;16,00
2021-11-24 23:55:15;410;0;16,00
2021-11-24 23:55:20;420;0;16,00
2021-11-24 23:55:25;420;0;16,00
2021-11-24 23:55:30;420;0;16,00
2021-11-24 23:55:35;420;0;16,00
2021-11-24 23:55:40;410;0;16,00
2021-11-24 23:55:45;410;0;16,00
2021-11-24 23:55:50;420;0;16,00
2021-11-24 23:55:55;410;0;16,00
2021-11-24 23:56:00;410;0;16,00
2021-11-24 23:56:05;420;0;16,00
2021-11-24 23:56:10;420;0;16,00
2021-11-24 23:56:15;410;0;16,00
2021-11-24 23:56:20;410;0;16,00
2021-11-24 23:56:25;410;0;16,00
2021-11-24 23:56:30;410;0;16,00
2021-11-24 23:56:35;410;0;16,00
2021-11-24 23:56:40;410;0;16,00
2021-11-24 23:56:45;410;0;16,00
2021-11-24 23:56:50;410;0;16,00
2021-11-24 23:56:55;410;0;16,00
2021-11-24 23:57:00;410;0;16,00
2021-11-24 23:57:05;410;0;16,00
2021-11-24 23:57:10;410;0;16,00
2021-11-24 23:57:15;410;0;16,00
2021-11-24 23:57:20;410;0;16,00
2021-11-24 23:57:25;410;0;16,00
2021-11-24 23:57:30;410;0;16,00
2021-11-24 23:57:35;410;0;16,00
2021-11-24 23:57:40;410;0;16,00
2021-11-24 23:57:45;410;0;16,00
2021-11-24 23:57:50;410;0;16,00
2021-11-24 23:57:55;410;0;16,00
2021-11-24 23:58:00;420;0;16,00
2021-11-24 23:58:05;410;0;16,00
2021-11-24 23:58:10;410;0;16,00
2021-11-24 23:58:15;410;0;16,00
2021-11-24 23:58:20;410;0;16,00
2021-11-24 23:58:25;410;0;16,00
2021-11-24 23:58:30;410;0;16,00
2021-11-24 23:58:35;410;0;16,00
2021-11-24 23:58:40;410;0;16,00
2021-11-24 23:58:45;410;0;16,00
2021-11-24 23:58:50;410;0;16,00
2021-11-24 23:58:55;410;0;16,00
2021-11-24 23:59:00;410;0;16,00
2021-11-24 23:59:05;410;0;16,00
2021-11-24 23:59:10;410;0;16,00
2021-11-24 23:59:15;410;0;16,00
2021-11-24 23:59:20;410;0;16,00
2021-11-24 23:59:25;410;0;16,00
2021-11-24 23:59:30;410;0;16,00
2021-11-24 23:59:35;410;0;16,00
2021-11-24 23:59:40;410;0;16,00
2021-11-24 23:59:45;410;0;16,00
2021-11-24 23:59:50;410;0;16,00
2021-11-24 23:59:55;410;0;16,00
